jd_tdb,x_km,y_km,z_km,vx_km_s,vy_km_s,vz_km_s
2443392.5,145155914.8454779,-39328121.15686774,-17033438.90150282,11.58587716438512,34.70008394673155,15.84013204270139
2443402.5,153020912.3207039,-8996300.19689667,-3208383.662880324,6.650371151341856,35.40844155728033,16.12294938065592
2443412.5,156692133.9411547,21573693.82218662,10699458.35763205,1.910759992783122,35.20363723353899,16.00255988641942
2443422.5,156475118.4640973,51607505.17303219,24341324.78525514,-2.306142879169859,34.209533513614,15.52669312384013
2443432.5,152908220.0151055,80538844.27159964,37463093.10494882,-5.830164080506337,32.69735991417114,14.81948217906687
2443442.5,146604793.955918,108032025.6593075,49915805.73048156,-8.648091604546483,30.91708668512286,13.99454593292186
2443452.5,138145880.0957151,133939720.7691602,61635878.69080472,-10.83655428400073,29.05165443086173,13.13454484102493
2443462.5,128029176.7396028,158242197.1570396,72617210.04936807,-12.50424444428474,27.21543456173818,12.29080811766298
2443472.5,116657413.0220211,180994675.9085312,82887200.15448101,-13.75865884226853,25.47075829328623,11.49103224428824
2443482.5,104346432.0740196,202290408.4253237,92490025.40763427,-14.69225121188917,23.84606322134216,10.74760364832645
2443492.5,91340037.01791601,222237757.4874348,101476312.4339487,-15.37933406793298,22.34978502197443,10.06392695705132
2443502.5,77825184.69594455,240947167.5793975,109897306.5581843,-15.87762319811429,20.97948531435754,9.438562551052962
2443512.5,63945077.60953803,258524363.2744329,117801857.3542509,-16.23120772491217,19.72736437064914,8.867713685134518
2443522.5,49809618.89032292,275067208.4345043,125235051.9977988,-16.47354884825142,18.58340761640315,8.346638590293018
2443532.5,35503456.54551747,290664609.1861517,132237763.1749669,-16.63002491448347,17.53709534623985,7.870412500729572
2443542.5,21092063.08959249,305396499.90601,138846677.6621982,-16.71993665651494,16.57827762764652,7.434313555885389
2443552.5,6626296.860837692,319334362.3662722,145094558.369489,-16.75803136258589,15.69757954146549,7.03399812313255
2443562.5,-7854179.970435341,332541972.847862,151010603.3681144,-16.75564147898879,14.88655011082821,6.66556190438334
2443572.5,-22318334.02434326,345076213.3496793,156620829.1434256,-16.72152909715942,14.13767669412916,6.325541618973413
2443582.5,-36741823.61768783,356987863.0242583,161948441.2419247,-16.66251146272668,13.44433311765519,6.010887845158778
2443592.5,-51105528.88650344,368322330.4553891,167014175.3575667,-16.58392529252785,12.80069911157673,5.718925751683172
2443602.5,-65394429.374466,379120311.5940096,171836602.6467708,-16.48997288316775,12.20167113835322,5.447312595626349
2443612.5,-79596741.28305167,389418370.8665189,176432398.6471573,-16.38398153617754,11.64277489483061,5.19399648140281
2443622.5,-93703249.9262131,399249449.314281,180816577.9245901,-16.26859921939302,11.12008441750741,4.957178483637949
2443632.5,-107706789.8469034,408643306.4417015,185002697.7514217,-16.14594306799618,10.63014967049964,4.735278891113044
2443642.5,-121601837.3663652,417626903.3149643,189003034.4440147,-16.01771286271465,10.16993294359755,4.526907655098685
2443652.5,-135384189.3340796,426224734.3884179,192828735.9078728,-15.8852783456692,9.736753664888461,4.330838811960985
2443662.5,-149050708.4191389,434459115.0245616,196489953.6685013,-15.74974685417064,9.328240885476745,4.14598850388794
2443672.5,-162599120.0982162,442350430.9611931,199995957.3130074,-15.61201603547588,8.942292565446394,3.971396172307122
2443682.5,-176027850.0530672,449917355.2199889,203355233.8999084,-15.47281517827175,8.57704077183523,3.806208498182282
2443692.5,-189335893.3391427,457177037.2016679,206575574.5386723,-15.33273780608269,8.23082196882206,3.649665701262408
2443702.5,-202522708.6803138,464145268.042155,209664150.0248758,-15.19226753853006,7.90215166554062,3.50108985491972
2443712.5,-215588132.7640789,470836625.7299492,212627577.1475219,-15.05179874442085,7.589702829425922,3.359874936191055
2443722.5,-228532310.5514722,477264603.012,215471977.0607218,-14.91165312637962,7.292287550267692,3.225478368552809
2443732.5,-241355638.4861997,483441720.703423,218203026.9191814,-14.77209312584015,7.008841527304127,3.09741385674467
2443742.5,-254058718.1664988,489379628.6929631,220826005.8234904,-14.6333328383079,6.738411051678263,2.975245357087271
2443752.5,-266642318.5712719,495089196.6888465,223345836.0025503,-14.49554697907035,6.480142245253527,2.858582067221168
2443762.5,-279107345.3491384,500580596.5850843,225767120.0788061,-14.35887833395682,6.233272403974134,2.74707435748849
2443772.5,-291454816.0225802,505863378.2426816,228094175.2134336,-14.22344405336066,5.997123419762252,2.640410619150569
2443782.5,-303685840.2403095,510946540.5126008,230331064.9319237,-14.08934109291932,5.771097372534223,2.538315056121092
2443792.5,-315801604.4664688,515838599.4839641,232481629.4847953,-13.95665109275707,5.554674584866027,2.440546529282336
2443802.5,-327803360.7520394,520547656.3163433,234549515.7428821,-13.82544500053228,5.347414737059371,2.346898687543409
2443812.5,-339692419.5137458,525081467.720145,236538207.9066807,-13.69578779239946,5.148962113955061,2.257201813905797
2443822.5,-351470146.6049774,529447523.3943598,238451060.8086174,-13.56774378847656,4.959056876319671,2.171327148446616
2443832.5,-363137965.5007424,533653136.947622,240291338.4820668,-13.44138333729126,4.777555747408837,2.08919505947992
2443842.5,-374697366.2998658,537705560.855803,242062262.30207,-13.31679221111771,4.604468358625528,2.010789592765581
2443852.5,-386149924.8570568,541612143.5856547,243767076.0735327,-13.19408622843462,4.440021252295618,1.936184266035771
2443862.5,-397497338.4992298,545380562.0362979,245409141.5415618,-13.0734362282338,4.284773946299993,1.865589019656859
2443872.5,-408741491.489296,549019194.192671,246992090.6938232,-12.95511471924205,4.139840345289288,1.799439977832131
2443882.5,-419884579.0607698,552537769.7137191,248520090.837625,-12.83959186001289,4.007342830646192,1.738583816195918
2443892.5,-430929359.8259411,555948621.8000313,249998353.9870822,-12.72775721776034,3.891440866162251,1.684695937910873
2443902.5,-441879730.8690419,559269407.9376644,251434243.9088018,-12.62151724602368,3.801008054433252,1.64137042576521
2443912.5,-452742287.9266018,562530112.8923463,252840128.6838691,-12.52581169629519,3.758192100880408,1.61761239067929
2443922.5,-463532008.9521123,565796661.1312532,254243023.4509103,-12.45858678378038,3.837068864008604,1.64366481074277
2443932.5,-474312426.594184,569311806.961186,255742525.6681128,-12.57536031506641,4.550255281794254,1.930909757614881
2443942.5,-490895733.4218291,568466678.4682174,255910510.2078084,-22.57217873582747,-10.59767640930976,-3.361990487543871
2443952.5,-509676974.7090507,559390001.5100658,252989654.2668128,-21.29216667097898,-10.47871490522641,-3.39937897803885
2443962.5,-527894296.1304429,550316969.963211,250033247.1043201,-20.91833380124946,-10.53315124659707,-3.445180894928096
2443972.5,-545861608.8223096,541179997.407764,247035471.1996527,-20.68467047588197,-10.61986937066455,-3.494336521174703
2443982.5,-563700035.4912103,531953625.7056442,243991066.9935482,-20.56257779747575,-10.72842937043605,-3.548904529843034
2443992.5,-581394276.1891588,522641711.0662059,240903586.3998939,-20.39885558989415,-10.82701986902195,-3.597891090564663
2444002.5,-598952559.5999748,513244693.1704171,237774222.0517957,-20.24675992844644,-10.92510738020794,-3.645805213379799
2444012.5,-616382632.4623328,503763681.2155423,234604012.1004184,-20.10152341390725,-11.02128561891363,-3.69241324707074
2444022.5,-633689248.9702513,494200680.0013723,231394145.1771147,-19.96068568056585,-11.11480619220115,-3.737588292373188
2444032.5,-650875568.230583,484558184.1798996,228145892.8181783,-19.8228903426776,-11.20524899482586,-3.781259936018424
2444042.5,-667943853.1533847,474838965.8875341,224860571.9028886,-19.68736125319017,-11.29237533484226,-3.823390966194932
2444052.5,-684895849.8342931,465045952.8481649,221539521.6587191,-19.5536486488878,-11.37605515314745,-3.863965423072162
2444062.5,-701733006.0765238,455182153.0928068,218184088.4453879,-19.4214956189226,-11.45622777964463,-3.90298191458569
2444072.5,-718456602.7106978,445250605.6540853,214795615.0476017,-19.29076320027961,-11.53287922362033,-3.940449579115226
2444082.5,-735067834.7932433,435254346.7285132,211375432.7812079,-19.16138613546278,-11.60602820080454,-3.976385471552696
2444092.5,-751567862.6097329,425196385.6032739,207924855.4759245,-19.03334563307747,-11.67571705569052,-4.010812761460771
2444102.5,-767957843.7858294,415079687.0748221,204445174.786532,-18.90665202406393,-11.74200557750493,-4.043759422307489
2444112.5,-784238953.215244,404907158.3827878,200937656.4932466,-18.781333426669,-11.80496658349427,-4.075257227376698
2444122.5,-800412394.9468052,394681639.4236529,197403537.5742411,-18.65742818705302,-11.86468267398205,-4.105340955573685
2444132.5,-816479408.673732,384405895.4187948,193844023.899415,-18.53497977342485,-11.92124374464379,-4.134047738701502
2444142.5,-832441272.5621372,374082611.4838316,190260288.4413086,-18.41403330130303,-11.97474504151025,-4.161416512062664
2444152.5,-848299303.587277,363714388.7027525,186653469.924293,-18.29463317011767,-12.02528560315308,-4.187487546319006
2444162.5,-864054856.1821842,353303741.4177036,183024671.849484,-18.17682147475217,-12.07296699065397,-4.212302043517257
2444172.5,-879709319.7629275,342853095.5164667,179374961.8444281,-18.06063696206848,-12.11789223960781,-4.235901788404908
2444182.5,-895264115.5307882,332364787.5458868,175705371.2926595,-17.94611437963056,-12.16016499015048,-4.258328848035852
2444192.5,-910720692.8390372,321841064.5123048,172016895.2042798,-17.83328410391832,-12.19988876199667,-4.27962531328715
2444202.5,-926080525.332201,311284084.2536461,168310492.2934607,-17.72217197405872,-12.23716635222274,-4.299833077529248
2444212.5,-941345107.0088363,300695916.2868052,164587085.2329506,-17.61279927375419,-12.27209933529369,-4.318993647678584
2444222.5,-956515948.3175321,290078543.0472205,160847561.0590467,-17.50518281989097,-12.30478765199233,-4.337147984017331
2444232.5,-971594572.3643099,279433861.4508404,157092771.7040386,-17.39933512786745,-12.33532927324019,-4.354336365045181
2444242.5,-986582511.2868973,268763684.7172623,153323534.6352733,-17.29526462901671,-12.36381992972017,-4.370598275333251
2444252.5,-1001481302.83486,258069744.401141,149540633.5822017,-17.19297592715354,-12.39035289847573,-4.385972313448054
2444262.5,-1016292487.182068,247353692.5866184,145744819.335137,-17.09247007875612,-12.41501883846423,-4.400496117893499
2444272.5,-1031017603.989067,236617104.2045455,141936810.6008894,-16.99374488939229,-12.43790566891958,-4.414206308952176
2444282.5,-1045658189.725386,225861479.4386981,138117294.902489,-16.8967952180146,-12.45909848623238,-4.427138445172878
2444292.5,-1060215775.257444,215088246.1887688,134286929.5108265,-16.80161328757793,-12.47867951113726,-4.439326991507232
2444302.5,-1074691883.706149,204298762.5663692,130446342.3989068,-16.70818899783081,-12.49672806838765,-4.450805299864623
2444312.5,-1089088028.57557,193494319.3973162,126596133.2085831,-16.61651024115847,-12.51332059007163,-4.461605598755324
2444322.5,-1103405712.156061,182676142.7105603,122736874.2223038,-16.52656322086333,-12.52853064347324,-4.471758992182077
2444332.5,-1117646424.205303,171845396.1934571,118869111.3321695,-16.43833277786883,-12.54242898032232,-4.481295466693567
2444342.5,-1131811640.916431,161003183.595089,114993364.9993803,-16.35180272987987,-12.55508360862807,-4.490243906822959
2444352.5,-1145902824.18741,150150551.0591056,111110131.1971185,-16.2669562311532,-12.5665598834344,-4.498632117689629
2444362.5,-1159921421.215394,139288489.368319,107219882.3305632,-16.18377616700641,-12.57692062025838,-4.506486855383854
2444372.5,-1173868864.452336,128417936.0811968,103323068.127222,-16.1022455993615,-12.58622623387665,-4.513833865645656
2444382.5,-1187746571.977249,117539777.5364715,99420116.49040017,-16.02234829154251,-12.59453490364732,-4.520697930090591
2444392.5,-1201555948.36912,106654850.6993328,95511434.30852748,-15.94406934976226,-12.60190277897345,-4.527102923090196
2444402.5,-1215298386.205648,95763944.80939794,91597408.2102417,-15.86739604246397,-12.60838423413758,-4.53307188070158
2444412.5,-1228975268.377859,84867802.77851719,87678405.25288227,-15.79231888883159,-12.61403219743892,-4.538627086887773
2444422.5,-1242587971.51148,73967122.26053227,83754773.526489,-15.71883316282291,-12.61889858969849,-4.543790184812367
2444432.5,-1256137870.949919,63062556.27334719,79826842.64594701,-15.64694105532539,-12.62303493431002,-4.548582327061142
2444442.5,-1269626348.027795,52154713.18589586,75894924.08924414,-15.57665490269691,-12.62649324026967,-4.553024386768896
2444452.5,-1283054800.838856,41244155.76082537,71959311.31285717,-15.50800220433351,-12.62932734476173,-4.557137271005252
2444462.5,-1296424660.557908,30331398.72537331,68020279.52770284,-15.44103376327544,-12.63159505534779,-4.560942410081166
2444472.5,-1309737417.008878,19416903.92444613,64078084.928577,-15.37583754281205,-12.63336175681652,-4.564462565826112
2444482.5,-1322994660.44986,8501071.26697347,60132962.98996083,-15.31256362479166,-12.63470687136378,-4.567723254096412
2444492.5,-1336198153.651601,-2415778.157083958,56185125.05479982,-15.25147233265215,-12.63573628668308,-4.570755432399463
2444502.5,-1349349965.138096,-13333434.75959412,52234751.54406863,-15.19303531875874,-12.63660848570841,-4.573601037332368
2444512.5,-1362452738.949607,-24251868.48592105,48281977.7790461,-15.13817309494319,-12.63759614978876,-4.576325710556433
2444522.5,-1375510313.597448,-35171387.71151859,44326861.39735009,-15.08890669984134,-12.63925621143308,-4.579052696567115
2444532.5,-1388529430.812132,-46093084.16168321,40369294.53328025,-15.05061307745397,-12.6430245061151,-4.582074797314696
2444542.5,-1401526180.249461,-57020540.80026656,36408693.10101658,-15.04371552795523,-12.65436023954147,-4.586381704472094
2444552.5,-1414577153.221634,-67974070.05501728,32442097.49025167,-15.27971951700184,-12.73372461401568,-4.598521638788256
2444562.5,-1423808631.144554,-83368410.39670074,33478919.43916247,-6.44881905556865,-20.28134243694286,4.59822831304065
2444572.5,-1429311275.163582,-100814693.4618707,37397061.48390938,-6.313703864414547,-20.14432249141111,4.500774525591653
2444582.5,-1434733029.45144,-118201472.8573792,41273398.43816615,-6.239695256798035,-20.10781641164371,4.475872843674527
2444592.5,-1440096396.530061,-135565605.6938148,45134797.28051681,-6.176492764084251,-20.08838423732848,4.463652871613961
2444602.5,-1445407178.922293,-152915778.3822122,48987823.06829821,-6.117465746273352,-20.07462444334119,4.45585327282155
2444612.5,-1450682832.354527,-170204513.6933258,52885950.98308177,-6.06360871757076,-20.05295916736701,4.460425637806475
2444622.5,-1455897812.470349,-187525759.1404071,56737657.836297,-6.008348717296071,-20.04263610250783,4.455690972863805
2444632.5,-1461065599.912543,-204838318.2213743,60585556.89425154,-5.954300296863848,-20.03277580608999,4.451558952235604
2444642.5,-1466187127.727798,-222142433.5987587,64430054.76553048,-5.901242278446168,-20.02305151155139,4.447787980382925
2444652.5,-1471263194.097281,-239438137.0773388,68271398.34468563,-5.849054265762586,-20.01328207194452,4.444239586630085
2444662.5,-1476294534.597272,-256725342.8627871,72109738.39927149,-5.797699533669036,-20.00336714123075,4.440823965219622
2444672.5,-1481281841.606323,-274003895.1965353,75945165.44254541,-5.747119191855077,-19.99324293588267,4.437489139659474
2444682.5,-1486225771.69096,-291273594.5568085,79777731.33640233,-5.697286401789182,-19.98286965060818,4.434196027542819
2444692.5,-1491126961.865336,-308534216.9338964,83607461.54312965,-5.648181152376147,-19.97222887052254,4.430921690807529
2444702.5,-1495986034.099173,-325785525.0747061,87434364.32603388,-5.599788974062512,-19.96130775478849,4.427648744235106
2444712.5,-1500803598.898548,-343027275.1357353,91258435.65871544,-5.552097225947167,-19.95010348034755,4.424365801577321
2444722.5,-1505580258.383832,-360259222.6256684,95079664.66049805,-5.505095154423553,-19.93861762546643,4.421067329215728
2444732.5,-1510316604.715597,-377481126.394397,98898032.80183087,-5.458781601889265,-19.92685434414762,4.41774347406426
2444742.5,-1515013222.80711,-394692748.0211607,102713516.9927211,-5.413127171628812,-19.91481615847299,4.414390048817912
2444752.5,-1519670691.363488,-411893853.2587298,106526090.9170655,-5.368161427338509,-19.90251411335332,4.41100763547123
2444762.5,-1524289597.386708,-429084219.5786387,110335729.5686427,-5.32386106221542,-19.88995920670128,4.40759532070408
2444772.5,-1528870513.303686,-446263632.9094175,114142406.9220957,-5.280220723203882,-19.87716179649517,4.4041528094247
2444782.5,-1533414007.422919,-463431888.4648209,117946097.008882,-5.237235321332276,-19.86413280231724,4.400680399096984
2444792.5,-1537920642.641548,-480588790.8396868,121746774.1948427,-5.19489807186327,-19.85088312074277,4.397178621680752
2444802.5,-1542390976.038181,-497734154.319306,125544413.366397,-5.153202337624796,-19.83742457110276,4.39364799806618
2444812.5,-1546825560.186994,-514867803.1505468,129338990.3918409,-5.112144396519187,-19.82376752492962,4.390090706004979
2444822.5,-1551224943.213198,-531989570.8386101,133130482.6889637,-5.071717241870461,-19.80992380448655,4.386507667018302
2444832.5,-1555589667.457444,-549099300.9506357,136918868.6602203,-5.031914690953534,-19.79590462359916,4.382900397988595
2444842.5,-1559920269.846189,-566196846.6794809,140704128.0586496,-4.992730390736704,-19.78172104163169,4.379270502538978
2444852.5,-1564217281.655164,-583282070.6637317,144486242.0408389,-4.954157185386688,-19.76738372313465,4.375619580696907
2444862.5,-1568481227.37371,-600354844.4848431,148265193.1123874,-4.916188199515532,-19.75290322950004,4.371949311326932
2444872.5,-1572712627.461465,-617415049.3821042,152040965.4223695,-4.878818356035587,-19.73829050893718,4.368261569697771
2444882.5,-1576911995.485888,-634462575.0011317,155813544.3799691,-4.842038636775093,-19.72355430763194,4.364557169008415
2444892.5,-1581079838.75703,-651497319.3502356,159582916.6437082,-4.805843213137352,-19.70870621423363,4.360839351382106
2444902.5,-1585216658.319933,-668519189.1121353,163349071.0958291,-4.770223139636221,-19.69375233628089,4.357108609867617
2444912.5,-1589322948.884274,-685528097.9812179,167111997.4702479,-4.735173288251342,-19.67870695957053,4.353367432328193
2444922.5,-1593399199.566024,-702523970.2428969,170871687.3614466,-4.700685338150488,-19.66357655925047,4.34961703245119
2444932.5,-1597445886.753285,-719506729.3263792,174628132.8519287,-4.666741218633935,-19.64835762659727,4.345857855736446
2444942.5,-1601463488.917989,-736476316.1186773,178381328.3030149,-4.633354521661338,-19.63308272419554,4.342093700648615
2444952.5,-1605452478.882604,-753432679.0897405,182131269.4519543,-4.60050766859985,-19.61774806775225,4.338324968431269
2444962.5,-1609413319.080046,-770375768.4486371,185877952.8021741,-4.568191955418082,-19.60235870517697,4.334553331219023
2444972.5,-1613346465.611541,-787305542.8102025,189621377.4571079,-4.536400610173882,-19.58692693087494,4.330781336176599
2444982.5,-1617252368.075019,-804221967.3504738,193361542.8301873,-4.505125701868385,-19.57145751249635,4.32700891757103
2444992.5,-1621131469.37801,-821125012.553069,197098449.1202994,-4.474359645732735,-19.55595738729867,4.323237377072265
2445002.5,-1624984205.911296,-838014654.7946128,200832097.6320727,-4.444094889583019,-19.54043323375766,4.319467969867204
2445012.5,-1628811007.497281,-854890876.0780531,204562490.7300091,-4.414323749012572,-19.52489137606293,4.315701890301538
2445022.5,-1632612297.215353,-871753663.6865516,208289631.7774642,-4.385038263049445,-19.50933768896233,4.311940250418438
2445032.5,-1636388491.338976,-888603009.903855,212013525.0830224,-4.356230948486692,-19.49377806645733,4.308184161955227
2445042.5,-1640139999.779629,-905438912.0518711,215734175.9052232,-4.327894101639958,-19.47821799172968,4.304434658352399
2445052.5,-1643867225.652565,-922261371.9859841,219451590.3554811,-4.300020089952907,-19.46266272250545,4.300692728179768
2445062.5,-1647570566.789616,-939070384.0423009,223165781.3678529,-4.272603576734562,-19.44707166123381,4.296991490462907
2445072.5,-1651250411.838074,-955865945.3607175,226876773.1576472,-4.245630380111438,-19.43154539947017,4.293268944268707
2445082.5,-1654907143.080001,-972648100.1365055,230584553.094632,-4.219098058332975,-19.41603868162871,4.289556769440188
2445092.5,-1658541137.999663,-989416867.0121984,234289130.4565553,-4.192998788588019,-19.40055560402085,4.285855710112735
2445102.5,-1662152767.605199,-1006172268.22981,237990515.187337,-4.167325246915938,-19.38510031237317,4.282166537607916
2445112.5,-1665742396.513884,-1022914329.474298,241688717.8610395,-4.142070145434952,-19.36967673277777,4.278489973833216
2445122.5,-1669310383.37698,-1039643079.903634,245383749.7147886,-4.117226668729226,-19.35428881389086,4.274826777532969
2445132.5,-1672857080.625143,-1056358551.798182,249075622.5571366,-4.092787477885262,-19.33893997489212,4.271177557817606
2445142.5,-1676382834.578622,-1073060780.423468,252764348.7428868,-4.068745626014055,-19.32363362754068,4.267542944126569
2445152.5,-1679887985.462721,-1089749803.843464,256449941.1312784,-4.045094039724861,-19.30837288835397,4.263923491320119
2445162.5,-1683372867.501337,-1106425662.781167,260132413.0597668,-4.02182585067876,-19.29316076903391,4.260319742434441
2445172.5,-1686837808.988212,-1123088400.47087,263811778.3144928,-3.998934290604726,-19.27800012231512,4.256732210007364
2445182.5,-1690283132.561218,-1139738062.627989,267488051.1389299,-3.976412825749433,-19.26289372250129,4.253161401629801
2445192.5,-1693709154.37001,-1156374697.14964,271161245.5282948,-3.954253071330116,-19.24784401575631,4.249606087289228
2445202.5,-1697116185.428429,-1172998354.104918,274831376.3164107,-3.932451857471816,-19.23285343336438,4.246069998163152
2445212.5,-1700504532.145046,-1189609085.571565,278498459.6635639,-3.911001226060714,-19.21792426959973,4.242551889828819
2445222.5,-1703874494.702095,-1206206945.544383,282162511.2667823,-3.889894879933584,-19.20305864497717,4.23905212939841
2445232.5,-1707226367.848255,-1222791989.774435,285823547.1229059,-3.869126552955993,-19.18825851324505,4.235571046539716
2445242.5,-1710560440.96123,-1239364275.647201,289481583.5030872,-3.84869009330495,-19.17352571290993,4.232108949361839
2445252.5,-1713876998.177413,-1255923862.101937,293136636.9400465,-3.828579487331627,-19.15886198349693,4.228666129879635
2445262.5,-1717176318.427087,-1272470809.496579,296788724.2007249,-3.808788642377514,-19.14426882825036,4.225242830737729
2445272.5,-1720458674.168311,-1289005179.523708,300437862.5287471,-3.789306142814064,-19.12974866113853,4.22184077136875
2445282.5,-1723724332.328571,-1305527036.059884,304084069.8932055,-3.770138426183989,-19.11530181484786,4.218457372374114
2445292.5,-1726973560.215149,-1322036442.376454,307727362.6429495,-3.751272592302493,-19.10092924033934,4.215094070887027
2445302.5,-1730206617.203681,-1338533463.907386,311367758.359371,-3.732704530799629,-19.08663324892035,4.211751256644818
2445312.5,-1733423757.427662,-1355018166.680748,315005274.7047757,-3.714427574921693,-19.07241397432273,4.208428921592098
2445322.5,-1736625230.647404,-1371490617.890917,318639929.5199832,-3.696437335146091,-19.05827323201816,4.205127353483253
2445332.5,-1739811282.084339,-1387950885.616872,322271740.773747,-3.678728196040573,-19.0442116671551,4.201846633240185
2445342.5,-1742982152.494656,-1404399038.75212,325900726.5485956,-3.661295052871806,-19.03023019025613,4.198586886167277
2445352.5,-1746138077.777529,-1420835146.513134,329526904.9538927,-3.644132336957645,-19.01632914094995,4.195348135885805
2445362.5,-1749279289.841662,-1437259279.073419,333150294.2340584,-3.62723578390925,-19.00250986807987,4.192130580481996
2445372.5,-1752406016.367833,-1453671507.220263,336770912.7079884,-3.610600186589693,-18.98877272443167,4.188934242676382
2445382.5,-1755518480.730763,-1470071902.154749,340388778.7323474,-3.594220732242659,-18.9751182698204,4.185759179580918
2445392.5,-1758616902.224668,-1486460535.570701,344003910.7147701,-3.578092850023561,-18.96154714493207,4.182605465010784
2445402.5,-1761701494.820356,-1502837480.889947,347616327.4014057,-3.562206284290604,-18.94806396748961,4.179475484681624
2445412.5,-1764772466.948486,-1519202812.392546,351226048.8287367,-3.546564524176766,-18.93466239627432,4.176364792028282
2445422.5,-1767830026.897926,-1535556601.074826,354833091.7200973,-3.531160684762083,-18.9213439203032,4.173275134777623
2445432.5,-1770874380.845481,-1551898918.976516,358437474.4702768,-3.515993517036315,-18.90810982607334,4.170207027304388
2445442.5,-1773905729.736273,-1568229839.337059,362039215.6335854,-3.501055575017796,-18.89496066143478,4.167160323740169
2445452.5,-1776924268.266961,-1584549435.508126,365638334.4494601,-3.486316271651291,-18.88189838712863,4.164151133325576
2445462.5,-1779930169.173154,-1600857782.689743,369234861.7736679,-3.471824244220599,-18.86891957048108,4.161147178330268
2445472.5,-1782923643.125976,-1617154953.202438,372828802.943859,-3.457549242988077,-18.85602624336531,4.158164593955041
2445482.5,-1785904873.631021,-1633441020.143557,376420177.8245352,-3.443475346729469,-18.84322068975282,4.155216396949569
2445492.5,-1788874034.839715,-1649716058.768884,380009014.2655281,-3.429617842833554,-18.83049459879156,4.152278646892163
2445502.5,-1791831310.970703,-1665980138.369753,383595319.5613602,-3.415964907696748,-18.8178537118164,4.14935821277496
2445512.5,-1794776881.377899,-1682233335.411619,387179111.7006469,-3.402518371323772,-18.80530179681913,4.146460437300841
2445522.5,-1797710919.666804,-1698475724.409563,390760409.2563751,-3.389269573411238,-18.79283506411866,4.143583698968625
2445532.5,-1800633595.10363,-1714707378.891,394339230.3670247,-3.376214913540069,-18.78045338448879,4.140727920699711
2445542.5,-1803545073.965851,-1730928372.336708,397915593.1243321,-3.363350914566112,-18.76815664388585,4.137893032901031
2445552.5,-1806445519.302503,-1747138777.899492,401489515.4966689,-3.350673821229383,-18.75594440286999,4.135078877828994
2445562.5,-1809335091.248814,-1763338668.597922,405061015.386142,-3.338180530836847,-18.74381669513581,4.132285432012548
2445572.5,-1812213947.304301,-1779528117.484598,408630110.6749834,-3.325867896665989,-18.73177343713366,4.129512639365323
2445582.5,-1815082241.965651,-1795707197.257491,412196819.1237194,-3.3137322796226,-18.71981403366902,4.126760312923308
2445592.5,-1817940023.645674,-1811876077.076838,415761246.756328,-3.301585084481009,-18.7081123331168,4.12418726916748
2445602.5,-1820787487.216693,-1828034785.746207,419323371.6426824,-3.289794020196866,-18.69631978196872,4.121475568354387
2445612.5,-1823624836.073981,-1844183341.622323,422883162.35827,-3.278170843627644,-18.68461039828603,4.118784067718353
2445622.5,-1826452213.866596,-1860321816.317192,426440636.2853982,-3.266712391161644,-18.67298368899228,4.116112620145337
2445632.5,-1829269761.712798,-1876450281.177109,429995810.7148126,-3.255415777809671,-18.66143934899253,4.11346112147343
2445642.5,-1832077617.459754,-1892568806.999308,433548703.1111754,-3.244272183737121,-18.64997633771732,4.110832570992884
2445652.5,-1834875913.505572,-1908677464.254092,437099332.6794478,-3.233290596110218,-18.63859553117531,4.108220599289058
2445662.5,-1837664787.563347,-1924776323.236299,440647713.9040098,-3.222461825258249,-18.62729534833042,4.105628102735645
2445672.5,-1840444371.068639,-1940865454.030673,444193863.67448,-3.211784048814929,-18.61607630310955,4.103055136262266
2445682.5,-1843214792.895939,-1956944926.089685,447737798.7215697,-3.201253938053437,-18.60493724369545,4.10050143538964
2445692.5,-1845976179.823765,-1973014808.687894,451279535.7018937,-3.19086947444348,-18.59387837604921,4.09796699202994
2445702.5,-1848728656.524823,-1989075170.853314,454819091.1856943,-3.180627991467578,-18.58289912931645,4.095451653173839
2445712.5,-1851472342.047348,-2005126079.145811,458356483.2356847,-3.170515405560396,-18.57199510447658,4.092962176616543
2445722.5,-1854207353.369199,-2021167602.273129,461891730.884985,-3.160552125128993,-18.56117336113261,4.090484585510255
2445732.5,-1856933815.169863,-2037199809.230409,465424845.9853218,-3.150724382081393,-18.5504297326168,4.088025682101354
2445742.5,-1859651843.370636,-2053222767.102335,468955844.5858417,-3.141029511987339,-18.5397633554968,4.085585256400488
2445752.5,-1862361551.788449,-2069236542.437956,472484742.5945938,-3.131465415974049,-18.52917398955341,4.083163221663904
2445762.5,-1865063047.764275,-2085241212.20414,476011568.263427,-3.121938838594821,-18.51872686822253,4.080859980247602
2445772.5,-1867756372.565398,-2101236878.380106,479536399.4510462,-3.112630241302474,-18.50829087045583,4.078474497717124
2445782.5,-1870441708.658519,-2117223560.681275,483059177.3986505,-3.103446005590709,-18.49793065893878,4.076107060868541
2445792.5,-1873119162.351331,-2133201324.095773,486579917.577706,-3.094383646249149,-18.48764527841123,4.073757432415648
2445802.5,-1875788838.166344,-2149170233.207139,490098635.3496255,-3.085441313526254,-18.47743449826382,4.071425539426405
2445812.5,-1878450838.906732,-2165130352.227078,493615345.9737839,-3.076616844369829,-18.46729765132109,4.069111207464235
2445822.5,-1881105262.396123,-2181081744.519617,497130066.7936915,-3.067902592632272,-18.45723389664489,4.066818486980847
2445832.5,-1883752209.33407,-2197024473.626089,500642811.9709042,-3.059308213710522,-18.44724372845011,4.06453895815311
2445842.5,-1886391779.236684,-2212958602.517604,504153595.0498247,-3.050825809748217,-18.43732590940077,4.062276570987589
2445852.5,-1889024068.044629,-2228884193.488094,507662430.7837847,-3.042453511707454,-18.42747992798274,4.060031190273813
2445862.5,-1891649170.072513,-2244801308.357454,511169333.8009837,-3.034189410361463,-18.41770518269328,4.057802657252207
2445872.5,-1894267177.955239,-2260710008.3735,514674318.5785411,-3.026031645849077,-18.4080010858403,4.055590817443717
2445882.5,-1896878182.94515,-2276610354.511475,518177399.5239439,-3.017978655810992,-18.39836734378611,4.053395596483711
2445892.5,-1899482274.672222,-2292502407.169252,521678590.8931679,-3.010028475978298,-18.38880317109529,4.05121678758804
2445902.5,-1902079536.209949,-2308386225.779937,525177910.3540323,-3.002173186304848,-18.37930750127151,4.049058666032187
2445912.5,-1904670058.92747,-2324261870.274487,528675368.6495827,-2.994423521689072,-18.36988084064489,4.046912262405717
2445922.5,-1907254000.150202,-2340129353.868887,532170889.7441757,-2.986873245212082,-18.36045741670059,4.044654986132775
2445932.5,-1909831387.558554,-2355988770.245928,535664556.9915179,-2.97931721756306,-18.35116576895792,4.042540351224718
2445942.5,-1912402287.563414,-2371840187.597742,539156404.0052015,-2.97185585375603,-18.34194107237783,4.04044146133249
2445952.5,-1914966781.300299,-2387683663.556394,542646444.3344171,-2.964487645500693,-18.33278283328686,4.038358190455273
2445962.5,-1917524948.606293,-2403519255.318858,546134691.4172857,-2.957211016184288,-18.32369044682261,4.036290386439473
2445972.5,-1920076867.802456,-2419347019.366779,549621158.5165058,-2.950024259694081,-18.31466312291461,4.034237856000327
2445982.5,-1922622616.086962,-2435167011.891691,553105858.8181529,-2.942926250714528,-18.30570071365731,4.032200552874682
2445992.5,-1925162269.484856,-2450979288.711782,556588805.4118347,-2.935915359556305,-18.29680244850245,4.030178290906978
2446002.5,-1927695902.375219,-2466783904.672283,560070011.1626288,-2.928989850141145,-18.28796738578106,4.028170851018136
2446012.5,-1930223588.373169,-2482580914.691306,563549488.9329748,-2.92214911479926,-18.27919593832829,4.026178297832985
2446022.5,-1932745399.990143,-2498370373.324012,567027251.4896438,-2.915391522318695,-18.27048723671458,4.024200426796426
2446032.5,-1935261408.485432,-2514152334.554671,570503311.4606395,-2.90871574331119,-18.26184075326737,4.022237105277167
2446042.5,-1937771683.980702,-2529926851.912718,573977681.3598298,-2.902120473414528,-18.25325596245506,4.020288201645529
2446052.5,-1940276295.479937,-2545693978.472644,577450373.5874507,-2.895604423098883,-18.24473232764633,4.018353582742579
2446062.5,-1942775310.867933,-2561453766.824777,580921400.4249946,-2.889166302150528,-18.23626927950637,4.016433109713716
2446072.5,-1945268796.935365,-2577206269.081977,584390774.0370073,-2.882804867015198,-18.22786628116966,4.014526650486125
2446082.5,-1947756819.416127,-2592951536.904866,587858506.4763402,-2.876518911698648,-18.2195228183339,4.012634077746768
2446092.5,-1950239443.021158,-2608689621.524365,591324609.6888975,-2.870307347557496,-18.21123851717608,4.010755292232038
2446102.5,-1952716731.765408,-2624420574.249362,594789094.148362,-2.864169453830308,-18.20301365992523,4.008886555294755
2446112.5,-1955188748.773449,-2640144446.135688,598251969.5922426,-2.858104096661005,-18.19484763420591,4.007031082922703
2446122.5,-1957655555.780192,-2655861287.115222,601713247.6313741,-2.852108958363214,-18.18673814674776,4.005188799912592
2446132.5,-1960117210.053116,-2671571149.630856,605172924.0371984,-2.846178993243545,-18.17869127184468,4.003335998010709
2446142.5,-1962573773.929072,-2687274080.896982,608631021.0110205,-2.840322829075074,-18.17069604770385,4.001520291949671
2446152.5,-1965025307.407787,-2702970128.572093,612087554.8622915,-2.834534381707912,-18.16275695283086,3.999717639177507
2446162.5,-1967471868.548461,-2718659340.941514,615542536.8180368,-2.828812616311391,-18.15487349962249,3.997927921487857
2446172.5,-1969913514.523804,-2734341765.869458,618995978.0032551,-2.823156516314021,-18.14704520200051,3.996151021150572
2446182.5,-1972350301.636284,-2750017450.801381,622447889.4415312,-2.817565083758465,-18.13927157672722,3.994386821132326
2446192.5,-1974782285.333994,-2765686442.766475,625898282.0556117,-2.812037338804622,-18.13155214346064,3.992635205037737
2446202.5,-1977209520.122217,-2781348788.232814,629347166.630741,-2.806572051780251,-18.1238860460165,3.990895961257334
2446212.5,-1979632059.621077,-2797004533.173112,632794553.8303341,-2.801168480661588,-18.11627310264822,3.989169047218048
2446222.5,-1982049956.774929,-2812653723.343316,636240454.2665025,-2.795825730123872,-18.10871288995756,3.987454360532484
2446232.5,-1984463263.67231,-2828296404.010991,639684878.4313343,-2.790542719210469,-18.10120470899108,3.98575172757162
2446242.5,-1986872031.631941,-2843932620.057381,643127836.7233263,-2.785318809580093,-18.0937484496725,3.984061127522478
2446252.5,-1989276311.276231,-2859562416.062337,646569339.4695076,-2.780152933002115,-18.08634339581668,3.982382382334164
2446262.5,-1991676152.385003,-2875185836.088673,650009396.8695552,-2.775044287759703,-18.07898917588737,3.980715403608748
2446272.5,-1994071604.069253,-2890802923.902476,653448019.0529776,-2.769992093796892,-18.07168542914546,3.979060105451842
2446282.5,-1996462713.772143,-2906413722.530869,656885216.3482935,-2.764992111339726,-18.06443038551685,3.977417402311338
2446292.5,-1998849528.024412,-2922018274.415838,660320998.9691983,-2.760049914596548,-18.05722568083917,3.975785000758271
2446302.5,-2001232095.557372,-2937616622.635041,663755376.0953087,-2.75516163116815,-18.05007000332676,3.974163931674396
2446312.5,-2003610460.251127,-2953208812.285956,667188356.4325364,-2.750323359708106,-18.04296708905784,3.972552703732185
2446322.5,-2005984669.845032,-2968794883.112304,670619950.565865,-2.745540841593699,-18.03590855344112,3.970954079416949
2446332.5,-2008354769.670686,-2984374875.995744,674050168.2519193,-2.740809881565004,-18.02889770542091,3.969366466227386
2446342.5,-2010720804.074286,-2999948832.126202,677479018.998973,-2.736130050419735,-18.02193456217023,3.967789861601316
2446352.5,-2013082815.094587,-3015516792.491417,680906511.5045882,-2.73149456188737,-18.01501854484851,3.966221601592347
2446362.5,-2015440844.133377,-3031078797.397488,684332654.4030161,-2.726914143698858,-18.00814864323422,3.964666509949661
2446372.5,-2017794936.859884,-3046634886.764728,687757458.3249002,-2.722382658337477,-18.00132516881795,3.963122117020003
2446382.5,-2020145135.105313,-3062185100.317565,691180932.4275557,-2.717898978315921,-17.99454708205491,3.961588193965219
2446392.5,-2022491479.925853,-3077729477.165899,694603085.7300744,-2.713462604044221,-17.98781424645455,3.960064700526748
2446402.5,-2024834011.902814,-3093268056.232066,698023927.2023603,-2.709072835212545,-17.98112621499174,3.958551532428452
2446412.5,-2027172771.013119,-3108800876.047105,701443465.7232164,-2.704729007714407,-17.97448258073339,3.957048593638492
2446422.5,-2029507796.715204,-3124327974.871804,704861710.1046437,-2.700430591162659,-17.96788313520313,3.955555827515327
2446432.5,-2031839127.705678,-3139849390.292459,708278669.0117178,-2.696176260293275,-17.9613263742089,3.954072920531007
2446442.5,-2034166802.252152,-3155365159.747884,711694351.0671604,-2.691966627258376,-17.95481392176687,3.952600179995737
2446452.5,-2036490858.543421,-3170875321.091059,715108764.96328,-2.687800495823143,-17.94834445111086,3.951137327969372
2446462.5,-2038811333.837858,-3186379911.186699,718521919.1834226,-2.683677183191778,-17.9419174528267,3.949684248505009
2446472.5,-2041128264.874388,-3201878966.569141,721933822.1325835,-2.679596097242885,-17.93553255301724,3.948240852621255
2446482.5,-2043441687.884643,-3217372523.451298,725344482.139222,-2.67555665576764,-17.92918938153516,3.946807052132474
2446492.5,-2045751638.596806,-3232860617.719934,728753907.454254,-2.67155827435267,-17.92288755149034,3.945382755276194
2446502.5,-2048058152.257976,-3248343284.963073,732162106.2569966,-2.667600430295719,-17.91662676948692,3.943967890573553
2446512.5,-2050361263.654195,-3263820560.493613,735569086.6605474,-2.663682568945046,-17.91040667470191,3.942562372433057
2446522.5,-2052661006.164855,-3279292478.996845,738974856.9765542,-2.659802483468278,-17.90422635050482,3.941166604826248
2446532.5,-2054957410.442573,-3294759074.799505,742379422.9210279,-2.655957804028636,-17.8980858198694,3.939776492823016
2446542.5,-2057250513.124071,-3310220382.802081,745782793.8619753,-2.652156605739164,-17.89198557390171,3.938398489987988
2446552.5,-2059540348.013268,-3325676437.273541,749184978.1291298,-2.648393401005269,-17.88592483829071,3.937029555938477
2446562.5,-2061826947.698529,-3341127272.172034,752585983.516024,-2.644667615099834,-17.87990315770311,3.935669583668065
2446572.5,-2064110344.252488,-3356572921.026971,755985817.7146188,-2.640978653881737,-17.87392003741873,3.934318455125094
2446582.5,-2066390569.097264,-3372013416.887293,759384488.3686582,-2.637324394418165,-17.86797410916061,3.932976466677678
2446592.5,-2068667649.774595,-3387448791.762144,762782001.6067204,-2.633702814042081,-17.86206675815401,3.93163970475248
2446602.5,-2070941619.332211,-3402879079.190268,766178365.2743458,-2.630121457528382,-17.8561974028344,3.930314655883853
2446612.5,-2073212509.7936,-3418304311.737359,769573587.8242527,-2.626575229096876,-17.85036563750355,3.928998227667728
2446622.5,-2075480351.220333,-3433724521.599997,772967676.6359448,-2.623063400314619,-17.84457071717852,3.927690237185268
2446632.5,-2077745173.16194,-3449139740.512177,776360638.9766275,-2.619585618525623,-17.83881247902017,3.926390648561247
2446642.5,-2080007004.87174,-3464550000.076458,779752482.0846655,-2.616141498040538,-17.83309069932573,3.925099410089379
2446652.5,-2082265875.199446,-3479955331.589778,783143213.1257247,-2.612730482326988,-17.82740488235666,3.923816402424451
2446662.5,-2084521812.573078,-3495355766.009062,786532839.1843098,-2.609352187018041,-17.82175479119093,3.922541570393198
2446672.5,-2086774844.965173,-3510751333.892202,789921367.2508675,-2.606005886970938,-17.81613965349191,3.921274731069766
2446682.5,-2089025007.357063,-3526142058.932904,793308803.7920517,-2.602707760318564,-17.81054457884055,3.920016415085496
2446692.5,-2091272326.52649,-3541527971.218626,796695159.0281924,-2.59942517219129,-17.80499892237805,3.918770179960632
2446702.5,-2093516822.977228,-3556909106.978293,800080440.9270774,-2.596173553525596,-17.79948764754058,3.917531801968495
2446712.5,-2095758519.331099,-3572285505.096089,803464654.3129234,-2.59291752176673,-17.79409482130448,3.916284061865001
2446722.5,-2097997419.47024,-3587657249.076307,806847794.9141184,-2.589726716301453,-17.78865152983216,3.915061213713629
2446732.5,-2100233575.679568,-3603024304.592587,810229882.2948182,-2.586565700923896,-17.78324173655551,3.913846016565483
2446742.5,-2102467012.781037,-3618386699.732882,813610923.5702217,-2.58343102956334,-17.77786205695341,3.912640226174147
2446752.5,-2104697754.823009,-3633744461.762269,816990925.7522663,-2.580328535732071,-17.77251852569089,3.911440156870442
2446762.5,-2106925828.479929,-3649097620.683265,820369894.2131935,-2.577253470879921,-17.76720548650328,3.910247102087462
2446772.5,-2109151256.73556,-3664446201.734627,823747834.7865019,-2.574205575206346,-17.76192278664529,3.909061027228072
2446782.5,-2111374059.349984,-3679790236.389529,827124753.6599648,-2.571131478582789,-17.75671703166897,3.907880480554085
2446792.5,-2113594222.906051,-3695129784.177795,830500656.0092107,-2.568140825221894,-17.75150115441872,3.906709583014718
2446802.5,-2115811814.504744,-3710464839.736112,833875550.0653019,-2.565173529172908,-17.74631864806095,3.905549322837236
2446812.5,-2118026854.312223,-3725795431.479802,837249444.7136947,-2.562238390889323,-17.74117113561642,3.904394317148154
2446822.5,-2120239367.711137,-3741121615.345722,840622361.3216234,-2.559325303686697,-17.73610588173442,3.903280541873736
2446832.5,-2122449377.702605,-3756443410.163342,843994301.8581034,-2.556442968004975,-17.73101695636299,3.902138552187762
2446842.5,-2124656908.679824,-3771760821.524595,847365258.7639971,-2.553586790918016,-17.72595894889928,3.901003609834217
2446852.5,-2126861983.105377,-3787073876.031146,850735238.1037673,-2.550756453007712,-17.72093160181025,3.899875658412786
2446862.5,-2129064623.423733,-3802382606.312839,854104249.1916519,-2.547952452637962,-17.71595453553411,3.898765131273445
2446872.5,-2131264851.603484,-3817687042.926458,857472300.4006946,-2.545172200744577,-17.710986474255,3.897650712984248
2446882.5,-2133462687.953687,-3832987199.150295,860839391.4973767,-2.542415958015031,-17.70604656803974,3.896542722785072
2446892.5,-2135658153.404716,-3848283099.815423,864205528.1447119,-2.539684097403931,-17.70113587006209,3.895441390614121
2446902.5,-2137851268.666789,-3863574770.064379,867570716.0661962,-2.536973799252368,-17.69625245654342,3.894346225283853
2446912.5,-2140042052.91475,-3878862233.755315,870934960.6689911,-2.534289957518333,-17.69139970880196,3.893258099941457
2446922.5,-2142230528.500451,-3894145516.99609,874298267.9394367,-2.531629684725191,-17.68657555884229,3.892176491582091
2446932.5,-2144416715.703394,-3909424644.464865,877660643.5017028,-2.528992643362194,-17.68177966875676,3.891101320644641
2446942.5,-2146600633.549377,-3924699640.66554,881022092.8510337,-2.526377357429931,-17.67701226005895,3.890032518499079
2446952.5,-2148782302.729633,-3939970529.552323,884382619.7825608,-2.523785933886259,-17.67227058315934,3.888960645780493
2446962.5,-2150961703.553315,-3955237354.361023,887742237.383386,-2.521150568824454,-17.66759323714884,3.887925736506922
2446972.5,-2153138876.440703,-3970500128.236916,891100951.4262263,-2.51860529531944,-17.66290663652549,3.886876383927674
2446982.5,-2155313860.34818,-3985758865.799823,894458761.7902879,-2.516083411662591,-17.65824982341223,3.885833863783761
2446992.5,-2157486685.855705,-4001013612.206029,897815682.3696717,-2.513600928846918,-17.65365290045539,3.884810692909727
2447002.5,-2159657364.090596,-4016264376.81988,901171713.0272567,-2.511120793999494,-17.64904747336571,3.88377981928146
2447012.5,-2161825908.834905,-4031511174.147587,904526855.7008029,-2.508662203378424,-17.64446924687618,3.882755145045266
2447022.5,-2163992338.365975,-4046754027.196509,907881115.6270715,-2.506224433121254,-17.63991717465417,3.881736417498971
2447032.5,-2166156670.600845,-4061992958.529841,911234497.9368097,-2.503807325016175,-17.63539119077628,3.880723622931118
2447042.5,-2168318917.275257,-4077227989.676942,914587018.7639782,-2.501399256302629,-17.63088390559107,3.879728086429989
2447052.5,-2170479097.545228,-4092459139.349275,917938670.7210563,-2.49902145134277,-17.62641138941092,3.878726514586366
2447062.5,-2172637232.679286,-4107686436.930847,921289460.0823144,-2.496664950630695,-17.62196672288255,3.877731265778335
2447072.5,-2174793339.573904,-4122909903.91062,924639391.7280471,-2.494326490859289,-17.61754435239775,3.876741085350896
2447082.5,-2176947434.405325,-4138129560.671661,927988470.2911491,-2.492007376126412,-17.6131467679053,3.875756536226648
2447092.5,-2179099533.942859,-4153345428.814835,931336700.6764721,-2.489707709040957,-17.60877435465142,3.874777699518967
2447102.5,-2181249654.814983,-4168557529.860415,934684087.768503,-2.487427091709327,-17.60442659418809,3.873804459200006
2447112.5,-2183397813.352029,-4183765884.958528,938030636.3691722,-2.485165235647023,-17.60010315583926,3.872836741590808
2447122.5,-2185544025.7151,-4198970515.120291,941376351.2477169,-2.482922015149044,-17.59580400717943,3.871874535915702
2447132.5,-2187688307.835347,-4214171441.097642,944721237.1160655,-2.480697055477126,-17.59152863994344,3.870917732726348
2447142.5,-2189830675.484388,-4229368683.514975,948065298.6559675,-2.478490334340413,-17.58727721598167,3.86996636086434
2447152.5,-2191971141.272852,-4244562261.888353,951408540.8755728,-2.476296989126497,-17.58304791073155,3.869020613644039
2447162.5,-2194109722.869646,-4259752197.591406,954750967.981138,-2.474126311287455,-17.5788441682242,3.868080047956169
2447172.5,-2196246436.524686,-4274938511.158815,958092584.6876328,-2.471973035676853,-17.57466334357269,3.867144690376719
2447182.5,-2198381297.355724,-4290121222.6511,961433395.5461715,-2.469837313750066,-17.57050595860311,3.866214643632045
2447192.5,-2200514320.259925,-4305300351.857586,964773405.0483961,-2.467718579909837,-17.56637106013148,3.865289707522039
2447202.5,-2202645520.160416,-4320475918.81274,968112617.73476,-2.465617301126321,-17.56225984050923,3.864370127516235
2447212.5,-2204774911.468537,-4335647942.658381,971451037.9546292,-2.463532066602587,-17.55816954290848,3.863455319715167
2447222.5,-2206902508.635788,-4350816442.808075,974788670.113623,-2.46146412183365,-17.55410301325176,3.862545886391591
2447232.5,-2209028326.1151,-4365981438.859671,978125518.6542007,-2.459412388470489,-17.55005817532431,3.861641381136896
2447242.5,-2211152377.844118,-4381142949.497414,981461587.7651124,-2.457376939261018,-17.54603538430336,3.860740511636009
2447252.5,-2213274677.892103,-4396300993.859,984796880.7145984,-2.455357319929706,-17.54203389361773,3.859845842012627
2447262.5,-2215395239.969838,-4411455590.449516,988131402.131693,-2.45335377676783,-17.5380543195164,3.858954895951471
2447272.5,-2217514077.280103,-4426606757.969609,991465156.693394,-2.451362434637783,-17.53409467672662,3.858069785760053
2447282.5,-2219631201.291296,-4441754513.586329,994798148.4929941,-2.449390177900411,-17.53015798998392,3.857189815800165
2447292.5,-2221746627.97912,-4456898877.147141,998130382.0955408,-2.447433408079636,-17.52624264834598,3.856314689073963
2447302.5,-2223860370.564951,-4472039866.843689,1001461861.626367,-2.445491772850711,-17.52234810581612,3.855444276452743
2447312.5,-2225972442.115687,-4487177500.702167,1004792591.172562,-2.443565240846825,-17.51847447100052,3.854578605729967
2447322.5,-2228082855.841146,-4502311796.927049,1008122574.138327,-2.441654064402045,-17.51462194579304,3.853716380490246
2447332.5,-2230191624.398568,-4517442773.110193,1011451814.799653,-2.439757082068141,-17.51078930046567,3.85285999865668
2447342.5,-2232298760.298448,-4532570446.737407,1014780317.55375,-2.437874738533079,-17.50697711422562,3.852008255877793
2447352.5,-2234404276.121661,-4547694835.417687,1018108086.393155,-2.436006878908979,-17.50318523068745,3.851161116052002
2447362.5,-2236508184.316165,-4562815956.62571,1021435125.279317,-2.434153355379538,-17.49941350492627,3.850318545649992
2447372.5,-2238610497.248224,-4577933827.79851,1024761438.165783,-2.432314103539633,-17.49566195013996,3.849480549076415
2447382.5,-2240711227.063547,-4593048466.066913,1028087028.933252,-2.430488719086636,-17.49192992511864,3.848646973004793
2447392.5,-2242810385.070608,-4608159888.272762,1031411901.400409,-2.428673990443623,-17.48821530588486,3.847816439878049
2447402.5,-2244907981.72379,-4623268109.50223,1034736058.195823,-2.426876080790757,-17.48452223858699,3.846991685246219
2447412.5,-2247004030.773258,-4638373148.133845,1038059504.261887,-2.425091575111989,-17.48084820347633,3.846171238323223
2447422.5,-2249098543.961475,-4653475020.975879,1041382243.404421,-2.423320801481923,-17.47719395702759,3.84535527283717
2447432.5,-2251191532.898709,-4668573744.691986,1044704279.395021,-2.421563202096505,-17.47355855308063,3.844543570210791
2447442.5,-2253283008.989319,-4683669335.657022,1048025615.938296,-2.41981882063718,-17.46994219856954,3.843736177008793
2447452.5,-2255372983.611994,-4698761810.304528,1051346256.75058,-2.418087544902416,-17.46634480347094,3.842933070131866
2447462.5,-2257461467.902885,-4713851184.699327,1054666205.465722,-2.41636896674873,-17.46276568457695,3.842134099425776
2447472.5,-2259548472.869826,-4728937474.759499,1057985465.684099,-2.414663165902468,-17.45920512516999,3.841339323992567
2447482.5,-2261634009.532615,-4744020696.537261,1061304041.032563,-2.41297007829884,-17.45566312672736,3.840548740898952
2447492.5,-2263718088.689638,-4759100865.743154,1064621935.063732,-2.411289308014517,-17.45213900352445,3.839762203775476
2447502.5,-2265800721.102396,-4774177998.126027,1067939151.335515,-2.409621080980403,-17.44863335654482,3.838979834822687
2447512.5,-2267881916.602749,-4789252109.292027,1071255693.46965,-2.407962064779305,-17.44514439529745,3.838200259872648
2447522.5,-2269961684.722471,-4804323213.621289,1074571563.680141,-2.406318001156942,-17.44167414783479,3.837425897480833
2447532.5,-2272040037.608859,-4819391327.419836,1077886766.593481,-2.404686045069229,-17.43822185741188,3.836655587450378
2447542.5,-2274116985.704444,-4834456466.224494,1081201305.714574,-2.403066117425359,-17.43478749286763,3.835889321392845
2447552.5,-2276192539.051239,-4849518644.798409,1084515184.386278,-2.401457484994334,-17.43136954887425,3.835126784969873
2447562.5,-2278266707.759584,-4864577878.177736,1087828406.006776,-2.399860891726506,-17.42796983706267,3.834368353673487
2447572.5,-2280339501.960071,-4879634181.560871,1091140974.006603,-2.398275734873406,-17.42458712924933,3.833613769418897
2447582.5,-2282410931.484431,-4894687569.583918,1094452891.697025,-2.396701880696697,-17.42122125197876,3.832862993261688
2447592.5,-2284481005.870913,-4909738056.321953,1097764162.266227,-2.395138889405124,-17.4178713239929,3.83211583185316
2447602.5,-2286549735.059526,-4924785656.892402,1101074789.12903,-2.393587887795758,-17.41454007908373,3.831372882494617
2447612.5,-2288617128.536818,-4939830385.480301,1104384775.492845,-2.392047011212002,-17.41122334496533,3.830633222851176
2447622.5,-2290683195.592065,-4954872255.92771,1107694124.489892,-2.390517449437059,-17.40792399489485,3.829897492882547
2447632.5,-2292747944.847596,-4969911282.531378,1111002839.20037,-2.388995775502917,-17.4046395978771,3.829163854676556
2447642.5,-2294811384.912268,-4984947478.640449,1114310921.832333,-2.387487635452828,-17.401372619828,3.828435442174063
2447652.5,-2296873526.547649,-4999980859.090075,1117618376.700706,-2.385990134874169,-17.39812184835671,3.827710693858472
2447662.5,-2298934378.901703,-5015011437.832797,1120925206.960095,-2.384503170862681,-17.3948871680207,3.826989583707183
2447672.5,-2300993951.033998,-5030039228.721828,1124231415.742668,-2.383026641707354,-17.39166846433024,3.826272085796697
2447682.5,-2303052251.916727,-5045064245.511865,1127537006.158231,-2.381560446838671,-17.38846562371574,3.825558174283904
2447692.5,-2305109290.43566,-5060086501.859866,1130841981.294293,-2.380104486777581,-17.38527853350845,3.824847823394513
2447702.5,-2307165075.390868,-5075106011.325399,1134146344.216012,-2.378658653776459,-17.38210706208612,3.824141002613632
2447712.5,-2309219615.409263,-5090122787.183607,1137450097.920832,-2.377222681020536,-17.37895073921128,3.82343759942286
2447722.5,-2311272919.048473,-5105136842.646781,1140753245.39211,-2.375796648955934,-17.37580983312134,3.822737680013837
2447732.5,-2313324994.856244,-5120148190.988256,1144055789.629009,-2.374380462781517,-17.37268423562664,3.82204121933247
2447742.5,-2315375851.298555,-5135156845.387691,1147357733.608948,-2.372974028059727,-17.36957383815269,3.821348192116225
2447752.5,-2317425496.760205,-5150162818.931304,1150659080.287561,-2.371577251286118,-17.36647853294877,3.820658573197005
2447762.5,-2319473939.54559,-5165166124.612555,1153959832.598785,-2.370190039866395,-17.36339821307948,3.819972337526811
2447772.5,-2321521187.879507,-5180166775.332876,1157259993.45498,-2.368812302128545,-17.3603327724446,3.819289460208101
2447782.5,-2323567249.90794,-5195164783.902396,1160559565.747065,-2.367443947320484,-17.35728210577376,3.818609916515633
2447792.5,-2325612133.698872,-5210160163.040631,1163858552.344684,-2.366084885449658,-17.35424610825449,3.817933681845591
2447802.5,-2327655847.241096,-5225152925.373016,1167156956.095458,-2.364735010924288,-17.35122464082546,3.817260724084373
2447812.5,-2329698394.674765,-5240143082.676755,1170454780.373415,-2.363388629298102,-17.34821603533225,3.816591692830461
2447822.5,-2331739786.482725,-5255130647.449014,1173752027.446637,-2.362056866208757,-17.34522331781178,3.815925216923728
2447832.5,-2333780031.517752,-5270115632.681731,1177048700.074909,-2.360734048140081,-17.3422448622279,3.815261955280891
2447842.5,-2335819137.471728,-5285098050.654042,1180344801.025368,-2.359420092881937,-17.3392805740232,3.814601885943457
2447852.5,-2337857111.987269,-5300077913.611172,1183640333.056289,-2.358114956201986,-17.33633044186474,3.813945004576396
2447862.5,-2339893962.578495,-5315055233.586108,1186935298.879821,-2.356818394459223,-17.3333940056418,3.813291213057458
2447872.5,-2341929696.544061,-5330030022.195971,1190229701.120115,-2.355530182966302,-17.3304708327674,3.812640420230177
2447882.5,-2343964321.258251,-5345002291.301581,1193523542.450694,-2.354250649718687,-17.32756175832928,3.811992797845071
2447892.5,-2345997844.005489,-5359972052.625963,1196816825.515076,-2.352979334679027,-17.32466579985451,3.81134814041767
2447902.5,-2348030271.978729,-5374939317.754283,1200109552.926589,-2.35171643766407,-17.32178351115149,3.810706560838399
2447912.5,-2350061612.417478,-5389904098.457113,1203401727.335491,-2.350461880923216,-17.31891479953685,3.810068038338497
2447922.5,-2352091871.878271,-5404866405.296826,1206693350.514625,-2.349214568916849,-17.31605770738658,3.809431131246477
2447932.5,-2354121057.820483,-5419826250.530356,1209984425.570403,-2.347976463518528,-17.31321587397844,3.808798662040528
2447942.5,-2356149176.186755,-5434783648.088724,1213274949.445,-2.346742570073189,-17.31039090733015,3.808160964072624
2447952.5,-2358176234.176614,-5449738608.524299,1216564929.922985,-2.345522763391292,-17.30757683023786,3.807534618794895
2447962.5,-2360202240.834466,-5464691143.422194,1219854370.254876,-2.344308783467986,-17.30477464612801,3.806911084484597
2447972.5,-2362227202.031033,-5479641262.872573,1223143273.124757,-2.343102702453022,-17.30198550205754,3.806290490649227
2447982.5,-2364251124.560879,-5494588978.104578,1226431641.065162,-2.341904450868424,-17.29920931145325,3.805672818712766
2447992.5,-2366274015.159,-5509534300.272879,1229719476.592622,-2.340713960277881,-17.2964459885129,3.805058050183186
2448002.5,-2368295880.501225,-5524477240.457223,1233006782.207443,-2.339531156311735,-17.29369543133983,3.804446162698842
2448012.5,-2370316726.790713,-5539417808.828555,1236293559.881739,-2.338354489683621,-17.29095458262416,3.803835284860941
2448022.5,-2372336557.270079,-5554356009.011915,1239579809.065893,-2.337183198166326,-17.2882210954699,3.803226021073943
2448032.5,-2374355381.598741,-5569291858.66158,1242865535.361953,-2.336022544133807,-17.28550710962827,3.802622375678991
2448042.5,-2376373206.452438,-5584225369.089196,1246150741.389102,-2.334869519508846,-17.28280605319256,3.802021653215972
2448052.5,-2378390038.173064,-5599156550.905006,1249435429.53979,-2.333723632381423,-17.28011683461116,3.801423594786319
2448062.5,-2380405882.960155,-5614085414.446135,1252719602.141956,-2.332584954407061,-17.27743969569697,3.800828258550433
2448072.5,-2382420747.059965,-5629011970.219389,1256003261.564659,-2.331453507350124,-17.27477475427755,3.800235673466227
2448082.5,-2384434636.670904,-5643936228.678596,1259286410.164843,-2.330329113853618,-17.27212166976068,3.799645758616269
2448092.5,-2386447555.583702,-5658858195.431928,1262569048.617202,-2.329207680654761,-17.26947224313815,3.799055600577261
2448102.5,-2388459510.931494,-5673777882.920844,1265851179.978873,-2.328097502447874,-17.26684330432523,3.798471130434048
2448112.5,-2390470510.009421,-5688695303.927845,1269132807.464763,-2.32699410853301,-17.2642258023188,3.79788923224068
2448122.5,-2392480558.736669,-5703610468.489582,1272413933.33393,-2.325897606478425,-17.26162003848483,3.797309977561505
2448132.5,-2394489663.039641,-5718523386.71005,1275694559.861454,-2.324807906063094,-17.25902586932032,3.796733332867164
2448142.5,-2396497828.600259,-5733434068.520249,1278974688.668475,-2.323724696864054,-17.25644316163159,3.796158312472126
2448152.5,-2398505059.314251,-5748342519.766934,1282254320.652587,-2.322646134594484,-17.25386729505172,3.795584846733413
2448162.5,-2400511362.941918,-5763248754.289301,1285533459.968469,-2.321576344753523,-17.25130714332633,3.79501585629899
2448172.5,-2402516745.176064,-5778152781.869104,1288812108.807416,-2.320513254736095,-17.2487585860305,3.794449473025551
2448182.5,-2404521211.731728,-5793054612.382231,1292090269.389923,-2.319456701432608,-17.24622131096024,3.79388562635049
2448192.5,-2406524768.20715,-5807954255.487598,1295367943.887788,-2.318406578146149,-17.24369512980319,3.793324274299027
2448202.5,-2408527420.13373,-5822851720.738435,1298645134.449157,-2.317362829139857,-17.24117996879401,3.792765400217157
2448212.5,-2410529172.995051,-5837747017.624505,1301921843.207866,-2.316325399465581,-17.23867575479116,3.792208987626163
2448222.5,-2412530032.227556,-5852640155.572661,1305198072.283583,-2.315294234948084,-17.23618241530735,3.791655020216723
2448232.5,-2414530003.221217,-5867531143.947427,1308473823.781963,-2.314269282177764,-17.23369987856028,3.791103481852673
2448242.5,-2416529091.320176,-5882419992.051621,1311749099.794789,-2.313250488481009,-17.23122807351286,3.790554356565567
2448252.5,-2418527301.823374,-5897306709.127024,1315023902.400121,-2.312237801898991,-17.22876692990132,3.790007628551392
2448262.5,-2420524639.985151,-5912191304.355049,1318298233.662436,-2.311231171135672,-17.22631637827009,3.789463282175692
2448272.5,-2422521111.015812,-5927073786.857464,1321572095.632774,-2.310230545543265,-17.22387634999733,3.788921301964619
2448282.5,-2424516720.082156,-5941954165.697107,1324845490.348872,-2.309235875061357,-17.22144677729809,3.78838167260743
2448292.5,-2426511472.307976,-5956832449.87862,1328118419.835317,-2.308247110188215,-17.21902759324139,3.787844378959953
2448302.5,-2428505371.631672,-5971708645.755485,1331390885.33283,-2.30726221894119,-17.21661423472392,3.787308067428852
2448312.5,-2430498423.698232,-5986582763.608006,1334662889.244184,-2.306285229961765,-17.21421592271792,3.786775463579277
2448322.5,-2432490634.247556,-6001454814.015404,1337934434.03969,-2.305314220739083,-17.2118283829792,3.786245277945142
2448332.5,-2434482008.316288,-6016324805.969658,1341205521.740517,-2.304348924411119,-17.20945097407943,3.785717371613048
2448342.5,-2436472550.816567,-6031192748.186881,1344476154.307663,-2.303389242689499,-17.20708349687215,3.785191699832034
2448352.5,-2438462266.44593,-6046058648.870418,1347746333.586672,-2.302434960768847,-17.20472544667774,3.784668148429364
2448362.5,-2440451160.175442,-6060922516.992585,1351016061.596239,-2.301486807983561,-17.20237879141135,3.784147163696264
2448372.5,-2442439237.644676,-6075784363.311462,1354285340.76637,-2.300545159231734,-17.20004454635787,3.783628985379679
2448382.5,-2444426503.476657,-6090644195.982788,1357554172.931904,-2.299608140988172,-17.19771790039086,3.783112506283262
2448392.5,-2446412959.512062,-6105502017.11175,1360822557.882618,-2.298672543761747,-17.19539233242559,3.78259521055372
2448402.5,-2448398612.053828,-6120357838.585644,1364090498.737231,-2.297746281479132,-17.1930849352224,3.782083061425629
2448412.5,-2450383466.646186,-6135211670.701688,1367357998.04811,-2.296825423395371,-17.19078730727125,3.781573111510341
2448422.5,-2452367527.913464,-6150063521.809204,1370625057.693886,-2.295909873551325,-17.18849925748854,3.781065315828486
2448432.5,-2454350800.422725,-6164913400.157248,1373891679.529608,-2.294999582081629,-17.18622071154808,3.780559656905334
2448442.5,-2456333288.684407,-6179761313.897436,1377157865.387327,-2.294094521103572,-17.18395164820611,3.78005612989728
2448452.5,-2458314997.335486,-6194607271.528524,1380423617.181744,-2.293194886885489,-17.18169258835395,3.779554858619868
2448462.5,-2460295930.931026,-6209451281.387448,1383688936.788986,-2.292300346868895,-17.17944276973838,3.779055662035904
2448472.5,-2462276093.669028,-6224293350.9907,1386953825.891496,-2.29141049940573,-17.17720127612413,3.778558325080319
2448482.5,-2464255488.348911,-6239133485.045343,1390218285.395372,-2.290521907298852,-17.17496132403705,3.778060924889446
2448492.5,-2466234118.987392,-6253971690.922831,1393482316.898802,-2.289642445541944,-17.17273900524801,3.777567900782431
2448502.5,-2468211991.936786,-6268807980.697543,1396745923.3231,-2.288767971922857,-17.17052584715693,3.777076933058823
2448512.5,-2470189111.429956,-6283642362.118712,1400009106.407108,-2.28789834360282,-17.16832154992237,3.77658795323686
2448522.5,-2472165481.689255,-6298474842.945111,1403271867.891879,-2.287033627552352,-17.16612631284703,3.776101006710969
2448532.5,-2474141106.941769,-6313305430.980959,1406534209.528636,-2.286173786847219,-17.16394008732046,3.775616082063454
2448542.5,-2476115991.396312,-6328134134.021267,1409796133.065943,-2.285318876742487,-17.16176304839135,3.775133216751671
2448552.5,-2478090139.500158,-6342960960.478316,1413057640.385911,-2.284469143919458,-17.1595958419219,3.774652549632787
2448562.5,-2480063555.322107,-6357785917.878304,1416318733.176547,-2.283623825782593,-17.15743664563451,3.774173683909064
2448572.5,-2482036240.003568,-6372609006.887399,1419579411.480811,-2.282777471050853,-17.15527264654564,3.77369350355402
2448582.5,-2484008198.284563,-6387430236.623823,1422839677.354005,-2.281941548633888,-17.15313097215212,3.773218565185001
2448592.5,-2485979436.336427,-6402249619.707304,1426099533.721812,-2.281110267816448,-17.15099797806231,3.772745572440283
2448602.5,-2487949958.151125,-6417067163.60827,1429358982.258818,-2.280283554789445,-17.14887351480884,3.772274493375476
2448612.5,-2489919767.560215,-6431882875.414775,1432618024.559055,-2.279461203257067,-17.14675708271027,3.771805222895653
2448622.5,-2491888868.408427,-6446696762.279865,1435876662.22976,-2.278643360626201,-17.14464910176996,3.771337848390656
2448632.5,-2493857264.569888,-6461508831.465492,1439134896.900396,-2.277829940844352,-17.14254938222436,3.770872329327096
2448642.5,-2495824959.73429,-6476319089.771301,1442392730.102605,-2.277020729589537,-17.14045738391212,3.770408551166677
2448652.5,-2497791957.695426,-6491127544.310962,1445650163.433084,-2.276216048859868,-17.13837401794283,3.769946704603739
2448662.5,-2499758261.650695,-6505934200.526814,1448907198.130184,-2.275412716814952,-17.13629029757753,3.769484870646648
2448672.5,-2501723874.209979,-6520739062.237359,1452163835.086015,-2.274617080101593,-17.1342242955369,3.769026909517713
2448682.5,-2503688801.212193,-6535542142.476948,1455420077.161033,-2.273825771035762,-17.13216650679406,3.768570791318528
2448692.5,-2505653046.373573,-6550343448.296773,1458675925.937654,-2.273038738010452,-17.13011683045647,3.768116493910943
2448702.5,-2507616613.370341,-6565142986.673372,1461931382.981771,-2.272255944296431,-17.12807520660967,3.767664003875361
2448712.5,-2509579505.86692,-6579940764.586942,1465186449.859978,-2.271477417223036,-17.12604175322176,3.76721334756861
2448722.5,-2511541727.623934,-6594736789.320259,1468441128.20724,-2.270703278879799,-17.12401684892572,3.766764611213001
2448732.5,-2513503282.34215,-6609531068.023634,1471695419.62977,-2.269933277839164,-17.1219998366332,3.766317647144968
2448742.5,-2515464173.384622,-6624323606.952828,1474949325.529516,-2.269167075685729,-17.11998982971043,3.76587225128262
2448752.5,-2517424404.306289,-6639114412.925274,1478202847.437152,-2.268405184472696,-17.11798827034589,3.765428755415452
2448762.5,-2519383978.717892,-6653903492.94464,1481455986.926451,-2.267647371392285,-17.11599456047859,3.764987021969219
2448772.5,-2521342900.129812,-6668690853.773547,1484708745.515781,-2.266893606087954,-17.11400865536329,3.764547040837801
2448782.5,-2523301172.02628,-6683476502.136052,1487961124.714775,-2.266143858387403,-17.11203051048117,3.764108801910576
2448792.5,-2525258797.86554,-6698260444.71784,1491213126.024322,-2.265398098304036,-17.11006008151374,3.763672295060265
2448802.5,-2527215781.07999,-6713042688.166375,1494464750.936557,-2.264656296002143,-17.10809732431201,3.763237510146638
2448812.5,-2529172125.076327,-6727823239.091054,1497716000.934848,-2.263918421815317,-17.10614219490289,3.762804437014585
2448822.5,-2531127833.235681,-6742602104.063346,1500966877.493782,-2.263184446226477,-17.10419464946256,3.762373065492807
2448832.5,-2533082908.913745,-6757379289.616928,1504217382.079157,-2.262454339877262,-17.10225464432095,3.761943385413993
2448842.5,-2535037355.44092,-6772154802.247806,1507467516.147982,-2.26172807357123,-17.10032213596518,3.761515386601484
2448852.5,-2536991176.122446,-6786928648.414461,1510717281.148484,-2.2610056182765,-17.09839708103419,3.761089058896816
2448862.5,-2538944374.238563,-6801700834.537979,1513966678.520118,-2.260286945148672,-17.09647943633648,3.760664392168529
2448872.5,-2540896953.04467,-6816471367.00221,1517215709.693604,-2.259572025529359,-17.09456915886054,3.76024137632074
2448882.5,-2542848915.771495,-6831240252.153915,1520464376.090961,-2.258860830981774,-17.09266620578148,3.759820001311931
2448892.5,-2544800265.625299,-6846007496.302952,1523712679.12556,-2.258153333299891,-17.09077053448822,3.759400257172026
2448902.5,-2546751005.788081,-6860773105.722456,1526960620.202195,-2.257449504529074,-17.08888210259861,3.758982134010878
2448912.5,-2548701139.417798,-6875537086.649055,1530208200.717152,-2.25674931698991,-17.08700086798017,3.758565622038308
2448922.5,-2550650669.648625,-6890299445.283086,1533455422.058311,-2.256052743301125,-17.08512678878187,3.758150711577978
2448932.5,-2552599599.591211,-6905060187.788858,1536702285.605242,-2.25535975639285,-17.08325982344999,3.75773739307598
2448942.5,-2554547932.332961,-6919819320.294925,1539948792.729317,-2.254670329530147,-17.08139993076389,3.757325657116653
2448952.5,-2556495670.938329,-6934576848.89437,1543194944.793841,-2.253984436328378,-17.07954706986457,3.756915494429439
2448962.5,-2558442818.449126,-6949332779.645142,1546440743.154167,-2.253302050747872,-17.07770120026924,3.756506895895461
2448972.5,-2560389377.884823,-6964087118.57039,1549686189.157842,-2.252623147133197,-17.07586228191915,3.756099852553021
2448982.5,-2562335352.242886,-6978839871.658841,1552931284.144737,-2.251947700184833,-17.07403027518607,3.755694355597772
2448992.5,-2564280744.499077,-6993591044.865171,1556176029.447182,-2.251275684969452,-17.0722051408952,3.75529039638086
2449002.5,-2566225557.607772,-7008340644.110421,1559420426.390104,-2.250607076915666,-17.07038684034719,3.75488796640826
2449012.5,-2568169794.502269,-7023088675.282396,1562664476.291151,-2.249941851796128,-17.0685753353168,3.754487057328814
2449022.5,-2570113458.095076,-7037835144.236083,1565908180.460819,-2.249279985718109,-17.06677058805849,3.75408766092895
2449032.5,-2572056551.278201,-7052580056.794064,1569151540.202558,-2.248621455104656,-17.06497256130753,3.75368976912085
2449042.5,-2573999076.923406,-7067323418.746921,1572394556.812884,-2.247966236676276,-17.06318121825297,3.753293373927776
2449052.5,-2575941037.882457,-7082065235.853632,1575637231.581461,-2.24731430742304,-17.0613965225309,3.752898467473167
2449062.5,-2577882436.987361,-7096805513.841932,1578879565.791189,-2.246665644595622,-17.0596184382001,3.752505041962379
2449072.5,-2579823277.050561,-7111544258.408676,1582121560.718259,-2.246020225670659,-17.05784692969829,3.752113089668922
2449082.5,-2581763560.865138,-7126281475.22015,1585363217.632214,-2.245378028338866,-17.05608196182425,3.751722602921042
2449092.5,-2583703291.204977,-7141017169.91236,1588604537.795984,-2.244739030477855,-17.05432349969145,3.751333574083166
2449102.5,-2585642470.824926,-7155751348.091301,1591845522.465915,-2.244103210134466,-17.05257150868966,3.750945995543257
2449112.5,-2587581102.460934,-7170484015.333164,1595086172.89178,-2.243470545509914,-17.05082595445601,3.750559859701777
2449122.5,-2589519188.830172,-7185215177.18455,1598326490.316787,-2.242841014932986,-17.04908680282889,3.750175158954257
2449132.5,-2591456732.63114,-7199944839.162613,1601566475.977567,-2.242214596860793,-17.04735401982336,3.749791885685139
2449142.5,-2593393736.543769,-7214673006.755218,1604806131.104166,-2.241591269841675,-17.0456275715946,3.749410032261667
2449152.5,-2595330203.229501,-7229399685.42103,1608045456.920023,-2.240971012526627,-17.04390742441798,3.749029591019597
2449162.5,-2597266135.331364,-7244124880.589629,1611284454.641942,-2.240353803647071,-17.04219354466881,3.748650554268237
2449172.5,-2599201535.474049,-7258848597.661576,1614523125.480068,-2.239739622010943,-17.04048589880768,3.748272914284524
2449182.5,-2601136406.263962,-7273570842.008488,1617761470.637862,-2.239128446497202,-17.03878445336399,3.747896663314815
2449192.5,-2603070750.289298,-7288291618.973091,1620999491.312073,-2.238520256061254,-17.03708917494116,3.74752179358279
2449202.5,-2605004570.120098,-7303010933.869288,1624237188.692724,-2.237915029733139,-17.03540003020684,3.747148297291253
2449212.5,-2606937868.308321,-7317728791.982211,1627474563.963093,-2.237312746619855,-17.03371698589958,3.746776166631468
2449222.5,-2608870647.387915,-7332445198.568291,1630711618.299717,-2.23671338593106,-17.03204000883675,3.746405393799399
2449232.5,-2610802909.874906,-7347160158.855313,1633948352.872389,-2.236116926970581,-17.03036906591707,3.746035971000268
2449242.5,-2612734658.267492,-7361873678.042524,1637184768.844178,-2.235523349169108,-17.02870412414589,3.745667890464569
2449252.5,-2614665895.046158,-7376585761.300699,1640420867.371458,-2.234932632093723,-17.02704515064475,3.745301144463769
2449262.5,-2616596622.673798,-7391296413.772267,1643656649.603945,-2.234344755465097,-17.02539211266582,3.744935725320575
2449272.5,-2618526843.59586,-7406005640.571428,1646892116.684755,-2.233759699184122,-17.0237449776222,3.744571625428215
2449282.5,-2620456560.240514,-7420713446.784307,1650127269.750461,-2.233177443346698,-17.02210371310716,3.744208837260036
2449292.5,-2622385775.018819,-7435419837.469112,1653362109.931175,-2.232597968264462,-17.02046828691487,3.743847353383793
2449302.5,-2624314490.324929,-7450124817.656326,1656596638.350634,-2.232021254482748,-17.01883866707784,3.743487166475333
2449312.5,-2626242708.536291,-7464828392.34892,1659830856.126293,-2.231447282803877,-17.01721482188901,3.743128269323354
2449322.5,-2628170432.013881,-7479530566.522593,1663064764.369433,-2.230876034280763,-17.01559671991953,3.742770654844772
2449332.5,-2630097663.10242,-7494231345.126028,1666298364.18527,-2.230307490250431,-17.01398433006575,3.742414316084769
2449342.5,-2632024404.130628,-7508930733.081171,1669531656.673067,-2.229741632320999,-17.01237762155452,3.742059246219704
2449352.5,-2633950657.411449,-7523628735.28354,1672764642.926251,-2.229178442382206,-17.01077656397463,3.741705438561201
2449362.5,-2635876425.242307,-7538325356.602535,1675997324.032526,-2.22861790259939,-17.00918112729253,3.741352886551637
2449372.5,-2637801709.905324,-7553020601.881775,1679229701.073986,-2.228059995403573,-17.00759128185693,3.74100158375787
2449382.5,-2639726513.667562,-7567714475.939433,1682461775.127216,-2.227504703488686,-17.00600699841268,3.740651523869067
2449392.5,-2641650838.781231,-7582406983.568572,1685693547.263399,-2.226952009783552,-17.0044282480995,3.740302700680414
2449402.5,-2643574687.4839,-7597098129.537485,1688925018.548403,-2.226401897452951,-17.00285500243309,3.73995510808904
2449412.5,-2645498061.998675,-7611787918.590018,1692156190.042857,-2.225854349869251,-17.00128723330377,3.739608740080928
2449422.5,-2647420964.534385,-7626476355.445882,1695387062.80223,-2.225309350594867,-16.99972491295224,3.739263590710511
2449432.5,-2649343397.28573,-7641163444.800943,1698617637.876878,-2.224766883364473,-16.99816801393907,3.738919654094935
2449442.5,-2651265362.433427,-7655849191.327495,1701847916.312098,-2.224226932067416,-16.99661650912308,3.7385769243972
2449452.5,-2653186862.144329,-7670533599.674492,1705077899.148156,-2.223689480724142,-16.99507037161774,3.738235395809094
2449462.5,-2655107898.571536,-7685216674.467757,1708307587.420309,-2.223154513474112,-16.9935295747652,3.737895062542015
2449472.5,-2657028473.854491,-7699898420.310169,1711536982.158815,-2.222622014556434,-16.9919940920988,3.737555918811297
2449482.5,-2658948590.119052,-7714578841.781809,1714766084.388932,-2.222091968287207,-16.99046389730252,3.737217958823102
2449492.5,-2660868249.477562,-7729257943.440077,1717994895.130905,-2.221564359065073,-16.98893896419398,3.736881176766969
2449502.5,-2662787454.028903,-7743935729.819786,1721223415.399949,-2.221039171329196,-16.9874192666752,3.73654556680681
2449512.5,-2664706205.85854,-7758612205.433244,1724451646.20622,-2.220516389571914,-16.9859047787225,3.73621112307032
2449522.5,-2666624507.03855,-7773287374.770292,1727679588.554786,-2.219995998321024,-16.98439547436418,3.735877839649984
2449532.5,-2668542359.627656,-7787961242.298348,1730907243.445593,-2.219477982129807,-16.98289132765656,3.735545710595376
2449542.5,-2670459765.671246,-7802633812.462422,1734134611.873428,-2.218962325577956,-16.98139231267739,3.735214729917562
2449552.5,-2672376727.201396,-7817305089.685133,1737361694.827888,-2.218449013269161,-16.97989840352161,3.734884891590662
2449562.5,-2674293246.23689,-7831975078.366724,1740588493.293348,-2.217938029830326,-16.97840957428842,3.734556189553222
2449572.5,-2676209324.783236,-7846643782.885067,1743815008.248934,-2.217429359913732,-16.97692579909443,3.734228617719348
2449582.5,-2678124964.832706,-7861311207.595673,1747041240.668507,-2.216922988217597,-16.97544705207036,3.73390216998687
2449592.5,-2680040168.364366,-7875977356.83171,1750267191.520653,-2.216418899479797,-16.97397330736628,3.733576840245832
2449602.5,-2681954937.344121,-7890642234.904037,1753492861.768676,-2.215917078503346,-16.97250453917872,3.733252622390938
2449612.5,-2683869273.724778,-7905305846.101228,1756718252.370614,-2.215417510163688,-16.97104072174953,3.732929510333883
2449622.5,-2685783179.446114,-7919968194.689638,1759943364.279258,-2.214920179429583,-16.96958182938831,3.73260749801754
2449632.5,-2687696656.434966,-7934629284.913459,1763168198.442182,-2.214425071382996,-16.96812783649778,3.73228657943069
2449642.5,-2689609706.605336,-7949289120.994811,1766392755.801792,-2.213932171232992,-16.96667871758687,3.731966748617497
2449652.5,-2691522331.858512,-7963947707.13385,1769617037.295377,-2.213441464341246,-16.96523444730143,3.731647999694842
2449662.5,-2693434534.083203,-7978605047.508894,1772841043.855178,-2.21295293623022,-16.96379500044716,3.731330326863103
2449672.5,-2695346315.155692,-7993261146.276568,1776064776.408465,-2.212466572616054,-16.96236035201871,3.731013724411739
2449682.5,-2697257676.939998,-8007916007.571984,1779288235.877617,-2.211982359403034,-16.96093047722024,3.730698186737663
2449692.5,-2699168621.288056,-8022569635.508936,1782511423.180219,-2.211500282708869,-16.95950535150109,3.730383708342483
2449702.5,-2701079150.039896,-8037222034.180115,1785734339.229153,-2.211020328864116,-16.95808495057024,3.730070283840992
2449712.5,-2702989265.023839,-8051873207.657347,1788956984.932699,-2.210542484421784,-16.95666925042901,3.72975790796499
2449722.5,-2704898968.056673,-8066523159.991857,1792179361.194634,-2.210066736151145,-16.95525822738059,3.729446575558575
2449732.5,-2706808260.943853,-8081171895.214528,1795401468.91433,-2.209593071036495,-16.95385185804771,3.729136281578042
2449742.5,-2708717145.479683,-8095819417.336194,1798623308.986845,-2.20912147627451,-16.95245011938446,3.728827021088132
2449752.5,-2710625623.44748,-8110465730.347912,1801844882.30302,-2.208651939246329,-16.95105298867216,3.728518789248811
2449762.5,-2712533696.619749,-8125110838.221259,1805066189.74955,-2.208184447529846,-16.94966044352146,3.728211581313284
2449772.5,-2714441366.75833,-8139754744.9086,1808287232.209069,-2.207718988865386,-16.94827246185957,3.727905392614153
2449782.5,-2716348635.614539,-8154397454.343363,1811508010.560202,-2.207255551144033,-16.94688902191209,3.727600218548524
2449792.5,-2718255504.92929,-8169038970.440285,1814728525.677626,-2.206794122394628,-16.94551010218737,3.727296054570916
2449802.5,-2720161976.433206,-8183679297.095647,1817948778.432108,-2.206334690761877,-16.94413568144475,3.726992896175531
2449812.5,-2722068051.846709,-8198318438.187472,1821168769.690534,-2.205877244490671,-16.94276573866361,3.726690738884224
2449822.5,-2723973732.880106,-8212956397.575713,1824388500.315932,-2.205421771911419,-16.94140025301988,3.726389578235139
2449832.5,-2725879021.233652,-8227593179.102394,1827607971.167473,-2.204968261422766,-16.94003920384426,3.726089409766137
2449842.5,-2727783918.597596,-8242228786.591741,1830827183.10047,-2.204516701468314,-16.9386825705878,3.725790229008788
2449852.5,-2729688426.65223,-8256863223.850266,1834046136.966368,-2.204067080546226,-16.93733033280796,3.725492031472376
2449862.5,-2731592547.067913,-8271496494.666856,1837264833.61272,-2.203619387170562,-16.93598247011736,3.725194812637047
2449872.5,-2733496281.505091,-8286128602.812796,1840483273.883159,-2.203173609876212,-16.93463896217401,3.724898567948103
2449882.5,-2735399631.61431,-8300759552.041807,1843701458.617365,-2.202729737204883,-16.93329978865467,3.724603292808727
2449892.5,-2737302599.036212,-8315389346.09005,1846919388.651026,-2.202287757696934,-16.93196492923238,3.724308982575919
2449902.5,-2739205185.401541,-8330017988.676124,1850137064.8158,-2.201847659891555,-16.93063436357241,3.724015632562888
2449912.5,-2741107392.331132,-8344645483.501044,1853354487.939275,-2.201409432317212,-16.92930807131637,3.723723238035358
2449922.5,-2743009221.435909,-8359271834.248226,1856571658.844931,-2.200973063501106,-16.92798603207607,3.72343179421844
2449932.5,-2744910674.316878,-8373897044.583462,1859788578.352105,-2.200538541960134,-16.92666822543944,3.723141296301886
2449942.5,-2746811752.565127,-8388521118.15489,1863005247.275965,-2.200105856217399,-16.9253546309692,3.722851739442393
2449952.5,-2748712457.761829,-8403144058.592989,1866221666.427486,-2.199674994805491,-16.92404522820787,3.722563118779102
2449962.5,-2750612791.478262,-8417765869.510554,1869437836.613437,-2.199245946278871,-16.92273999669466,3.722275429440328
2449972.5,-2752512755.275823,-8432386554.502704,1872653758.636377,-2.198818699223632,-16.92143891596857,3.721988666554012
2449982.5,-2754412350.706072,-8447006117.146892,1875869433.294662,-2.198393242278382,-16.92014196559306,3.721702825264002
2449992.5,-2756311579.310778,-8461624561.002917,1879084861.382461,-2.197969564147386,-16.9188491251706,3.721417900739465
2450002.5,-2758210442.621986,-8476241889.612995,1882300043.689787,-2.197547653614704,-16.9175603743595,3.721133888188046
2450012.5,-2760108942.162094,-8490858106.501787,1885514981.002532,-2.197127499576863,-16.91627569290918,3.720850782869969
2450022.5,-2762007079.443955,-8505473215.176509,1888729674.102523,-2.19670909103417,-16.91499506066335,3.720568580110754
2450032.5,-2763904855.970977,-8520087219.127018,1891944123.767575,-2.196292417135103,-16.91371845760558,3.720287275307355
2450042.5,-2765802273.237257,-8534700121.825937,1895158330.771564,-2.195877467174419,-16.91244586387782,3.720006863943019
2450052.5,-2767699332.72771,-8549311926.728816,1898372295.884503,-2.195464230606459,-16.91117725980218,3.719727341589701
2450062.5,-2769596035.918213,-8563922637.274286,1901586019.872619,-2.195052697058583,-16.90991262591132,3.719448703918089
2450072.5,-2771492384.27576,-8578532256.884263,1904799503.498443,-2.194642856334795,-16.9086519429715,3.719170946699107
2450082.5,-2773388379.258607,-8593140788.964144,1908012747.520895,-2.194234698416909,-16.90739519199601,3.718894065803698
2450092.5,-2775284022.316435,-8607748236.903044,1911225752.695371,-2.193828213460911,-16.90614235427182,3.718618057203781
2450102.5,-2777179314.890496,-8622354604.07403,1914438519.773831,-2.193423391802316,-16.90489341136131,3.718342916968992
2450112.5,-2779074258.413759,-8636959893.834352,1917651049.504876,-2.193020223932827,-16.90364834510715,3.718068641259549
2450122.5,-2780968854.311049,-8651564109.525705,1920863342.633828,-2.192618700504357,-16.90240713764583,3.717795226318934
2450132.5,-2782863103.999176,-8666167254.474468,1924075399.902795,-2.192218812305778,-16.90116977138507,3.71752266846425
2450142.5,-2784757008.887043,-8680769331.991934,1927287222.050732,-2.191820550253341,-16.89993622899832,3.717250964076659
2450152.5,-2786650570.375759,-8695370345.374535,1930498809.813491,-2.191423905376038,-16.89870649341027,3.716980109590238
2450162.5,-2788543789.858722,-8709970297.904049,1933710163.923859,-2.191028868795538,-16.89748054776568,3.716710101476593
2450172.5,-2790436668.721694,-8724569192.84778,1936921285.11159,-2.190635431716537,-16.89625837541021,3.716440936236546
2450182.5,-2792329208.342869,-8739167033.458717,1940132174.10342,-2.190243585403858,-16.89503995985962,3.716172610385158
2450192.5,-2794221410.092915,-8753763822.975668,1943342831.623075,-2.189853321179112,-16.8938252847696,3.715905120436914
2450202.5,-2796113275.335016,-8768359564.623371,1946553258.391271,-2.189464630390689,-16.89261433389838,3.71563846290391
2450212.5,-2798004805.424896,-8782954261.612568,1949763455.125697,-2.189077504416339,-16.89140709108853,3.71537263427407
2450222.5,-2799896001.710832,-8797547917.140055,1952973422.541001,-2.188691934641734,-16.89020354022765,3.71510763100781
2450232.5,-2801786865.533661,-8812140534.388727,1956183161.348754,-2.188307912455439,-16.88900366523222,3.714843449531024
2450242.5,-2803677398.226777,-8826732116.52759,1959392672.257424,-2.18792542923494,-16.887807450016,3.714580086225263
2450252.5,-2805567601.116114,-8841322666.711731,1962601955.97233,-2.187544476343102,-16.88661487847564,3.714317537426771
2450262.5,-2807457475.52014,-8855912188.082327,1965811013.195607,-2.187165045124744,-16.88542593447815,3.714055799424021
2450272.5,-2809347022.749827,-8870500683.766584,1969019844.626159,-2.186787126889794,-16.88424060184459,3.713794868452631
2450282.5,-2811236244.108637,-8885088156.877712,1972228450.959623,-2.186410712935222,-16.88305886434643,3.713534740705731
2450292.5,-2813125140.892497,-8899674610.514881,1975436832.88832,-2.186035794527642,-16.88188070570168,3.713275412332562
2450302.5,-2815013714.389777,-8914260047.763168,1978644991.101233,-2.18566236291323,-16.88070610957845,3.713016879441129
2450312.5,-2816901965.881282,-8928844471.69352,1981852926.283966,-2.185290409326852,-16.87953505959933,3.712759138113416
2450322.5,-2818789896.640239,-8943427885.362717,1985060639.118728,-2.184919924996645,-16.87836753934676,3.712502184408289
2450332.5,-2820677507.932297,-8958010291.813332,1988268130.28432,-2.184550901157463,-16.87720353237416,3.712246014374201
2450342.5,-2822564801.015542,-8972591694.07374,1991475400.456126,-2.184183329065911,-16.87604302222572,3.711990624061441
2450352.5,-2824451777.140517,-8987172095.158083,1994682450.306123,-2.183817200011641,-16.87488599244407,3.711736009530902
2450362.5,-2826338437.550262,-9001751498.066298,1997889280.502893,-2.183452505332856,-16.87373242659425,3.711482166869344
2450372.5,-2828224783.480362,-9016329905.78413,2001095891.711653,-2.183089236444881,-16.87258230829174,3.711229092198471
2450382.5,-2830110816.159015,-9030907321.28321,2004302284.59429,-2.182727384833627,-16.8714356212034,3.710976781690647
2450392.5,-2831996536.807109,-9045483747.521086,2007508459.809407,-2.182366942095206,-16.87029234909747,3.710725231575896
2450402.5,-2833881946.638322,-9060059187.441324,2010714418.01238,-2.182007899936766,-16.86915247585438,3.710474438153093
2450412.5,-2835767046.859215,-9074633643.973629,2013920159.855418,-2.181650250191659,-16.86801598549212,3.7102243977975
2450422.5,-2837651838.669355,-9089207120.033964,2017125685.987637,-2.181293984833264,-16.86688286219813,3.709975106970079
2450432.5,-2839536323.261437,-9103779618.524717,2020330997.055131,-2.180939095977333,-16.86575309034568,3.709726562218065
2450442.5,-2841420501.821408,-9118351142.334854,2023536093.701051,-2.180585575890456,-16.86462665451633,3.709478760180406
2450452.5,-2843304375.528591,-9132921694.34012,2026740976.565681,-2.180233416982581,-16.86350353952339,3.709231697586764
2450462.5,-2845187945.555829,-9147491277.403242,2029945646.286523,-2.179882611818714,-16.86238373041441,3.70898537125568
2450472.5,-2847071213.069589,-9162059894.374132,2033150103.498363,-2.179533153101051,-16.86126721248542,3.708739778092416
2450482.5,-2848954179.230099,-9176627548.090113,2036354348.833349,-2.17918503366544,-16.86015397128973,3.708494915078423
2450492.5,-2850836845.191446,-9191194241.376127,2039558382.921052,-2.178838246467645,-16.85904399262154,3.708250779265995
2450502.5,-2852719212.101683,-9205759977.044949,2042762206.388523,-2.178492784575649,-16.85793726251861,3.708007367770682
2450512.5,-2854601281.102911,-9220324757.897388,2045965819.860346,-2.178148641152047,-16.85683376724262,3.707764677757769
2450522.5,-2856483053.331366,-9234888586.722475,2049169223.95867,-2.177805809440196,-16.85573349325853,3.707522706431833
2450532.5,-2858364529.917472,-9249451466.297626,2052372419.303245,-2.177464282754678,-16.85463642721889,3.707281451027339
2450542.5,-2860245711.9859,-9264013399.388794,2055575406.511439,-2.1771240544542,-16.8535425559256,3.70704090879446
2450552.5,-2862126600.655607,-9278574388.750593,2058778186.198244,-2.176785117948952,-16.85245186631678,3.706801076985826
2450562.5,-2864007197.03986,-9293134437.126385,2061980758.97628,-2.176447466665559,-16.85136434542292,3.706561952852751
2450572.5,-2865887502.246262,-9307693547.248358,2065183125.455786,-2.176111094047336,-16.85027998034651,3.706323533624933
2450582.5,-2867767517.376743,-9322251721.837593,2068385286.244593,-2.1757759935404,-16.84919875823273,3.706085816508643
2450592.5,-2869647243.527578,-9336808963.604063,2071587241.948107,-2.17544215858264,-16.84812066624403,3.705848798675516
2450602.5,-2871526681.789358,-9351365275.246641,2074788993.169272,-2.175109582593301,-16.84704569153187,3.705612477255165
2450612.5,-2873405833.24698,-9365920659.4531,2077990540.508532,-2.174778258968851,-16.84597382122544,3.70537684933324
2450622.5,-2875284698.979627,-9380475118.90007,2081191884.563794,-2.174448181077709,-16.8449050424091,3.705141911945416
2450632.5,-2877163280.06073,-9395028656.252998,2084393025.93038,-2.174119342243569,-16.84383934210996,3.70490766207612
2450642.5,-2879041577.557943,-9409581274.166101,2087593965.200985,-2.173791735767343,-16.84277670729687,3.704674096662453
2450652.5,-2880919592.533113,-9424132975.282295,2090794702.96564,-2.173465354905577,-16.84171712486451,3.704441212593179
2450662.5,-2882797326.042246,-9438683762.233158,2093995239.811666,-2.173140192883042,-16.84066058164204,3.704209006714351
2450672.5,-2884674779.135481,-9453233637.638853,2097195576.323643,-2.172816242896476,-16.83960706439454,3.70397747583658
2450682.5,-2886551952.857071,-9467782604.108084,2100395713.083384,-2.172493498118734,-16.83855655982277,3.70374661674002
2450692.5,-2888428848.245362,-9482330664.238037,2103595650.66991,-2.172171951713055,-16.83750905457964,3.703516426187041
2450702.5,-2890305466.332793,-9496877820.614353,2106795389.65944,-2.171851596840304,-16.83646453527998,3.703286900929314
2450712.5,-2892181808.145897,-9511424075.81109,2109994930.625386,-2.17153242667517,-16.83542298851224,3.703058037718642
2450722.5,-2894057874.705321,-9525969432.39072,2113194274.138358,-2.171214434413179,-16.83438440085543,3.702829833324055
2450732.5,-2895933667.025854,-9540513892.904135,2116393420.766183,-2.170897613302053,-16.83334875890869,3.702602284533074
2450742.5,-2897809186.116468,-9555057459.890633,2119592371.07393,-2.170581956640167,-16.83231604929739,3.702375388171723
2450752.5,-2899684432.980381,-9569600135.877996,2122791125.623943,-2.170267457802061,-16.83128625870948,3.70214914111273
2450762.5,-2901559408.615119,-9584141923.382545,2125989684.975886,-2.169954110247299,-16.8302593739095,3.701923540283442
2450772.5,-2903434114.012602,-9598682824.909197,2129188049.6868,-2.169641907537714,-16.82923538176852,3.701698582677797
2450782.5,-2905308550.159236,-9613222842.951584,2132386220.311157,-2.169330843347181,-16.82821426928935,3.701474265362348
2450792.5,-2907182718.036009,-9627761979.99217,2135584197.400926,-2.169020911465833,-16.82719602362412,3.701250585479663
2450802.5,-2909056618.618604,-9642300238.502394,2138781981.505648,-2.168712105817778,-16.8261806321018,3.701027540256786
2450812.5,-2910930252.877501,-9656837620.942835,2141979573.172498,-2.168404420445107,-16.82516808224216,3.700805127002854
2450822.5,-2912803621.778093,-9671374129.763369,2145176972.946363,-2.168097849523828,-16.82415836177401,3.700583343107389
2450832.5,-2914676726.280796,-9685909767.40337,2148374181.369914,-2.167792387354384,-16.82315145864539,3.700362186042907
2450842.5,-2916549567.341152,-9700444536.291895,2151571198.983665,-2.167488028352482,-16.8221473610271,3.700141653354163
2450852.5,-2918422145.909925,-9714978438.84787,2154768026.326042,-2.167184767043322,-16.82114605731283,3.699921742655122
2450862.5,-2920294462.93319,-9729511477.480295,2157964663.933436,-2.166882598051861,-16.82014753611834,3.699702451621075
2450872.5,-2922166519.352421,-9744043654.588425,2161161112.34025,-2.16658151608732,-16.81915178626287,3.699483777976591
2450882.5,-2924038316.104549,-9758574972.561935,2164357372.078943,-2.166281515931801,-16.81815879675901,3.699265719488599
2450892.5,-2925909854.122028,-9773105433.781094,2167553443.680055,-2.165982592434217,-16.81716855679731,3.699048273952081
2450902.5,-2927781134.332879,-9787635040.616875,2170749327.672231,-2.165684740477534,-16.81618105570175,3.698831439184275
2450912.5,-2929652157.660718,-9802163795.431105,2173945024.582238,-2.165387954991249,-16.81519628293234,3.69861521300767
2450922.5,-2931522925.024792,-9816691700.57653,2177140534.934956,-2.165092230919945,-16.81421422803845,3.698399593242223
2450932.5,-2933393437.339982,-9831218758.396912,2180335859.253376,-2.1647975632175,-16.81323488063483,3.698184577693826
2450942.5,-2935263695.516812,-9845744971.227049,2183530998.058587,-2.164503946838119,-16.8122582303798,3.697970164147295
2450952.5,-2937133700.461442,-9860270341.392815,2186725951.869751,-2.164211376721954,-16.81128426694267,3.69775635035437
2450962.5,-2939003453.075648,-9874794871.211153,2189920721.20407,-2.163919847790706,-16.81031297998316,3.697543134029641
2450972.5,-2940872954.256812,-9889318562.990067,2193115306.576755,-2.163629354932507,-16.80934435913508,3.697330512843429
2450982.5,-2942742204.897882,-9903841419.028578,2196309708.50098,-2.163339893008118,-16.80837839397986,3.69711848441827
2450992.5,-2944611205.887346,-9918363441.616684,2199503927.487848,-2.163051456833595,-16.80741507403824,3.69690704632889
2451002.5,-2946479958.109202,-9932884633.035301,2202697964.046341,-2.16276404118624,-16.80645438876592,3.696696196097058
2451012.5,-2948348462.44291,-9947404995.556198,2205891818.68328,-2.162477640798199,-16.80549632753494,3.696485931196092
2451022.5,-2950216719.763367,-9961924531.441925,2209085491.903284,-2.162192250362402,-16.8045408796421,3.696276249055217
2451032.5,-2952084730.940863,-9976443242.945755,2212278984.20873,-2.161907864532041,-16.8035880343036,3.696067147061441
2451042.5,-2953952496.841055,-9990961132.31161,2215472296.099725,-2.161624477927534,-16.80263778065915,3.695858622567348
2451052.5,-2955820018.324944,-10005478201.774,2218665428.074076,-2.161342085147397,-16.80169010778426,3.695650672900692
2451062.5,-2957687296.248851,-10019994453.55796,2221858380.627272,-2.161060680768703,-16.8007450046934,3.695443295369561
2451072.5,-2959554331.464414,-10034509889.87903,2225051154.25247,-2.160780259374108,-16.79980246036284,3.695236487273234
2451082.5,-2961421124.81859,-10049024512.9432,2228243749.440501,-2.160500815546341,-16.79886246373106,3.695030245919267
2451092.5,-2963287677.153665,-10063538324.94691,2231436166.679867,-2.160222343896063,-16.79792500373024,3.69482456862339
2451102.5,-2965153989.307287,-10078051328.07701,2234628406.456765,-2.159944839071529,-16.79699006930129,3.694619452729049
2451112.5,-2967020062.1125,-10092563524.51085,2237820469.255112,-2.159668295772491,-16.79605764941559,3.694414895614203
2451122.5,-2968885896.397793,-10107074916.41623,2241012355.556572,-2.159392708764076,-16.79512773309411,3.694210894701706
2451132.5,-2970751492.987171,-10121585505.95152,2244204065.840615,-2.159118072893387,-16.79420030943804,3.694007447470643
2451142.5,-2972616852.700222,-10136095295.26572,2247395600.584553,-2.158844383098487,-16.79327536764622,3.693804551461157
2451152.5,-2974481976.352201,-10150604286.49852,2250586960.263602,-2.158571634410094,-16.79235289704041,3.693602204281093
2451162.5,-2976346864.754123,-10165112481.78047,2253778145.350945,-2.158299821978558,-16.79143288708918,3.693400403614481
2451172.5,-2978211518.712854,-10179619883.23309,2256969156.317797,-2.158028941057614,-16.79051532741958,3.693199147219735
2451182.5,-2980075939.031211,-10194126492.969,2260159993.633466,-2.157758987015664,-16.78960020784552,3.692998432930336
2451192.5,-2981940126.508056,-10208632313.09212,2263350657.765425,-2.15748995533215,-16.78868751837264,3.692798258656499
2451202.5,-2983804081.938391,-10223137345.69779,2266541149.179367,-2.157221841590783,-16.78777724920428,3.692598622378212
2451212.5,-2985667806.113449,-10237641592.87302,2269731468.339274,-2.156954641476752,-16.78686939075071,3.692399522143624
2451222.5,-2987531299.820771,-10252145056.69659,2272921615.707466,-2.156688350764334,-16.78596393362331,3.692200956059346
2451232.5,-2989394563.844283,-10266647739.23925,2276111591.744649,-2.156422965308345,-16.78506086862416,3.692002922283117
2451242.5,-2991257598.964362,-10281149642.56391,2279301396.909958,-2.156158481029662,-16.78416018673897,3.69180541901667
2451252.5,-2993120405.957886,-10295650768.72573,2282491031.660986,-2.155894893911615,-16.78326187912097,3.6916084444896
2451262.5,-2994982985.598277,-10310151119.7723,2285680496.453812,-2.155632199972673,-16.78236593705445,3.691411996958737
2451272.5,-2996845338.655539,-10324650697.74376,2288869791.743008,-2.155370395269889,-16.78147235195488,3.691216074688678
2451282.5,-2998707465.896272,-10339149504.67284,2292058917.98165,-2.155109475875637,-16.78058111532476,3.691020675943923
2451292.5,-3000569368.083692,-10353647542.58498,2295247875.621311,-2.154849437871768,-16.77969221873567,3.690825798980662
2451302.5,-3002431045.977626,-10368144813.49833,2298436665.112053,-2.154590277337209,-16.77880565380141,3.690631442035893
2451312.5,-3004292500.334509,-10382641319.42385,2301625286.902399,-2.15433199033665,-16.77792141214771,3.690437603317722
2451322.5,-3006153731.907367,-10397137062.36522,2304813741.43931,-2.154074572917075,-16.77703948539586,3.690244281001342
2451332.5,-3008014741.445797,-10411632044.31889,2308002029.168154,-2.153818021086482,-16.77615986513726,3.690051473218855
2451342.5,-3009875529.695937,-10426126267.27401,2311190150.532667,-2.153562330828196,-16.77528254291373,3.689859178057923
2451352.5,-3011736097.400432,-10440619733.21242,2314378105.97491,-2.153307498080643,-16.77440751020652,3.689667393559729
2451362.5,-3013596445.2984,-10455112444.10856,2317565895.935229,-2.153053518736206,-16.77353475842459,3.689476117711498
2451372.5,-3015456574.125392,-10469604401.92939,2320753520.852213,-2.15280038864241,-16.77266427889277,3.689285348453205
2451382.5,-3017316484.61335,-10484095608.63437,2323940981.162647,-2.1525481036018,-16.7717960628531,3.689095083677721
2451392.5,-3019176177.49057,-10498586066.17534,2327128277.301479,-2.152296659371068,-16.77093010145673,3.688905321232416
2451402.5,-3021035653.481664,-10513075776.49645,2330315409.701778,-2.152046051668781,-16.77006638577238,3.688716058927608
2451412.5,-3022894913.307532,-10527564741.53411,2333502378.794707,-2.15179627618122,-16.76920490679061,3.688527294541131
2451422.5,-3024753957.685331,-10542052963.21693,2336689185.0095,-2.151547328562229,-16.7683456554236,3.688339025827645
2451432.5,-3026612787.328462,-10556540443.46561,2339875828.773439,-2.151299204461693,-16.76748862253639,3.688151250524566
2451442.5,-3028471402.946557,-10571027184.19295,2343062310.511856,-2.151051899515343,-16.76663379893527,3.687963966367718
2451452.5,-3030329805.245487,-10585513187.30379,2346248630.648121,-2.150805409371527,-16.76578117540193,3.687777171094668
2451462.5,-3032187994.927367,-10599998454.695,2349434789.60366,-2.150559729700937,-16.76493074270753,3.687590862460628
2451472.5,-3034045972.690589,-10614482988.25549,2352620787.797965,-2.150314856207775,-16.76408249162792,3.68740503824488
2451482.5,-3035903739.229851,-10628966789.86619,2355806625.648629,-2.150070784647069,-16.76323641296906,3.68721969626357
2451492.5,-3037761295.23621,-10643449861.40013,2358992303.571375,-2.149827510835608,-16.76239249759075,3.687034834378007
2451502.5,-3039618641.397143,-10657932204.72244,2362177821.980101,-2.149585030666233,-16.76155073642388,3.686850450501562
2451512.5,-3041475778.396607,-10672413821.69049,2365363181.286926,-2.149343340107641,-16.76071112049814,3.686666542608961
2451522.5,-3043332706.915124,-10686894714.15394,2368548381.902248,-2.149102435231239,-16.75987364096454,3.686483108739659
2451532.5,-3045189427.629858,-10701374883.95485,2371733424.234801,-2.148862312199098,-16.75903828910756,3.686300147002463
2451542.5,-3047045941.214699,-10715854332.92783,2374918308.691717,-2.148622967275458,-16.7582050563744,3.686117655577248
2451552.5,-3048902248.340356,-10730333062.90016,2378103035.678583,-2.148384396822517,-16.75737393438023,3.685935632713319
2451562.5,-3050758349.674435,-10744811075.69196,2381287605.599507,-2.148146597299734,-16.75654491491997,3.685754076728697
2451572.5,-3052614245.881525,-10759288373.11636,2384472018.857167,-2.14790956525993,-16.75571798997766,3.685572986007015
2451582.5,-3054469937.623269,-10773764956.9796,2387656275.852872,-2.1476732973375,-16.75489315172087,3.685392358988417
2451592.5,-3056325425.558442,-10788240829.08129,2390840376.986609,-2.14743779024607,-16.75407039250107,3.685212194165596
2451602.5,-3058180710.343002,-10802715991.21445,2394024322.657082,-2.147203040757329,-16.75324970483587,3.685032490077858
2451612.5,-3060035792.630147,-10817190445.16574,2397208113.261743,-2.146969045705542,-16.75243108140759,3.684853245292538
2451622.5,-3061890673.070357,-10831664192.71555,2400391749.196821,-2.146735801963337,-16.75161451503365,3.684674458406121
2451632.5,-3063745352.311425,-10846137235.63812,2403575230.857342,-2.146503306434058,-16.75079999865123,3.684496128027352
2451642.5,-3065599830.998474,-10860609575.70161,2406758558.637128,-2.146271556039572,-16.74998752528877,3.684318252768863
2451652.5,-3067454109.773976,-10875081214.66822,2409941732.928801,-2.146040547711823,-16.74917708804784,3.684140831239112
2451662.5,-3069308189.277751,-10889552154.29418,2413124754.123777,-2.14581027837881,-16.74836868007159,3.683963862029925
2451672.5,-3071162070.146958,-10904022396.32984,2416307622.612244,-2.145580744955413,-16.74756229452237,3.683787343709846
2451682.5,-3073015753.016086,-10918491942.51961,2419490338.783144,-2.145351944342965,-16.74675792456165,3.683611274817549
2451692.5,-3074869238.516929,-10932960794.60199,2422672903.024133,-2.145123873403103,-16.74595556331867,3.683435653853055
2451702.5,-3076722527.27856,-10947428954.30954,2425855315.72156,-2.144896528970869,-16.74515520388451,3.683260479273245
2451712.5,-3078575619.9273,-10961896423.36881,2429037577.260419,-2.14466990783932,-16.74435683928779,3.683085749489864
2451722.5,-3080428517.08668,-10976363203.50031,2432219688.024308,-2.144444006755136,-16.74356046248179,3.682911462864009
2451732.5,-3082281219.377398,-10990829296.41842,2435401648.395391,-2.144218822420158,-16.74276606633986,3.682737617709408
2451742.5,-3084133727.417282,-11005294703.8313,2438583458.754354,-2.143994351487317,-16.74197364364568,3.682564212290389
2451752.5,-3085986041.821251,-11019759427.44088,2441765119.480361,-2.143770590562867,-16.74118318708931,3.682391244825552
2451762.5,-3087838163.201269,-11034223468.94271,2444946630.951019,-2.143547536208569,-16.74039468927243,3.682218713493572
2451772.5,-3089690092.166313,-11048686830.02591,2448127993.542347,-2.143325184950977,-16.73960814271244,3.682046616433258
2451782.5,-3091541829.322344,-11063149512.3731,2451309207.628744,-2.143103533275975,-16.73882353983384,3.681874951760858
2451792.5,-3093393375.272277,-11077611517.66033,2454490273.582968,-2.142882577654739,-16.73804087300367,3.681703717567016
2451802.5,-3095244730.615973,-11092072847.55702,2457671191.776124,-2.142662314538512,-16.73726013452111,3.681532911930847
2451812.5,-3097095895.95022,-11106533503.72592,2460851962.577656,-2.142442740377841,-16.73648131664323,3.68136253292993
2451822.5,-3098946871.868744,-11120993487.82307,2464032586.355346,-2.142223851632314,-16.73570441159897,3.68119257864869
2451832.5,-3100797658.962225,-11135452801.49781,2467213063.475332,-2.14200564478255,-16.73492941160386,3.681023047187931
2451842.5,-3102648257.818312,-11149911446.39274,2470393394.30212,-2.141788116347793,-16.73415630888655,3.680853936677186
2451852.5,-3104498669.021666,-11164369424.14375,2473573579.198615,-2.141571262887409,-16.73338509570578,3.680685245279938
2451862.5,-3106348893.154003,-11178826736.38009,2476753618.526154,-2.141355081029996,-16.73261576437154,3.680516971205772
2451872.5,-3108198930.794155,-11193283384.72437,2479933512.644548,-2.141139567468,-16.73184830726947,3.680349112718241
2451882.5,-3110048782.518126,-11207739370.79267,2483113261.912135,-2.140924718973476,-16.73108271688399,3.680181668135015
2451892.5,-3111898448.899173,-11222194696.19462,2486292866.685823,-2.140710532404005,-16.73031898581474,3.680014635838852
2451902.5,-3113747930.507874,-11236649362.53354,2489472327.321155,-2.14049700470627,-16.72955710679967,3.679848014277697
2451912.5,-3115597227.912207,-11251103371.40651,2492651644.172358,-2.140284132915503,-16.72879707272402,3.679681801964306
2451922.5,-3117446341.677626,-11265556724.40455,2495830817.592403,-2.14007191415767,-16.7280388766384,3.6795159974781
2451932.5,-3119295272.367141,-11280009423.11273,2499009847.933062,-2.139860345644602,-16.72728251176345,3.67935059946039
2451942.5,-3121144020.541389,-11294461469.11036,2502188735.544957,-2.139649424663521,-16.72652797148915,3.679185606609786
2451952.5,-3122992586.758691,-11308912863.9711,2505367480.77761,-2.139439148581912,-16.72577524938661,3.679021017675294
2451962.5,-3124840971.575125,-11323363609.26313,2508546083.979481,-2.139229514821229,-16.72502433917673,3.678856831454762
2451972.5,-3126689175.544564,-11337813706.54926,2511724545.498009,-2.139020520861377,-16.72427523474148,3.678693046777961
2451982.5,-3128537199.218722,-11352263157.3871,2514902865.67963,-2.138812164223784,-16.72352793010043,3.678529662503895
2451992.5,-3130385043.147186,-11366711963.32912,2518081044.869807,-2.138604442459023,-16.72278241938808,3.67836667750734
2452002.5,-3132232707.877436,-11381160125.9228,2521259083.413034,-2.138397353139114,-16.72203869683647,3.678204090672244
2452012.5,-3134080193.954859,-11395607646.71061,2524436981.652838,-2.13819089384592,-16.72129675675273,3.678041900880804
2452022.5,-3135927501.922752,-11410054527.23019,2527614739.931779,-2.137985062161146,-16.72055659348964,3.677880107003265
2452032.5,-3137774632.32232,-11424500769.01427,2530792358.591433,-2.137779855649751,-16.71981820142778,3.677718707891196
2452042.5,-3139621585.692661,-11438946373.59074,2533969837.97237,-2.137575271868442,-16.71908157494917,3.67755770236919
2452052.5,-3141468362.570743,-11453391342.48264,2537147178.414133,-2.13737130834107,-16.71834670841074,3.677397089228259
2452062.5,-3143314963.491386,-11467835677.20811,2540324380.255202,-2.137167962559994,-16.71761359613844,3.677236867218633
2452072.5,-3145161388.987225,-11482279379.28035,2543501443.83296,-2.1369652319772,-16.7168822323965,3.677077035046675
2452082.5,-3147007639.588674,-11496722450.2076,2546678369.483651,-2.136763114001433,-16.71615261137907,3.676917591372173
2452092.5,-3148853715.823891,-11511164891.49303,2549855157.542339,-2.136561605995736,-16.71542472720202,3.676758534807429
2452102.5,-3150699618.218733,-11525606704.63469,2553031808.342872,-2.136360705272621,-16.71469857388916,3.676599863914952
2452112.5,-3152545347.296714,-11540047891.12545,2556208322.217831,-2.136160409099412,-16.7139741453727,3.676441577212462
2452122.5,-3154390903.578967,-11554488452.45286,2559384699.498502,-2.135960714692613,-16.71325143549031,3.676283673174608
2452132.5,-3156236287.584201,-11568928390.09915,2562560940.514832,-2.135761619231386,-16.71253043799101,3.676126150233292
2452142.5,-3158081499.828671,-11583367705.54106,2565737045.595402,-2.135563119852376,-16.71181114652724,3.675969006795035
2452152.5,-3159926540.826147,-11597806400.24984,2568913015.067403,-2.135365213664967,-16.71109355467988,3.675812241234973
2452162.5,-3161771411.087885,-11612244475.69116,2572088849.256613,-2.135167897754968,-16.71037765595528,3.675655851911745
2452172.5,-3163616111.122625,-11626681933.32506,2575264548.487388,-2.134971169197879,-16.70966344380619,3.675499837176095
2452182.5,-3165460641.436574,-11641118774.60589,2578440113.082659,-2.134775025066692,-16.70895091164043,3.675344195377454
2452192.5,-3167305002.533416,-11655555000.98231,2581615543.363934,-2.134579462446157,-16.70824005284046,3.675188924875803
2452202.5,-3169149194.914323,-11669990613.89722,2584790839.651311,-2.134384478447223,-16.70753086078509,3.675034024050728
2452212.5,-3170993219.077987,-11684425614.78786,2587966002.263501,-2.134190070205652,-16.70682332886188,3.674879491308444
2452222.5,-3172837075.520648,-11698860005.08572,2591141031.517851,-2.133996234917961,-16.70611745049614,3.674725325094229
2452232.5,-3174680764.736144,-11713293786.21666,2594315927.730388,-2.133802969831909,-16.70541321916688,3.674571523898443
2452242.5,-3176524287.215961,-11727726959.60093,2597490691.215852,-2.133610272260815,-16.70471062843144,3.674418086259745
2452252.5,-3178367643.449302,-11742159526.65326,2600665322.287746,-2.133418139594433,-16.70400967194579,3.674265010776083
2452262.5,-3180210833.923142,-11756591488.78293,2603839821.258387,-2.133226569300043,-16.70331034348134,3.674112296103896
2452272.5,-3182053859.122308,-11771022847.39391,2607014188.438958,-2.133035558926734,-16.70261263694108,3.67395994096162
2452282.5,-3183896719.529542,-11785453603.88496,2610188424.139562,-2.132845106106587,-16.70191654637749,3.673807944130538
2452292.5,-3185739415.625576,-11799883759.64978,2613362528.669275,-2.132655208551379,-16.70122206599618,3.673656304450394
2452302.5,-3187581947.889196,-11814313316.07711,2616536502.336195,-2.132465864044272,-16.70052919015954,3.67350502082067
2452312.5,-3189424316.797307,-11828742274.55091,2619710345.447491,-2.132277070445927,-16.69983791340333,3.673354092188304
2452322.5,-3191266522.824986,-11843170636.45047,2622884058.309446,-2.132088825670423,-16.6991482304049,3.673203517550044
2452332.5,-3193108566.44554,-11857598403.15056,2626057641.227489,-2.13190112768878,-16.6984601359999,3.673053295938448
2452342.5,-3194950448.130537,-11872025576.02154,2629231094.506228,-2.131713974512927,-16.69777362515737,3.672903426416101
2452352.5,-3196792168.34984,-11886452156.42949,2632404418.449472,-2.131527364186205,-16.69708869296216,3.672753908065859
2452362.5,-3198633727.571634,-11900878145.73625,2635577613.360242,-2.131341294775633,-16.69640533460193,3.672604739983564
2452372.5,-3200475126.262442,-11915303545.29958,2638750679.540781,-2.131155764357446,-16.69572354533981,3.672455921266084
2452382.5,-3202316364.887123,-11929728356.47315,2641923617.292545,-2.130970771014078,-16.69504332049333,3.672307451004046
2452392.5,-3204157443.908874,-11944152580.6066,2645096426.916204,-2.130786312811211,-16.69436465541202,3.672159328274039
2452402.5,-3205998363.789222,-11958576219.04558,2648269108.711618,-2.130602387808538,-16.69368754545424,3.672011552127405
2452412.5,-3207839124.988003,-11972999273.13168,2651441662.977816,-2.130418994037767,-16.693011985963,3.671864121587824
2452422.5,-3209679727.963339,-11987421744.20251,2654614090.012966,-2.130236129499987,-16.6923379722525,3.671717035641579
2452432.5,-3211520173.171611,-12001843633.59155,2657786390.114344,-2.130053792158154,-16.6916654995822,3.67157029323331
2452442.5,-3213360461.067423,-12016264942.62822,2660958563.578296,-2.129871979935379,-16.69099456314904,3.67142389326483
2452452.5,-3215200592.103563,-12030685672.63771,2664130610.7002,-2.129690690708717,-16.69032515807206,3.671277834590559
2452462.5,-3217040566.730966,-12045105824.94097,2667302531.774419,-2.129509922306573,-16.68965727938188,3.671132116017085
2452472.5,-3218880385.398668,-12059525400.85462,2670474327.094271,-2.129329672512815,-16.68899092202178,3.670986736305443
2452482.5,-3220720048.553771,-12073944401.69087,2673645996.95198,-2.129149939056231,-16.68832608082949,3.670841694174718
2452492.5,-3222559556.641398,-12088362828.75744,2676817541.638646,-2.128970719629495,-16.68766275055917,3.670696988298638
2452502.5,-3224398910.104656,-12102780683.35745,2679988961.444211,-2.128792011880853,-16.68700092586841,3.670552617319496
2452512.5,-3226238109.384604,-12117197966.78938,2683160256.657424,-2.128613813422333,-16.68634060132768,3.670408579847457
2452522.5,-3228077154.92023,-12131614680.347,2686331427.565831,-2.128436121839777,-16.68568177143136,3.67026487447176
2452532.5,-3229916047.148423,-12146030825.31927,2689502474.455745,-2.128258934699951,-16.68502443060846,3.670121499766936
2452542.5,-3231754786.503967,-12160446402.99032,2692673397.612248,-2.128082249559603,-16.68436857323172,3.669978454300703
2452552.5,-3233593373.419534,-12174861414.63941,2695844197.319185,-2.127906063976866,-16.68371419363904,3.669835736645275
2452562.5,-3235431808.325695,-12189275861.54089,2699014873.859172,-2.127730375528585,-16.68306128614806,3.669693345384125
2452572.5,-3237270091.650929,-12203689744.9642,2702185427.513609,-2.127555181806739,-16.68240984506853,3.669551279123312
2452582.5,-3239108223.821657,-12218103066.17387,2705355858.562704,-2.127380480447572,-16.68175986473686,3.669409536497876
2452592.5,-3240946205.262274,-12232515826.42954,2708526167.285502,-2.127206269131339,-16.6811113395225,3.669268116180799
2452602.5,-3242784036.395195,-12246928026.98603,2711696353.959919,-2.12703254559477,-16.68046426385594,3.669127016889973
2452612.5,-3244621717.640908,-12261339669.09337,2714866418.862788,-2.126859307639479,-16.67981863224967,3.668986237394391
2452622.5,-3246459249.41803,-12275750753.99689,2718036362.269898,-2.126686553135637,-16.67917443931185,3.668845776516598
2452632.5,-3248296632.143369,-12290161282.93731,2721206184.456048,-2.126514280029605,-16.67853167976896,3.66870563313812
2452642.5,-3250133866.231993,-12304571257.15087,2724375885.695094,-2.126342486340347,-16.6778903484779,3.668565806198919
2452652.5,-3251970952.097291,-12318980677.86938,2727545466.260002,-2.126171170165517,-16.67725044044061,3.668426294693433
2452662.5,-3253807890.151035,-12333389546.32044,2730714926.422896,-2.126000329669391,-16.6766119507985,3.668287097679386
2452672.5,-3255644680.803446,-12347797863.7275,2733884266.455107,-2.125829963088222,-16.67597487485548,3.668148214259215
2452682.5,-3257481324.463247,-12362205631.31002,2737053486.627206,-2.125660068715502,-16.67533920805934,3.668009643584202
2452692.5,-3259317821.537706,-12376612850.2836,2740222587.209057,-2.12549064489832,-16.67470494600626,3.667871384845895
2452702.5,-3261154172.432686,-12391019521.86006,2743391568.469834,-2.125321690025322,-16.67407208442295,3.667733437266613
2452712.5,-3262990377.552672,-12405425647.24761,2746560430.678051,-2.125153202519789,-16.67344061915647,3.667595800093582
2452722.5,-3264826437.300796,-12419831227.65093,2749729174.10158,-2.12498518083098,-16.67281054615702,3.667458472589515
2452732.5,-3266662352.078857,-12434236264.27121,2752897799.00766,-2.124817623413586,-16.67218186145478,3.667321454021653
2452742.5,-3268498122.287325,-12448640758.30623,2756066305.662894,-2.12465052873913,-16.67155456114301,3.667184743656773
2452752.5,-3270333748.325345,-12463044710.95045,2759234694.333249,-2.12448389526612,-16.67092864134984,3.667048340751337
2452762.5,-3272169230.590724,-12477448123.39496,2762402965.28404,-2.124317721441994,-16.67030409822181,3.666912244540022
2452772.5,-3274004569.479923,-12491850996.82754,2765571118.779915,-2.124152005694687,-16.66968092790094,3.666776454234242
2452782.5,-3275839765.38803,-12506253332.43262,2768739155.084822,-2.123986746422479,-16.6690591265025,3.666640969011514
2452792.5,-3277674818.708735,-12520655131.39126,2771907074.461984,-2.123821941989902,-16.66843869009714,3.666505788012282
2452802.5,-3279509729.834301,-12535056394.88108,2775074877.173865,-2.123657590723166,-16.6678196146995,3.666370910336227
2452812.5,-3281344499.155523,-12549457124.07626,2778242563.48213,-2.123493690904905,-16.66720189624838,3.666236335037517
2452822.5,-3283179127.061695,-12563857320.14741,2781410133.647609,-2.123330240769591,-16.66658553059949,3.666102061126193
2452832.5,-3285013613.940563,-12578256984.26153,2784577587.930255,-2.123167238509679,-16.66597051352786,3.665968087563143
2452842.5,-3286847960.178293,-12592656117.58193,2787744926.589107,-2.123004682263851,-16.66535684069765,3.665834413270293
2452852.5,-3288682166.15942,-12607054721.26813,2790912149.882252,-2.12284257013037,-16.66474450769006,3.665701037124537
2452862.5,-3290516232.266822,-12621452796.47579,2794079258.066791,-2.122680900162574,-16.66413350998892,3.665567957965621
2452872.5,-3292350158.881672,-12635850344.35663,2797246251.398807,-2.12251967037515,-16.66352384298598,3.665435174600477
2452882.5,-3294183946.383421,-12650247366.05836,2800413130.133339,-2.12235887875251,-16.66291550199334,3.665302685811236
2452892.5,-3296017595.149761,-12664643862.7246,2803579894.52437,-2.122198523253057,-16.66230848224711,3.665170490359684
2452902.5,-3297851105.556614,-12679039835.49481,2806746544.824801,-2.122038601822581,-16.66170277892145,3.665038586997263
2452912.5,-3299684477.978124,-12693435285.5043,2809913081.286461,-2.121879112392933,-16.66109838714445,3.664906974472833
2452922.5,-3301517712.786653,-12707830213.88412,2813079504.160094,-2.121720052911285,-16.66049530200962,3.664775651540749
2452932.5,-3303350810.352792,-12722224621.76107,2816245813.695374,-2.121561421336409,-16.65989351859401,3.66464461697268
2452942.5,-3305183771.045379,-12736618510.25773,2819412010.140924,-2.121403215653466,-16.65929303198423,3.664513869560909
2452952.5,-3307016595.231527,-12751011880.49241,2822578093.744338,-2.121245433884637,-16.65869383728475,3.664383408129779
2452962.5,-3308849283.276662,-12765404733.57923,2825744064.752206,-2.121088074100545,-16.65809592964739,3.664253231543481
2452972.5,-3310681835.544564,-12779797070.62814,2828909923.410164,-2.120931134425978,-16.6574993042868,3.664123338709974
2452982.5,-3312514252.397419,-12794188892.74498,2832075669.962918,-2.120774613047234,-16.65690395649903,3.663993728586944
2452992.5,-3314346534.195875,-12808580201.03158,2835241304.654298,-2.120618508220289,-16.65630988168391,3.663864400186748
2453002.5,-3316178681.299106,-12822970996.58585,2838406827.727307,-2.120462818264995,-16.65571707535331,3.663735352576136
2453012.5,-3318010694.064858,-12837361280.50187,2841572239.424162,-2.12030754157741,-16.65512553315561,3.66360658487484
2453022.5,-3319842572.849528,-12851751053.87,2844737539.98635,-2.120152676617901,-16.6545352508667,3.6634780962635
2453032.5,-3321674318.008208,-12866140317.77704,2847902729.654661,-2.11999822191264,-16.65394622441153,3.663349885967939
2453042.5,-3323505929.89474,-12880529073.30633,2851067808.669248,-2.119844176047509,-16.65335844985787,3.663221953263689
2453052.5,-3325337408.861771,-12894917321.53785,2854232777.26965,-2.119690537660135,-16.65277192341396,3.663094297466877
2453062.5,-3327168755.26079,-12909305063.54839,2857397635.694832,-2.119537305431574,-16.65218664141692,3.662966917927413
2453072.5,-3328999969.442161,-12923692300.4116,2860562384.18321,-2.119384478079852,-16.65160260032695,3.662839814023443
2453082.5,-3330831051.755154,-12938079033.19815,2863727022.972672,-2.119232054349811,-16.65101979670862,3.662712985150255
2453092.5,-3332662002.547959,-12952465262.97574,2866891552.300588,-2.119080032994549,-16.65043822720919,3.662586430713827
2453102.5,-3334492822.167699,-12966850990.80925,2870055972.403814,-2.118928412788039,-16.64985788854879,3.662460150122496
2453112.5,-3336323510.960433,-12981236217.7607,2873220283.518695,-2.118777192495533,-16.6492787774866,3.662334142777784
2453122.5,-3338154069.271149,-12995620944.88937,2876384485.881052,-2.118626370873102,-16.6487008908105,3.662208408065472
2453132.5,-3339984497.443757,-13010005173.25172,2879548579.726168,-2.118475946660427,-16.64812422531126,3.662082945350827
2453142.5,-3341814795.821063,-13024388903.90147,2882712565.288763,-2.118325918571069,-16.64754877775946,3.661957753969366
2453152.5,-3343644964.744752,-13038772137.88952,2885876442.80297,-2.118176285289278,-16.6469745448926,3.661832833224125
2453162.5,-3345475004.555358,-13053154876.26392,2889040212.502306,-2.118027045462282,-16.64640152339627,3.661708182378795
2453172.5,-3347304915.592227,-13067537120.06985,2892203874.619629,-2.1178781976974,-16.64582970988794,3.661583800654718
2453182.5,-3349134698.19348,-13081918870.34952,2895367429.387109,-2.117729740555353,-16.64525910090611,3.66145968723293
2453192.5,-3350964352.69598,-13096300128.14211,2898530877.036187,-2.117581672555728,-16.64468969291161,3.661335841243608
2453202.5,-3352793879.435289,-13110680894.48371,2901694217.797537,-2.117433992167736,-16.64412148226032,3.661212261779428
2453212.5,-3354623278.745625,-13125061170.40722,2904857451.901028,-2.117286697817276,-16.64355446522407,3.6610889478878
2453222.5,-3356452550.95983,-13139440956.94228,2908020579.575687,-2.117139787884281,-16.64298863797448,3.660965898576837
2453232.5,-3358281696.409325,-13153820255.11517,2911183601.049673,-2.116993260709672,-16.64242399659224,3.660843112821238
2453242.5,-3360110715.424084,-13168199065.94877,2914346516.550243,-2.11684711459962,-16.64186053707272,3.660720589566446
2453252.5,-3361939608.332603,-13182577390.46243,2917509326.303734,-2.116701347829344,-16.64129825532866,3.660598327734257
2453262.5,-3363768375.461883,-13196955229.67198,2920672030.535543,-2.116555958659133,-16.64073714720795,3.660476326232152
2453272.5,-3365597017.137406,-13211332584.5896,2923834629.470121,-2.116410945325991,-16.64017720849727,3.660354583960157
2453282.5,-3367425533.683141,-13225709456.22382,2926997123.330967,-2.116266306076135,-16.6396184349436,3.66023309981732
2453292.5,-3369253925.421537,-13240085845.57951,2930159512.340634,-2.116122039160263,-16.63906082226698,3.660111872714514
2453302.5,-3371082192.673542,-13254461753.6578,2933321796.720737,-2.115978142845997,-16.63850436617866,3.659990901577399
2453312.5,-3372910335.758618,-13268837181.45613,2936483976.691976,-2.115834615430574,-16.6379490623989,3.659870185358073
2453322.5,-3374738354.994771,-13283212129.96827,2939646052.474158,-2.115691455250412,-16.63739490667986,3.659749723041977
2453332.5,-3376566250.698588,-13297586600.18431,2942808024.286234,-2.115548660687888,-16.63684189481955,3.659629513652603
2453342.5,-3378394023.185286,-13311960593.09076,2945969892.346323,-2.115406230180052,-16.63629002268604,3.659509556259346
2453352.5,-3380221672.768754,-13326334109.67058,2949131656.871769,-2.115264162225852,-16.63573928623623,3.659389849979633
2453362.5,-3382049199.761612,-13340707150.90331,2952293318.079172,-2.115122455382115,-16.63518968151787,3.659270393985982
2453372.5,-3383876604.47526,-13355079717.76508,2955454876.184435,-2.11498110827876,-16.63464120471026,3.659151187499443
2453382.5,-3385703887.219944,-13369451811.22882,2958616331.40282,-2.114840119606338,-16.6340938521105,3.659032229796425
2453392.5,-3387531048.304808,-13383823432.26427,2961777683.948979,-2.114699488117919,-16.63354762014986,3.658913520202814
2453402.5,-3389358088.037939,-13398194581.83819,2964938934.037005,-2.114559212625955,-16.63300250539912,3.658795058092837
2453412.5,-3391185006.726425,-13412565260.9144,2968100081.88047,-2.114419291993652,-16.63245850456128,3.65867684288164
2453422.5,-3393011804.67639,-13426935470.45396,2971261127.692453,-2.114279725130245,-16.63191561446916,3.6585588740215
2453432.5,-3394838482.193033,-13441305211.41522,2974422071.685579,-2.114140510980314,-16.63137383207752,3.65844115099433
2453442.5,-3396665039.580654,-13455674484.75396,2977582914.072029,-2.114001648522436,-16.63083315444677,3.658323673302133
2453452.5,-3398491477.142677,-13470043291.42346,2980743655.063563,-2.113863136746443,-16.63029357872459,3.658206440464078
2453462.5,-3400317795.181662,-13484411632.37455,2983904294.87153,-2.113724974658827,-16.62975510213739,3.658089452001942
2453472.5,-3402143993.999311,-13498779508.55571,2987064833.706864,-2.113587161266679,-16.6292177219582,3.657972707435925
2453482.5,-3403970073.896467,-13513146920.91308,2990225271.78008,-2.113449695571626,-16.62868143549638,3.657856206276568
2453492.5,-3405796035.173104,-13527513870.39047,2993385609.301265,-2.113312576560349,-16.62814624007063,3.657739948015723
2453502.5,-3407621878.128311,-13541880357.92937,2996545846.480053,-2.113175803198767,-16.62761213298967,3.657623932121034
2453512.5,-3409447603.060274,-13556246384.46894,2999705983.52561,-2.113039374427153,-16.6270791115379,3.657508158030995
2453522.5,-3411273210.266248,-13570611950.94597,3002866020.646598,-2.112903289149122,-16.62654717295116,3.65739262514775
2453532.5,-3413098700.042526,-13584977058.29485,3006025958.051148,-2.112767546235638,-16.62601631441335,3.657277332832479
2453542.5,-3414924072.684407,-13599341707.44749,3009185795.946823,-2.112632144512189,-16.62548653302512,3.657162280411535
2453552.5,-3416749328.486157,-13613705899.33328,3012345534.54058,-2.112497082763658,-16.62495782581472,3.657047467160987
2453562.5,-3418574467.740973,-13628069634.87898,3015505174.038738,-2.112362359729466,-16.6244301897195,3.656932892317657
2453572.5,-3420399490.740944,-13642432915.00869,3018664714.646935,-2.112227974103257,-16.62390362158486,3.656818555075092
2453582.5,-3422224397.777009,-13656795740.64372,3021824156.570094,-2.112093924534348,-16.62337811815937,3.656704454586809
2453592.5,-3424049189.138924,-13671158112.70255,3024983500.012393,-2.111960209632467,-16.62285367610206,3.65659058997149
2453602.5,-3425873865.115227,-13685520032.10072,3028142745.177232,-2.111826827970566,-16.62233029198094,3.65647696031498
2453612.5,-3427698425.993207,-13699881499.75077,3031301892.267214,-2.11169377808327,-16.62180796227889,3.65636356467778
2453622.5,-3429522872.058881,-13714242516.56218,3034460941.484117,-2.111561058492134,-16.62128668341,3.656250402101451
2453632.5,-3431347203.596975,-13728603083.44129,3037619893.028888,-2.111428667692576,-16.62076645171639,3.656137471616043
2453642.5,-3433171420.890911,-13742963201.29127,3040778747.101631,-2.11129660417546,-16.62024726349586,3.656024772245869
2453652.5,-3434995524.222812,-13757322871.01205,3043937503.90161,-2.111164866433124,-16.61972911500908,3.655912303020063
2453662.5,-3436819513.873499,-13771682093.50036,3047096163.627254,-2.11103345296763,-16.6192120024942,3.655800062978389
2453672.5,-3438643390.122507,-13786040869.64964,3050254726.476171,-2.110902362303818,-16.61869592219004,3.655688051181757
2453682.5,-3440467153.24811,-13800399200.3501,3053413192.645168,-2.110771592996013,-16.61818087035125,3.655576266717265
2453692.5,-3442290803.527349,-13814757086.48873,3056571562.330277,-2.110641143639254,-16.61766684326583,3.655464708706281
2453702.5,-3444114341.236072,-13829114528.94934,3059729835.726789,-2.110511012873678,-16.61715383727784,3.655353376311633
2453712.5,-3445937766.648974,-13843471528.6126,3062888013.029289,-2.110381199395339,-16.61664184880904,3.655242268735909
2453722.5,-3447761080.039647,-13857828086.35612,3066046094.431697,-2.11025170195627,-16.61613087435703,3.655131385237421
2453732.5,-3449584281.680632,-13872184203.05455,3069204080.127312,-2.110122519371773,-16.61562091053581,3.655020725119991
2453742.5,-3451407371.843474,-13886539879.57965,3072361970.308852,-2.109993650516218,-16.61511195406902,3.654910287738266
2453752.5,-3453230350.79877,-13900895116.80039,3075519765.168499,-2.109865094325238,-16.61460400180669,3.654800072497624
2453762.5,-3455053218.816225,-13915249915.58311,3078677464.897946,-2.109736849791129,-16.61409705072882,3.654690078850129
2453772.5,-3456875976.164691,-13929604276.79156,3081835069.688426,-2.109608915957197,-16.61359109794225,3.654580306290187
2453782.5,-3458698623.112219,-13943958201.28706,3084992579.730754,-2.109481291916459,-16.6130861406849,3.65447075435107
2453792.5,-3460521159.926087,-13958311689.9286,3088149995.215357,-2.109353976790515,-16.61258217631019,3.654361422597185
2453802.5,-3462343586.872838,-13972664743.57294,3091307316.332295,-2.109226969743478,-16.61207920228183,3.654252310617098
2453812.5,-3464165904.218296,-13987017363.07466,3094464543.271285,-2.109100269957565,-16.61157721615715,3.654143418019194
2453822.5,-3465988112.227584,-14001369549.28629,3097621676.221704,-2.108973876626744,-16.61107621557274,3.654034744417418
2453832.5,-3467810211.165135,-14015721303.05834,3100778715.372599,-2.108847788952354,-16.61057619822256,3.653926289429296
2453842.5,-3469632201.294692,-14030072625.23934,3103935660.912686,-2.108722006133223,-16.61007716184282,3.653818052666042
2453852.5,-3471454082.879298,-14044423516.67588,3107092513.030339,-2.108596527356582,-16.60957910418586,3.653710033724027
2453862.5,-3473275856.18129,-14058773978.2126,3110249271.913573,-2.108471351793372,-16.609082023006,3.653602232180452
2453872.5,-3475097521.462277,-14073124010.6922,3113405937.750028,-2.10834647859163,-16.60858591603947,3.653494647585215
2453882.5,-3476919078.983122,-14087473614.95543,3116562510.726942,-2.108221906865527,-16.60809078098073,3.653387279456864
2453892.5,-3478740529.003904,-14101822791.84098,3119718991.031121,-2.108097635700239,-16.60759661548385,3.653280127275383
2453902.5,-3480561871.783898,-14116171542.18552,3122875378.848907,-2.107973664139169,-16.60710341712315,3.653173190487002
2453912.5,-3482383107.581536,-14130519866.82359,3126031674.366143,-2.107849991185556,-16.60661118340571,3.653066468491969
2453922.5,-3484204236.654367,-14144867766.58752,3129187877.768137,-2.107726615799923,-16.60611991175482,3.652959960650856
2453932.5,-3486025259.259027,-14159215242.30741,3132343989.239627,-2.107603536897276,-16.60562959950101,3.652853666281211
2453942.5,-3487846175.651189,-14173562294.81097,3135500008.964743,-2.107480753350398,-16.60514024388325,3.65274758466164
2453952.5,-3489666986.085541,-14187908924.92353,3138655937.126976,-2.107358263990651,-16.60465184204931,3.652641715033603
2453962.5,-3491487690.815742,-14202255133.46787,3141811773.909147,-2.107236067611712,-16.60416439105401,3.652536056603926
2453972.5,-3493308290.094391,-14216600921.26423,3144967519.493377,-2.10711416296639,-16.60367788786567,3.652430608553291
2453982.5,-3495128784.173003,-14230946289.13018,3148123174.061073,-2.106992548790796,-16.6031923293779,3.652325370037988
2453992.5,-3496949173.301986,-14245291237.88055,3151278737.792902,-2.106871223793872,-16.60270771240828,3.652220340199743
2454002.5,-3498769457.730627,-14259635768.32744,3154434210.868787,-2.106750186672053,-16.6022240337235,3.652115518170655
2454012.5,-3500589637.707086,-14273979881.28011,3157589593.4679,-2.106629436117052,-16.60174129004161,3.652010903081467
2454022.5,-3502409713.478393,-14288323577.54496,3160744885.768662,-2.106508970825629,-16.60125947805102,3.651906494069836
2454032.5,-3504229685.290457,-14302666857.92555,3163900087.948759,-2.106388789509666,-16.60077859442986,3.651802290288404
2454042.5,-3506049553.388086,-14317009723.22255,3167055200.185149,-2.106268890902951,-16.60029863585797,3.651698290910272
2454052.5,-3507869318.015004,-14331352174.23378,3170210222.65409,-2.106149273774319,-16.59981959904027,3.651594495138254
2454062.5,-3509688979.41389,-14345694211.75422,3173365155.531167,-2.106029936929217,-16.59934148071907,3.651490902212402
2454072.5,-3511508537.826409,-14360035836.57607,3176519998.991322,-2.105910879223518,-16.59886427770376,3.651387511406993
2454082.5,-3513327993.493264,-14374377049.4888,3179674753.208894,-2.105792099565274,-16.59838798687097,3.651284322048369
2454092.5,-3515147346.654236,-14388717851.27921,3182829418.357656,-2.105673596917838,-16.59791260519584,3.651181333505029
2454102.5,-3516966597.548235,-14403058242.73157,3185983994.610857,-2.105555370301803,-16.59743812975455,3.651078545194879
2454112.5,-3518785746.41335,-14417398224.62762,3189138482.141266,-2.105437418796498,-16.59696455774155,3.650975956585111
2454122.5,-3520604793.486897,-14431737797.74676,3192292881.12121,-2.105319741535184,-16.59649188647024,3.650873567188167
2454132.5,-3522423739.005469,-14446076962.86611,3195447191.722612,-2.105202337702676,-16.59602011337839,3.650771376560561
2454142.5,-3524242583.204975,-14460415720.76065,3198601414.117035,-2.105085206534617,-16.59554923603154,3.650669384297739
2454152.5,-3526061326.320674,-14474754072.20328,3201755548.475701,-2.104968347295163,-16.59507925210463,3.650567590029402
2454162.5,-3527879968.587217,-14489092017.96496,3204909594.969528,-2.104851759293968,-16.59461015939055,3.650465993411468
2454172.5,-3529698510.238658,-14503429558.81477,3208063553.769147,-2.104735441860627,-16.59414195577569,3.650364594121628
2454182.5,-3531516951.508486,-14517766695.52001,3211217425.044911,-2.10461939434055,-16.5936746392282,3.650263391848481
2454192.5,-3533335292.629628,-14532103428.84626,3214371208.966914,-2.104503616089674,-16.59320820778418,3.650162386287462
2454202.5,-3535153533.834453,-14546439759.55742,3217524905.704981,-2.104388106463837,-16.59274265952516,3.650061577130576
2454212.5,-3536971675.354774,-14560775688.41573,3220678515.428668,-2.104272864812394,-16.59227799255887,3.649960964060194
2454222.5,-3538789717.421834,-14575111216.18183,3223832038.307254,-2.104157890471185,-16.59181420500488,3.649860546742784
2454232.5,-3540607660.266297,-14589446343.61471,3226985474.509714,-2.104043182756131,-16.5913512949712,3.649760324819834
2454242.5,-3542425504.11822,-14603781071.47171,3230138824.204707,-2.103928740954418,-16.59088926052974,3.649660297909632
2454252.5,-3544243249.207036,-14618115400.50851,3233292087.560545,-2.103814564326438,-16.590428099723,3.649560465591517
2454262.5,-3546060895.761522,-14632449331.47906,3236445264.745161,-2.103700652094212,-16.58996781052436,3.649460827411123
2454272.5,-3547878444.009766,-14646782865.13552,3239598355.92608,-2.103587003442232,-16.58950839084219,3.649361382875106
2454282.5,-3549695894.179135,-14661116002.22822,3242751361.270385,-2.103473617513371,-16.58904983850564,3.649262131449187
2454292.5,-3551513246.496235,-14675448743.5056,3245904280.944675,-2.103360493407509,-16.58859215125554,3.649163072557834
2454302.5,-3553330501.186879,-14689781089.71406,3249057115.115038,-2.103247630183604,-16.58813532674603,3.649064205586944
2454312.5,-3555147658.476044,-14704113041.59798,3252209863.947015,-2.103135026856071,-16.58767936253723,3.648965529883488
2454322.5,-3556964718.587846,-14718444599.89957,3255362527.605564,-2.103022682406683,-16.58722425610058,3.648867044759198
2454332.5,-3558781681.745496,-14732775765.3588,3258515106.255039,-2.102910595773908,-16.58677000481621,3.648768749498869
2454342.5,-3560598548.171282,-14747106538.71339,3261667600.059165,-2.102798765869976,-16.58631660598572,3.648670643357871
2454352.5,-3562415318.086538,-14761436920.69866,3264820009.181009,-2.10268719158325,-16.58586405683503,3.648572725574767
2454362.5,-3564231991.71163,-14775766912.0475,3267972333.782981,-2.10257587178386,-16.58541235452868,3.648474995374833
2454372.5,-3566048569.265944,-14790096513.49035,3271124574.026816,-2.102464805331543,-16.58496149617588,3.648377451976995
2454382.5,-3567865050.967879,-14804425725.75511,3274276730.073573,-2.102353991086703,-16.58451147885045,3.64828009460338
2454392.5,-3569681437.034852,-14818754549.56717,3277428802.083645,-2.10224342791769,-16.58406229960312,3.648182922484719
2454402.5,-3571497727.683309,-14833082985.64933,3280580790.216763,-2.102133114707613,-16.5836139554751,3.648085934868812
2454412.5,-3573313923.128742,-14847411034.7219,3283732694.632023,-2.102023050369721,-16.583166443529,3.647989131025077
2454422.5,-3575130023.585718,-14861738697.50258,3286884515.487902,-2.101913233847507,-16.58271976084076,3.647892510259036
2454432.5,-3576946029.26791,-14876065974.70663,3290036252.942286,-2.101803664128536,-16.58227390454573,3.64779607190625
2454442.5,-3578761940.388133,-14890392867.04683,3293187907.152512,-2.101694340247064,-16.58182887184103,3.647699815345941
2454452.5,-3580577757.158393,-14904719375.23358,3296339478.275393,-2.1015852612872,-16.58138466000169,3.647603739999473
2454462.5,-3582393479.789927,-14919045499.97496,3299490966.467267,-2.101476426388248,-16.58094126639854,3.647507845335315
2454472.5,-3584209108.49325,-14933371241.97684,3302642371.884029,-2.101367834744007,-16.58049868850889,3.647412130868244
2454482.5,-3586024643.478205,-14947696601.94293,3305793694.681177,-2.10125948560278,-16.58005692392165,3.647316596157671
2454492.5,-3587840084.954007,-14962021580.57494,3308944935.013845,-2.101151378257961,-16.57961597034483,3.647221240808366
2454502.5,-3589655433.129283,-14976346178.57263,3312096093.036847,-2.101043512059362,-16.57917582560926,3.647126064462805
2454512.5,-3591470688.212118,-14990670396.63394,3315247168.904699,-2.100935886390429,-16.57873648765452,3.647031066801098
2454522.5,-3593285850.410073,-15004994235.4551,3318398162.771656,-2.100828500672286,-16.57829795453862,3.646936247531174
2454532.5,-3595100919.930226,-15019317695.73065,3321549074.791731,-2.100721354352352,-16.5778602244144,3.646841606383867
2454542.5,-3596915896.979187,-15033640778.15364,3324699905.118713,-2.100614446897953,-16.57742329552198,3.646747143106448
2454552.5,-3598730781.763109,-15047963483.41558,3327850653.906175,-2.100507777788739,-16.57698716617474,3.646652857455285
2454562.5,-3600545574.4877,-15062285812.20658,3331001321.307481,-2.100401346507195,-16.57655183473656,3.646558749186791
2454572.5,-3602360275.358219,-15076607765.21535,3334151907.475785,-2.100295152535101,-16.57611729960901,3.646464818052823
2454582.5,-3604174884.579473,-15090929343.12919,3337302412.564017,-2.100189195340313,-16.57568355920883,3.646371063792675
2454592.5,-3605989402.355802,-15105250546.63409,3340452836.724876,-2.100083474375635,-16.57525061195611,3.646277486121962
2454602.5,-3607803828.891065,-15119571376.41462,3343603180.110807,-2.099977989072122,-16.57481845624146,3.64618408473972
2454612.5,-3609618164.388617,-15133891833.15397,3346753442.873981,-2.099872738831981,-16.57438709042798,3.646090859308907
2454622.5,-3611432409.051283,-15148211917.53388,3349903625.166262,-2.099767723024673,-16.57395651282461,3.645997809460293
2454632.5,-3613246563.081329,-15162531630.23463,3353053727.13918,-2.099662940984446,-16.57352672168051,3.645904934788658
2454642.5,-3615060626.680427,-15176850971.93492,3356203748.943899,-2.099558392005368,-16.57309771516855,3.64581223484877
2454652.5,-3616874600.049622,-15191169943.31187,3359353690.731182,-2.099454075341621,-16.57266949138127,3.645719709156676
2454662.5,-3618688483.389298,-15205488545.04088,3362503552.651355,-2.09934999020877,-16.57224204832768,3.645627357188815
2454672.5,-3620502276.899141,-15219806777.79563,3365653334.854276,-2.099246135771314,-16.57181538392019,3.645535178383704
2454682.5,-3622315980.778103,-15234124642.24793,3368803037.489302,-2.099142511167555,-16.57138949598871,3.645443172144174
2454692.5,-3624129595.224372,-15248442139.06767,3371952660.705259,-2.099039115493656,-16.57096438227,3.645351337842624
2454702.5,-3625943120.435338,-15262759268.92279,3375102204.650422,-2.098935947811849,-16.57054004041875,3.645259674821205
2454712.5,-3627756556.607575,-15277076032.47912,3378251669.472484,-2.098833007159813,-16.57011646801369,3.645168182402291
2454722.5,-3629569903.936812,-15291392430.4004,3381401055.318547,-2.098730292552668,-16.56969366256327,3.645076859890747
2454732.5,-3631383162.61792,-15305708463.34818,3384550362.335107,-2.098627802992105,-16.56927162151742,3.644985706582327
2454742.5,-3633196332.844907,-15320024131.98179,3387699590.668049,-2.098525537474389,-16.56885034228339,3.644894721770912
2454752.5,-3635009414.810912,-15334339436.95829,3390848740.462652,-2.09842349499873,-16.56842982223421,3.64480390475405
2454762.5,-3636822408.708215,-15348654378.9325,3393997811.86359,-2.098321674573151,-16.56801005872624,3.644713254843141
2454772.5,-3638635314.728245,-15362968958.5569,3397146805.014951,-2.098220075227904,-16.5675910491257,3.644622771364659
2454782.5,-3640448133.061607,-15377283176.48175,3400295720.060255,-2.09811869602041,-16.56717279080128,3.644532453676633
2454792.5,-3642260863.898106,-15391597033.35503,3403444557.142475,-2.098017536044202,-16.56675528116947,3.644442301164815
2454802.5,-3644073507.426781,-15405910529.82251,3406593316.404071,-2.097916594433518,-16.56633851769596,3.644352313252235
2454812.5,-3645886063.83594,-15420223666.52779,3409741997.987024,-2.097815870368811,-16.56592249791366,3.644262489402251
2454822.5,-3647698533.313209,-15434536444.1124,3412890602.032866,-2.097715363081825,-16.56550721944227,3.644172829122553
2454832.5,-3649510916.045569,-15448848863.21582,3416039128.682726,-2.097615071854539,-16.56509267999455,3.644083331964381
2454842.5,-3651323212.219406,-15463160924.47563,3419187578.077363,-2.097514996023027,-16.56467887739069,3.64399399752353
2454852.5,-3653135422.020549,-15477472628.52756,3422335950.357206,-2.097415134965319,-16.56426580956059,3.643904825441102
2454862.5,-3654947545.634316,-15491783976.0056,3425484245.662392,-2.097315488116393,-16.56385347455182,3.643815815395415
2454872.5,-3656759583.245554,-15506094967.54211,3428632464.132795,-2.097216054949036,-16.56344187052273,3.643726967104527
2454882.5,-3658571535.038667,-15520405603.76789,3431780605.908061,-2.097116834970852,-16.56303099574533,3.643638280315684
2454892.5,-3660383401.197648,-15534715885.31231,3434928671.127628,-2.097017827719238,-16.56262084858844,3.643549754801896
2454902.5,-3662195181.906104,-15549025812.80336,3438076659.930746,-2.096919032755014,-16.56221142751426,3.643461390356252
2454912.5,-3664006877.347265,-15563335386.86774,3441224572.456494,-2.096820449653052,-16.56180273105974,3.64337318678308
2454922.5,-3665818487.704,-15577644608.13091,3444372408.843783,-2.09672207799492,-16.56139475782119,3.643285143891317
2454932.5,-3667630013.158817,-15591953477.21715,3447520169.231359,-2.096623917365094,-16.56098750644137,3.643197261488567
2454942.5,-3669441453.893859,-15606261994.74956,3450667853.7578,-2.096525967336627,-16.56058097557991,3.643109539374666
2454952.5,-3671252810.0909,-15620570161.35008,3453815462.5615,-2.096428227472343,-16.56017516391431,3.643021977329313
2454962.5,-3673064081.931327,-15634877977.63954,3456962995.780657,-2.096330697316477,-16.55977007010126,3.642934575117573
2454972.5,-3674875269.596121,-15649185444.23757,3460110453.553258,-2.096233376386226,-16.55936569277407,3.642847332472889
2454982.5,-3676686373.265834,-15663492561.7626,3463257836.017041,-2.096136264170731,-16.55896203052377,3.642760249100105
2454992.5,-3678497393.120562,-15677799330.83183,3466405143.309478,-2.096039360125352,-16.55855908188574,3.642673324669322
2455002.5,-3680308329.339916,-15692105752.06117,3469552375.56774,-2.09594266366825,-16.55815684532579,3.642586558813162
2455012.5,-3682119182.102988,-15706411826.06517,3472699532.928662,-2.095846174180234,-16.55775531923654,3.642499951128241
2455022.5,-3683929951.588319,-15720717553.45694,3475846615.528715,-2.095749891003985,-16.55735450192904,3.642413501169421
2455032.5,-3685740637.973857,-15735022934.84812,3478993623.503971,-2.095653813433385,-16.55695439161976,3.642327208457609
2455042.5,-3687551241.436934,-15749327970.84875,3482140556.990068,-2.095557940734941,-16.55655498644751,3.642241072475332
2455052.5,-3689361762.154226,-15763632662.06722,3485287416.122187,-2.095462272132672,-16.55615628445512,3.642155092673098
2455062.5,-3691172200.301726,-15777937009.11022,3488434201.03502,-2.095366806817438,-16.55575828360374,3.642069268471908
2455072.5,-3692982556.054713,-15792241012.58261,3491580911.862747,-2.095271543951474,-16.55536098177581,3.641983599268672
2455082.5,-3694792829.587732,-15806544673.08741,3494727548.739017,-2.095176482672241,-16.55496437677813,3.641898084440296
2455092.5,-3696603021.074575,-15820847991.22572,3497874111.796937,-2.095081622101465,-16.55456846635704,3.641812723351959
2455102.5,-3698413130.68827,-15835150967.59665,3501020601.169059,-2.094986961349091,-16.55417324820682,3.641727515361688
2455112.5,-3700223158.601077,-15849453602.79732,3504167016.987387,-2.094892499524423,-16.55377871998294,3.641642459826811
2455122.5,-3702033104.984485,-15863755897.4228,3507313359.383367,-2.09479823574156,-16.55338487931061,3.641557556117859
2455132.5,-3703842970.009224,-15878057852.0661,3510459628.487906,-2.094704169129753,-16.55299172381648,3.64147280361241
2455142.5,-3705652753.845283,-15892359467.3182,3513605824.431384,-2.094610298840776,-16.55259925112717,3.641388201713674
2455152.5,-3707462456.661926,-15906660743.76802,3516751947.343678,-2.094516624056458,-16.55220745889863,3.641303749851584
2455162.5,-3709272078.627731,-15920961682.00249,3519897997.354183,-2.09442314399385,-16.55181634482525,3.641219447487693
2455172.5,-3711081619.910614,-15935262282.60654,3523043974.591847,-2.094329857913039,-16.55142590666098,3.641135294121676
2455182.5,-3712891080.677872,-15949562546.16323,3526189879.185203,-2.09423676512044,-16.55103614223398,3.641051289293434
2455192.5,-3714700461.096223,-15963862473.25376,3529335711.262403,-2.094143864967818,-16.55064704945497,3.640967432584795
2455202.5,-3716509761.331849,-15978162064.45756,3532481470.951258,-2.094051156863864,-16.55025862633908,3.64088372362035
2455212.5,-3718318981.550436,-15992461320.35239,3535627158.379273,-2.093958640256665,-16.54987087099737,3.640800162069991
2455222.5,-3720128121.917218,-16006760241.51445,3538772773.673684,-2.093866314645469,-16.54948378165614,3.640716747640788
2455232.5,-3721937182.597017,-16021058828.51842,3541918316.961493,-2.09377417957291,-16.54909735665289,3.640633480079631
2455242.5,-3723746163.754273,-16035357081.93762,3545063788.369495,-2.093682234616661,-16.54871159443163,3.640550359164745
2455252.5,-3725555065.553076,-16049655002.34406,3548209188.024307,-2.093590479386569,-16.54832649353847,3.640467384702835
2455262.5,-3727363888.157189,-16063952590.30853,3551354516.052391,-2.093498913517967,-16.54794205261457,3.640384556522786
2455272.5,-3729172631.730071,-16078249846.40068,3554499772.580064,-2.093407536663035,-16.54755827037853,3.640301874467562
2455282.5,-3730981296.434882,-16092546771.18909,3557644957.733513,-2.093316348484026,-16.54717514561568,3.640219338390163
2455292.5,-3732789882.434494,-16106843365.24132,3560790071.6388,-2.093225348647987,-16.54679267716841,3.640136948141383
2455302.5,-3734598389.89149,-16121139629.12393,3563935114.421857,-2.093134536817759,-16.54641086389578,3.640054703573155
2455312.5,-3736406818.96816,-16135435563.4025,3567080086.208483,-2.093043912647779,-16.54602970468699,3.639972604520402
2455322.5,-3738215169.826487,-16149731168.64167,3570224987.124326,-2.092953475775437,-16.54564919842254,3.639890650801985
2455332.5,-3740023442.628131,-16164026445.4051,3573369817.294867,-2.092863225816445,-16.54526934396356,3.639808842213161
2455342.5,-3741831637.534411,-16178321394.25543,3576514576.845401,-2.092773162361291,-16.54489014013953,3.639727178522329
2455352.5,-3743639754.706277,-16192616015.75429,3579659265.901008,-2.092683284968706,-16.54451158572889,3.639645659465046
2455362.5,-3745447794.304287,-16206910310.46223,3582803884.586525,-2.092593593165868,-16.54413367945155,3.639564284742764
2455372.5,-3747255756.488569,-16221204278.93865,3585948433.026516,-2.092504086437261,-16.54375641995563,3.639483054021857
2455382.5,-3749063641.418796,-16235497921.74177,3589092911.34524,-2.092414764238109,-16.54337980581444,3.639401966928254
2455392.5,-3750871449.254149,-16249791239.42853,3592237319.666616,-2.092325625979512,-16.54300383551328,3.639321023055125
2455402.5,-3752679180.153284,-16264084232.5545,3595381658.114199,-2.09223667103525,-16.54262850745696,3.639240221956472
2455412.5,-3754486834.274301,-16278376901.67389,3598525926.811139,-2.092147898742083,-16.54225381995923,3.639159563153215
2455422.5,-3756294411.774714,-16292669247.33937,3601670125.880162,-2.092059308403195,-16.54187977125217,3.639079046136733
2455432.5,-3758101912.811415,-16306961270.10205,3604814255.443543,-2.091970899289946,-16.5415063594847,3.63899867037098
2455442.5,-3759909337.540662,-16321252970.51144,3607958315.623083,-2.091882670647471,-16.54113358273006,3.638918435298492
2455452.5,-3761716686.118047,-16335544349.11532,3611102306.540094,-2.091794621703071,-16.5407614389971,3.638838340346621
2455462.5,-3763523958.69849,-16349835406.45975,3614246228.315389,-2.091706751665745,-16.54038992623226,3.638758384932566
2455472.5,-3765331155.436223,-16364126143.08897,3617390081.069274,-2.091619059740007,-16.54001904234559,3.638678568467044
2455482.5,-3767138276.484788,-16378416559.54542,3620533864.921551,-2.091531545133498,-16.53964878520349,3.63859889037129
2455492.5,-3768945321.997054,-16392706656.36969,3623677579.991521,-2.091444207060569,-16.53927915266135,3.638519350070722
2455502.5,-3770752292.12521,-16406996434.10049,3626821226.398,-2.091357044753942,-16.53891014257274,3.638439947010273
2455512.5,-3772559187.020795,-16421285893.2747,3629964804.259327,-2.091270057470085,-16.53854175280532,3.638360680657264
2455522.5,-3774366006.834719,-16435575034.42738,3633108313.693402,-2.091183244496628,-16.53817398125596,3.638281550507543
2455532.5,-3776172751.717292,-16449863858.09177,3636251754.817697,-2.091096605159713,-16.5378068258719,3.638202556091711
2455542.5,-3777979421.81826,-16464152364.79937,3639395127.749296,-2.091010138828339,-16.53744028466252,3.638123696975927
2455552.5,-3779786017.286839,-16478440555.07999,3642538432.604926,-2.090923844908926,-16.53707435570885,3.638044972768722
2455562.5,-3781592538.271762,-16492728429.46183,3645681669.500993,-2.090837722866508,-16.53670903718955,3.637966383118213
2455572.5,-3783398984.921312,-16507015988.47156,3648824838.553618,-2.090751772207345,-16.53634432737232,3.63788792771559
2455582.5,-3785205357.383366,-16521303232.63437,3651967939.878671,-2.090665992483065,-16.53598022463459,3.637809606291203
2455592.5,-3787011655.805434,-16535590162.47413,3655110973.591807,-2.090580383289248,-16.53561672745992,3.637731418614192
2455602.5,-3788817880.334696,-16549876778.51341,3658253939.808498,-2.090494944258627,-16.53525383443576,3.637653364487023
2455612.5,-3790624031.118024,-16564163081.27365,3661396838.644055,-2.090409675058393,-16.53489154425454,3.637575443742993
2455622.5,-3792430108.302019,-16578449071.27516,3664539670.213659,-2.090324575381514,-16.53452985570238,3.637497656238755
2455632.5,-3794236112.033024,-16592734749.03725,3667682434.632371,-2.090239644943448,-16.53416876764863,3.63742000184888
2455642.5,-3796042042.457143,-16607020115.07829,3670825132.015157,-2.090154883470683,-16.53380827903408,3.637342480461557
2455652.5,-3797847899.720247,-16621305169.91577,3673967762.476881,-2.090070290696608,-16.53344838886106,3.637265091964743
2455662.5,-3799653683.967976,-16635589914.06632,3677110326.132314,-2.089985866357686,-16.53308909616021,3.637187836251936
2455672.5,-3801459395.345744,-16649874348.04574,3680252823.096132,-2.089901610182144,-16.5327303999961,3.637110713203765
2455682.5,-3803265033.99872,-16664158472.36904,3683395253.4829,-2.089817521884838,-16.53237229943351,3.637033722686934
2455692.5,-3805070600.071823,-16678442287.55042,3686537617.40706,-2.089733601163552,-16.53201479352869,3.636956864549342
2455702.5,-3806876093.709699,-16692725794.10324,3689679914.982915,-2.089649847692715,-16.53165788131179,3.636880138613817
2455712.5,-3808681515.056703,-16707008992.54002,3692822146.3246,-2.089566261118362,-16.53130156176969,3.636803544673729
2455722.5,-3810486864.256868,-16721291883.37237,3695964311.546058,-2.089482841058714,-16.53094583384085,3.636727082490775
2455732.5,-3812292141.453884,-16735574467.11096,3699106410.761013,-2.089399587088797,-16.53059069639226,3.6366507517935
2455742.5,-3814097346.791062,-16749856744.26545,3702248444.082936,-2.089316498758716,-16.5302361482252,3.636574552271687
2455752.5,-3815902480.411303,-16764138715.34443,3705390411.625018,-2.089233575577663,-16.52988218805891,3.636498483582334
2455762.5,-3817707542.45707,-16778420380.85537,3708532313.500136,-2.08915081701489,-16.52952881453017,3.636422545343698
2455772.5,-3819512533.070353,-16792701741.30448,3711674149.820823,-2.089068222505215,-16.52917602619048,3.636346737141589
2455782.5,-3821317452.392634,-16806982797.19672,3714815920.699239,-2.088985791448812,-16.52882382150865,3.636271058530374
2455792.5,-3823122300.564869,-16821263549.03567,3717957626.247149,-2.088903523213058,-16.52847219886869,3.636195509035393
2455802.5,-3824927077.72745,-16835543997.3235,3721099266.575896,-2.088821417138371,-16.52812115657972,3.636120088159366
2455812.5,-3826731784.020192,-16849824142.56087,3724240841.796383,-2.088739472543343,-16.52777069288167,3.636044795385307
2455822.5,-3828536419.582309,-16864103985.24691,3727382352.019063,-2.088657688726594,-16.52742080594522,3.635969630185464
2455832.5,-3830340984.552411,-16878383525.87912,3730523797.35393,-2.088576064978311,-16.52707149390318,3.635894592020858
2455842.5,-3832145479.068486,-16892662764.95339,3733665177.910507,-2.088494600586941,-16.52672275483632,3.635819680357294
2455852.5,-3833949903.267915,-16906941702.96393,3736806493.797865,-2.088413294843321,-16.52637458680655,3.635744894663151
2455862.5,-3835754257.287466,-16921220340.40329,3739947745.124616,-2.088332147051504,-16.52602698786583,3.635670234421156
2455872.5,-3837558541.263314,-16935498677.7623,3743088931.998932,-2.088251156533891,-16.5256799560684,3.635595699131893
2455882.5,-3839362755.331064,-16949776715.53016,3746230054.528566,-2.088170322640227,-16.52533348949106,3.635521288321666
2455892.5,-3841166899.625766,-16964054454.19439,3749371112.820874,-2.088089644752272,-16.5249875862485,3.635447001546807
2455902.5,-3842970974.28196,-16978331894.24091,3752512106.982842,-2.088009122292474,-16.5246422445087,3.63537283839559
2455912.5,-3844774979.433693,-16992609036.1541,3755653037.121119,-2.08792875471719,-16.52429746250113,3.635298798498477
2455922.5,-3846578915.214576,-17006885880.41683,3758793903.342047,-2.087848541536236,-16.52395323854373,3.635224881520728
2455932.5,-3848382781.757805,-17021162427.51056,3761934705.751702,-2.087768482300612,-16.52360957103753,3.635151087170304
2455942.5,-3850186579.196212,-17035438677.91541,3765075444.45592,-2.087688576606301,-16.52326645848647,3.635077415194825
2455952.5,-3851990307.662296,-17049714632.11025,3768216119.56034,-2.087608824090958,-16.52292389949426,3.635003865379236
2455962.5,-3853793967.288263,-17063990290.57279,3771356731.170426,-2.087529224431894,-16.52258189276819,3.634930437544207
2455972.5,-3855597558.206054,-17078265653.77966,3774497279.391504,-2.087449777341396,-16.52224043711956,3.634857131541783
2455982.5,-3857401080.547374,-17092540722.20653,3777637764.328784,-2.087370482558716,-16.52189953145204,3.634783947249322
2455992.5,-3859204534.443713,-17106815496.32812,3780778186.087376,-2.087291339848699,-16.52155917476052,3.634710884564774
2456002.5,-3861007920.026366,-17121089976.61834,3783918544.772312,-2.087212348991303,-16.52121936610718,3.634637943404978
2456012.5,-3862811237.426443,-17135364163.55033,3787058840.488555,-2.087133509775625,-16.52088010462556,3.634565123687883
2456022.5,-3864614486.774872,-17149638057.59649,3790199073.340998,-2.087054821996229,-16.52054138949158,3.634492425338153
2456032.5,-3866417668.202406,-17163911659.22849,3793339243.43447,-2.086976285442748,-16.52020321991244,3.634419848273762
2456042.5,-3868220781.839608,-17178184968.91739,3796479350.873719,-2.086897899895589,-16.51986559510793,3.634347392401938
2456052.5,-3870023827.816849,-17192457987.13351,3799619395.763413,-2.086819665121145,-16.51952851429796,3.634275057614337
2456062.5,-3871826806.264287,-17206730714.34653,3802759378.208112,-2.08674158086464,-16.51919197668212,3.634202843779446
2456072.5,-3873629717.311852,-17221003151.02541,3805899298.312253,-2.086663646845477,-16.51885598142628,3.634130750741137
2456082.5,-3875432561.089219,-17235275297.63838,3809039156.180128,-2.086585862760356,-16.51852052765701,3.634058778311601
2456092.5,-3877235337.725785,-17249547154.65288,3812178951.915849,-2.086508228265847,-16.51818561443119,3.633986926273859
2456102.5,-3879038047.350637,-17263818722.5355,3815318685.623329,-2.086430742990076,-16.51785124074863,3.633915194374083
2456112.5,-3880840690.09253,-17278090001.75197,3818458357.406245,-2.086353406525201,-16.51751740553206,3.633843582324298
2456122.5,-3882643266.079843,-17292360992.76701,3821597967.368009,-2.0862762184254,-16.51718410762308,3.633772089800445
2456132.5,-3884445775.44056,-17306631696.04432,3824737515.611741,-2.086199178210303,-16.51685134578343,3.633700716445645
2456142.5,-3886248218.302233,-17320902112.04653,3827877002.240236,-2.086122285363822,-16.5165191186901,3.633629461869943
2456152.5,-3888050594.791954,-17335172241.23502,3831016427.355939,-2.086045539338067,-16.51618742493765,3.633558325654123
2456162.5,-3889852905.036328,-17349442084.07,3834155791.060926,-2.085968939555352,-16.51585626304266,3.633487307355447
2456172.5,-3891655149.16145,-17363711641.0103,3837295093.456874,-2.085892485412193,-16.51552563145339,3.633416406505062
2456182.5,-3893457327.292886,-17377980912.5134,3840434334.645055,-2.085816176288442,-16.51519552854064,3.633345622626316
2456192.5,-3895259439.555659,-17392249899.03539,3843573514.726319,-2.085740011548665,-16.514865952632,3.633274955226223
2456202.5,-3897061486.074239,-17406518601.03083,3846712633.80109,-2.085663990550104,-16.51453690200258,3.633204403809499
2456212.5,-3898863466.972542,-17420787018.95282,3849851691.969363,-2.085588112651,-16.51420837489807,3.633133967883878
2456222.5,-3900665382.37393,-17435055153.25292,3852990689.330715,-2.085512377216467,-16.5138803695451,3.633063646965324
2456232.5,-3902467232.401223,-17449323004.38115,3856129625.984306,-2.085436783626128,-16.51355288416462,3.632993440584495
2456242.5,-3904269017.176715,-17463590572.786,3859268502.028903,-2.085361331283962,-16.51322591699367,3.632923348293388
2456252.5,-3906070736.822195,-17477857858.91445,3862407317.562894,-2.085286019614842,-16.51289946628976,3.632853369671224
2456262.5,-3907872391.458971,-17492124863.21201,3865546072.684318,-2.08521084808701,-16.5125735303615,3.632783504325161
2456272.5,-3909673981.207906,-17506391586.12271,3868684767.49089,-2.085135816201667,-16.51224810756882,3.632713751901496
2456282.5,-3911475506.189452,-17520658028.08922,3871823402.080032,-2.085060923501249,-16.51192319634562,3.632644112079803
2456292.5,-3913276966.523682,-17534924189.55289,3874961976.548911,-2.08498616957279,-16.51159879520782,3.632574584580331
2456302.5,-3915078362.330333,-17549190070.95384,3878100490.994466,-2.084911554046029,-16.51127490276377,3.632505169162041
2456312.5,-3916879693.728839,-17563455672.731,3881238945.513443,-2.084837076591897,-16.51095151771677,3.632435865621026
2456322.5,-3918680960.838366,-17577720995.32224,3884377340.202431,-2.08476273692124,-16.51062863887219,3.632366673790387
2456332.5,-3920482163.777846,-17591986039.16444,3887515675.157886,-2.084688534781768,-16.51030626513577,3.632297593534593
2456342.5,-3922283302.666011,-17606250804.69357,3890653950.476161,-2.084614469948417,-16.50998439550486,3.63222862474704
2456352.5,-3924084377.621403,-17620515292.34481,3893792166.253525,-2.084540542222245,-16.50966302907611,3.632159767341045
2456362.5,-3925885388.762407,-17634779502.55251,3896930322.586185,-2.084466751426182,-16.50934216501123,3.632091021252929
2456372.5,-3927686336.207256,-17649043435.75041,3900068419.570294,-2.084393097393403,-16.50902180254798,3.63202238642563
2456382.5,-3929487220.074045,-17663307092.37158,3903206457.301958,-2.084319579964238,-16.50870194097659,3.631953862808746
2456392.5,-3931288040.48073,-17677570472.84848,3906344435.877242,-2.084246198977712,-16.50838257962222,3.631885450349396
2456402.5,-3933088797.545126,-17691833577.61304,3909482355.392159,-2.084172954267783,-16.5080637178334,3.631817148988155
2456412.5,-3934889491.384901,-17706096407.09659,3912620215.942669,-2.084099845656397,-16.5077453549644,3.631748958652385
2456422.5,-3936690122.117561,-17720358961.72992,3915758017.624659,-2.084026872949602,-16.50742749035882,3.631680879249238
2456432.5,-3938490689.860434,-17734621241.94323,3918895760.533928,-2.083954035925272,-16.50711012333168,3.631612910666445
2456442.5,-3940291194.730649,-17748883248.16613,3922033444.766167,-2.083881334344718,-16.50679325316636,3.631545052760404
2456452.5,-3942091636.845112,-17763144980.82758,3925171070.416926,-2.083808767936159,-16.50647687908783,3.631477305360422
2456462.5,-3943892016.320484,-17777406440.35583,3928308637.581597,-2.083736336395233,-16.50616100026643,3.631409668261968
2456472.5,-3945692333.273148,-17791667627.17841,3931446146.355381,-2.083664039384161,-16.50584561579942,3.631342141226434
2456482.5,-3947492587.819177,-17805928541.72203,3934583596.833257,-2.083591876530468,-16.50553072470949,3.631274723981386
2456492.5,-3949292780.074313,-17820189184.4125,3937720989.109953,-2.083519847427012,-16.50521632594134,3.631207416220828
2456502.5,-3951092910.153924,-17834449555.67472,3940858323.279921,-2.083447951630136,-16.50490241835567,3.631140217605308
2456512.5,-3952892978.172986,-17848709655.93253,3943995599.437304,-2.083376188667498,-16.50458900073452,3.631073127766307
2456522.5,-3954692984.246051,-17862969485.60872,3947132817.675915,-2.0833045580323,-16.50427607177819,3.631006146309153
2456532.5,-3956492928.487221,-17877229045.1249,3950269978.089217,-2.08323305919094,-16.50396363011775,3.63093927281185
2456542.5,-3958292811.010131,-17891488334.90148,3953407080.770301,-2.083161691593577,-16.50365167430752,3.630872506841646
2456552.5,-3960092631.927928,-17905747355.3576,3956544125.811877,-2.083090454669216,-16.50334020284836,3.630805847947077
2456562.5,-3961892391.353265,-17920006106.91105,3959681113.30626,-2.0830193478373,-16.5030292141878,3.630739295671009
2456572.5,-3963692089.398289,-17934264589.9783,3962818043.345371,-2.082948370514124,-16.50271870673698,3.63067284955573
2456582.5,-3965491726.174644,-17948522804.97441,3965954916.020736,-2.082877522118093,-16.50240867887849,3.630606509147479
2456592.5,-3967291301.793476,-17962780752.31306,3969091731.423494,-2.082806802078477,-16.50209912898406,3.630540274004449
2456602.5,-3969090816.365443,-17977038432.40649,3972228489.64441,-2.082736209843564,-16.50179005543129,3.63047414370119
2456612.5,-3970890270.000737,-17991295845.66557,3975365190.773888,-2.082665744877107,-16.50148145660662,3.630408117836998
2456622.5,-3972689662.8091,-18005552992.49977,3978501834.902,-2.082595406683529,-16.50117333094157,3.630342196035931
2456632.5,-3974488994.899861,-18019809873.31725,3981638422.118509,-2.082525194797173,-16.50086567690882,3.630276377956292
2456642.5,-3976288266.381962,-18034066488.52487,3984774952.512892,-2.082455108788639,-16.50055849304466,3.630210663289156
2456652.5,-3978087477.363989,-18048322838.52825,3987911426.174378,-2.082385148271556,-16.50025177796121,3.630145051764193
2456662.5,-3979886627.954216,-18062578923.73183,3991047843.191978,-2.082315312899812,-16.49994553035306,3.630079543147789
2456672.5,-3981685718.260635,-18076834744.53897,3994184203.654518,-2.082245602368858,-16.49963974900635,3.630014137244138
2456682.5,-3983484748.390988,-18091090301.35206,3997320507.650671,-2.082176016413336,-16.49933443280538,3.629948833893841
2456692.5,-3985283718.452809,-18105345594.57253,4000456755.268985,-2.082106554804662,-16.49902958073056,3.629883632969125
2456702.5,-3987082628.553446,-18119600624.60096,4003592946.597912,-2.082037217345188,-16.49872519185362,3.629818534375392
2456712.5,-3988881478.800087,-18133855391.8372,4006729081.725834,-2.08196800386334,-16.49842126534688,3.629753538037607
2456722.5,-3990680269.299786,-18148109896.68041,4009865160.741077,-2.081898914212523,-16.49811780045205,3.629688643905721
2456732.5,-3992479000.159472,-18162364139.52913,4013001183.731928,-2.081829948259246,-16.49781479649095,3.62962385194104
2456742.5,-3994277671.485967,-18176618120.78131,4016137150.786646,-2.081761105879164,-16.49751225284131,3.629559162113102
2456752.5,-3996076283.385985,-18190871840.83443,4019273061.993466,-2.081692386950781,-16.49721016892381,3.629494574393161
2456762.5,-3997874835.966137,-18205125300.08545,4022408917.440596,-2.081623791350715,-16.49690854419066,3.629430088749116
2456772.5,-3999673329.33292,-18219378498.93089,4025544717.216211,-2.081555318944874,-16.49660737810436,3.629365705138084
2456782.5,-4001471763.592712,-18233631437.76676,4028680461.408443,-2.081486969588989,-16.49630667012931,3.629301423500537
2456792.5,-4003270138.851758,-18247884116.98865,4031816150.105368,-2.08141874311265,-16.49600641970451,3.629237243761472
2456802.5,-4005068455.216148,-18262136536.99162,4034951783.394979,-2.081350639329989,-16.49570662624571,3.629173165815642
2456812.5,-4006866712.791796,-18276388698.17022,4038087361.365176,-2.081282658026541,-16.4954072891205,3.629109189533844
2456822.5,-4008664911.684422,-18290640600.91844,4041222884.103727,-2.081214798957104,-16.49510840764387,3.629045314754892
2456832.5,-4010463051.999517,-18304892245.62964,4044358351.698249,-2.081147061844368,-16.49480998106442,3.628981541284922
2456842.5,-4012261133.842324,-18319143632.69651,4047493764.236179,-2.081079446378867,-16.49451200856241,3.628917868897893
2456852.5,-4014059157.317797,-18333394762.51096,4050629121.804742,-2.081011952216624,-16.49421448924071,3.628854297333672
2456862.5,-4015857122.530581,-18347645635.46415,4053764424.490924,-2.080944578978603,-16.49391742212226,3.628790826299717
2456872.5,-4017655029.584981,-18361896251.94632,4056899672.381448,-2.080877326255473,-16.49362080615484,3.628727455472572
2456882.5,-4019452878.584932,-18376146612.34678,4060034865.562742,-2.080810193606302,-16.49332464019653,3.628664184504356
2456892.5,-4021250669.633978,-18390396717.05383,4063170004.120923,-2.080743180561622,-16.4930289230417,3.628601013017192
2456902.5,-4023048402.835248,-18404646566.45468,4066305088.141773,-2.080676286630859,-16.49273365340899,3.62853794061681
2456912.5,-4024846078.291435,-18418896160.93542,4069440117.710728,-2.080609511302502,-16.49243882995268,3.628474966891503
2456922.5,-4026643696.104785,-18433145500.88094,4072575092.91286,-2.080542854052905,-16.49214445127414,3.628412091420496
2456932.5,-4028441256.377092,-18447394586.67491,4075710013.832878,-2.080476314350732,-16.49185051593015,3.62834931377807
2456942.5,-4030238759.209684,-18461643418.69973,4078844880.55512,-2.080409891664077,-16.49155702244347,3.628286633539572
2456952.5,-4032036204.703437,-18475891997.33652,4081979693.163566,-2.080343585466222,-16.49126396931858,3.62822405028941
2456962.5,-4033833592.958775,-18490140322.96511,4085114451.741837,-2.080277395247347,-16.49097135505914,3.628161563621819
2456972.5,-4035630924.075685,-18504388395.96402,4088249156.37321,-2.080211320511224,-16.49067917816736,3.628099173155389
2456982.5,-4037428198.153743,-18518636216.71052,4091383807.140649,-2.080145360791461,-16.4903874371803,3.628036878529499
2456992.5,-4039225415.292131,-18532883785.5806,4094518404.126814,-2.080079515651682,-16.49009613066938,3.62797467941257
2457002.5,-4041022575.589672,-18547131102.94905,4097652947.414094,-2.080013784690243,-16.48980525726089,3.627912575505747
2457012.5,-4042819679.144855,-18561378169.1895,4100787437.084633,-2.079948167543758,-16.48951481564799,3.627850566545133
2457022.5,-4044616726.055872,-18575624984.67449,4103921873.220362,-2.079882663887774,-16.48922480459848,3.627788652302438
2457032.5,-4046413716.420656,-18589871549.77552,4107056255.903036,-2.079817273439481,-16.48893522296829,3.627726832587021
2457042.5,-4048210650.336908,-18604117864.86316,4110190585.214252,-2.079751995952887,-16.48864606970286,3.627665107244099
2457052.5,-4050007527.902135,-18618363930.30707,4113324861.235496,-2.07968683121782,-16.48835734384677,3.627603476149095
2457062.5,-4051804349.213675,-18632609746.47617,4116459084.048157,-2.079621779062156,-16.48806904452946,3.62754193921587
2457072.5,-4053601114.368735,-18646855313.73864,4119593253.73356,-2.079556839337929,-16.48778117097988,3.627480496377951
2457082.5,-4055397823.464396,-18661100632.46205,4122727370.372985,-2.079492011922463,-16.48749372250689,3.627419147593665
2457092.5,-4057194476.597651,-18675345703.01338,4125861434.047682,-2.079427296710963,-16.48720669849708,3.627357892837973
2457102.5,-4058991073.8654,-18689590525.75914,4128995444.838884,-2.079362693609641,-16.48692009839804,3.62729673209577
2457112.5,-4060787615.36447,-18703835101.06536,4132129402.827816,-2.079298202531476,-16.48663392170911,3.627235665357736
2457122.5,-4062584101.191612,-18718079429.29766,4135263308.095694,-2.079233823390692,-16.48634816796757,3.627174692612683
2457132.5,-4064380531.443499,-18732323510.82128,4138397160.723718,-2.079169556089512,-16.48606283672369,3.627113813844244
2457142.5,-4066176906.216717,-18746567346.00108,4141530960.793073,-2.079105400528368,-16.4857779275447,3.627053029020773
2457152.5,-4067973225.607759,-18760810935.2015,4144664708.384909,-2.079041356586292,-16.48549343997788,3.626992338097126
2457162.5,-4069769489.713004,-18775054278.78664,4147798403.580327,-2.078977424122411,-16.48520937355142,3.626931741003335
2457172.5,-4071565698.628702,-18789297377.12014,4150932046.460358,-2.078913602973388,-16.48492572775771,3.626871237645725
2457182.5,-4073361852.450946,-18803540230.56519,4154065637.10594,-2.078849892947004,-16.48464250203889,3.626810827900993
2457192.5,-4075157951.275654,-18817782839.48447,4157199175.597889,-2.078786293821677,-16.48435969577949,3.626750511615674
2457202.5,-4076953995.198537,-18832025204.2401,4160332662.016876,-2.078722805344076,-16.48407730829958,3.626690288604662
2457212.5,-4078749984.315073,-18846267325.1936,4163466096.443398,-2.078659427228843,-16.48379533884534,3.62663015864914
2457222.5,-4080545918.72048,-18860509202.70578,4166599478.95775,-2.078596159155989,-16.48351378658634,3.626570121500136
2457232.5,-4082341798.509685,-18874750837.13671,4169732809.639996,-2.078533000771432,-16.48323265062111,3.626510176873722
2457242.5,-4084137623.777294,-18888992228.84566,4172866088.569945,-2.078469951695588,-16.48295192995741,3.62645032446313
2457252.5,-4085933394.617577,-18903233378.19099,4175999315.827129,-2.078407011517341,-16.48267162353766,3.626390563932041
2457262.5,-4087729111.124433,-18917474285.53011,4179132491.490778,-2.078344179800424,-16.48239173022871,3.626330894922452
2457272.5,-4089524773.391376,-18931714951.21946,4182265615.639806,-2.078281456087569,-16.48211224883067,3.626271317058638
2457282.5,-4091320381.511521,-18945955375.61435,4185398688.352795,-2.078218839906408,-16.48183317808734,3.626211829952741
2457292.5,-4093115935.577565,-18960195559.06907,4188531709.707989,-2.078156330773083,-16.48155451669104,3.626152433208413
2457302.5,-4094911435.681787,-18974435501.9367,4191664679.783288,-2.078093928201941,-16.48127626329851,3.626093126427293
2457312.5,-4096706881.916044,-18988675204.56916,4194797598.656252,-2.078031631702787,-16.48099841653469,3.626033909218072
2457322.5,-4098502274.37178,-19002914667.31718,4197930466.404102,-2.077969440802381,-16.48072097501878,3.625974781194466
2457332.5,-4100297613.14003,-19017153890.5303,4201063283.103736,-2.077907355040884,-16.48044393736606,3.625915741990231
2457342.5,-4102092898.311443,-19031392874.55687,4204196048.831741,-2.077845373977635,-16.48016730221092,3.625856791257377
2457352.5,-4103888129.976298,-19045631619.74406,4207328763.664415,-2.077783497200195,-16.47989106821562,3.625797928673915
2457362.5,-4105683308.22453,-19059870126.43791,4210461427.677792,-2.077721724328373,-16.47961523408963,3.62573915394819
2457372.5,-4107478433.145763,-19074108394.98337,4213594040.947665,-2.077660055016277,-16.47933979859868,3.625680466820244
2457382.5,-4109273504.829335,-19088346425.72435,4216726603.54962,-2.07759848895531,-16.47906476057761,3.625621867065101
2457392.5,-4111068523.364337,-19102584219.0038,4219859115.559062,-2.077537025878228,-16.47879011894346,3.625563354493623
2457402.5,-4112863488.839642,-19116821775.16376,4222991577.051249,-2.07747566555163,-16.4785158726943,3.625504928952384
2457412.5,-4114658401.343943,-19131059094.54543,4226123988.101319,-2.0774144077786,-16.47824202092695,3.625446590318996
2457422.5,-4116453260.965775,-19145296177.48929,4229256348.784323,-2.077353252402266,-16.4779685628213,3.625388338508595
2457432.5,-4118248067.793547,-19159533024.33515,4232388659.175249,-2.077292199290058,-16.47769549765277,3.625330173459291
2457442.5,-4120042821.915568,-19173769635.42221,4235520919.349038,-2.077231248336803,-16.47742282478239,3.625272095135359
2457452.5,-4121837523.420069,-19188006011.08918,4238653129.380614,-2.077170399456723,-16.47715054364853,3.625214103519402
2457462.5,-4123632172.395206,-19202242151.67431,4241785289.34489,-2.077109652578371,-16.4768786537561,3.625156198607391
2457472.5,-4125426768.929082,-19216478057.51544,4244917399.31678,-2.077049007639616,-16.47660715466809,3.625098380404031
2457482.5,-4127221313.109747,-19230713728.95003,4248049459.371202,-2.076988464581815,-16.47633604599026,3.625040648914019
2457492.5,-4129015805.0252,-19244949166.31524,4251181469.58308,-2.076928023337471,-16.47606532734795,3.624983004142407
2457502.5,-4130810244.763378,-19259184369.94791,4254313430.027333,-2.076867683839984,-16.47579499839182,3.624925446080625
2457512.5,-4132604632.412155,-19273419340.18459,4257445340.778874,-2.076807446005676,-16.47552505876079,3.624867974708424
2457522.5,-4134398968.059326,-19287654077.36147,4260577201.912585,-2.07674730973232,-16.47525550808191,3.624810589985729
2457532.5,-4136193251.792586,-19301888581.81445,4263709013.503306,-2.076687274897371,-16.4749863459522,3.624753291849944
2457542.5,-4137987483.69952,-19316122853.87904,4266840775.625813,-2.076627341352225,-16.47471757192545,3.624696080211508
2457552.5,-4139781663.867564,-19330356893.89037,4269972488.354789,-2.076567508921694,-16.47444918550544,3.624638954953075
2457562.5,-4141575792.383998,-19344590702.18307,4273104151.764806,-2.076507777399388,-16.47418118613424,3.624581915925947
2457572.5,-4143369869.335905,-19358824279.0913,4276235765.930292,-2.076448146548922,-16.47391357318679,3.624524962949254
2457582.5,-4145163894.810151,-19373057624.94862,4279367330.925505,-2.076388616101436,-16.47364634596227,3.624468095814061
2457592.5,-4146957868.893356,-19387290740.08798,4282498846.82451,-2.076329185753008,-16.47337950369121,3.624411314274586
2457602.5,-4148751791.671866,-19401523624.84162,4285630313.701146,-2.076269855175459,-16.47311304551888,3.624354618061898
2457612.5,-4150545663.23173,-19415756279.54099,4288761731.629009,-2.076210624007726,-16.47284697052189,3.624298006877136
2457622.5,-4152339483.65867,-19429988704.51675,4291893100.681426,-2.076151491862643,-16.47258127770022,3.624241480397863
2457632.5,-4154133253.038069,-19444220900.09862,4295024420.931435,-2.076092458331267,-16.4723159659874,3.624185038282862
2457642.5,-4155926971.454944,-19458452866.6154,4298155692.451773,-2.076033522986503,-16.47205103425566,3.624128680175275
2457652.5,-4157720638.99394,-19472684604.39491,4301286915.314866,-2.07597468538696,-16.47178648132141,3.624072405707911
2457662.5,-4159514255.739316,-19486916113.76387,4304418089.592818,-2.075915945087395,-16.47152230596431,3.624016214507555
2457672.5,-4161307821.774941,-19501147395.04798,4307549215.35741,-2.075857301634134,-16.47125850691957,3.62396010620605
2457682.5,-4163101337.184303,-19515378448.57183,4310680292.68011,-2.075798754585812,-16.47099508291393,3.623904080436276
2457692.5,-4164894802.050506,-19529609274.6589,4313811321.632071,-2.075740303511065,-16.47073203266326,3.62384813684713
2457702.5,-4166688216.456291,-19543839873.63155,4316942302.284153,-2.075681947994098,-16.47046935489088,3.623792275102889
2457712.5,-4168481580.484048,-19558070245.81106,4320073234.706932,-2.075623687643479,-16.47020704834258,3.623736494891148
2457722.5,-4170274894.215842,-19572300391.51764,4323204118.970725,-2.075565522096197,-16.46994511180143,3.62368079592626
2457732.5,-4172068157.733438,-19586530311.07048,4326334955.145618,-2.075507451021297,-16.46968354409798,3.623625177951997
2457742.5,-4173861371.118328,-19600760004.78775,4329465743.301488,-2.075449474121647,-16.46942234412613,3.623569640745888
2457752.5,-4175654534.451767,-19614989472.98672,4332596483.508033,-2.075391591138787,-16.46916151085459,3.623514184117989
2457762.5,-4177447647.814801,-19629218715.98383,4335727175.834806,-2.075333801851863,-16.46890104332298,3.623458807917265
2457772.5,-4179240711.288298,-19643447734.09467,4338857820.351242,-2.075276106074063,-16.46864094067013,3.623403512021657
2457782.5,-4181033724.952983,-19657676527.63416,4341988417.126682,-2.075218503655192,-16.46838120211682,3.623348296343841
2457792.5,-4182826688.889465,-19671905096.91659,4345118966.23041,-2.07516099447494,-16.4681218269743,3.623293160825134
2457802.5,-4184619603.178261,-19686133442.25567,4348249467.731664,-2.075103578440601,-16.46786281464167,3.623238105433016
2457812.5,-4186412467.899816,-19700361563.96463,4351379921.69967,-2.075046255480675,-16.46760416459588,3.623183130155098
2457822.5,-4188205283.134521,-19714589462.3563,4354510328.203646,-2.074989025541457,-16.46734587638657,3.623128234995684
2457832.5,-4189998048.962729,-19728817137.74312,4357640687.312819,-2.074931888579066,-16.46708794962323,3.623073419970377
2457842.5,-4191790765.464755,-19743044590.43724,4360770999.096436,-2.074874844557995,-16.46683038396806,3.623018685095696
2457852.5,-4193583432.720882,-19757271820.75051,4363901263.623753,-2.074817893439474,-16.46657317910814,3.622964030394283
2457862.5,-4195376050.811363,-19771498828.99456,4367031480.964048,-2.074761035181312,-16.46631633475857,3.622909455877567
2457872.5,-4197168619.816405,-19785725615.48072,4370161651.186603,-2.074704269731434,-16.46605985063619,3.622854961546819
2457882.5,-4198961139.816169,-19799952180.52012,4373291774.360692,-2.074647597022567,-16.46580372645154,3.622800547387724
2457892.5,-4200753610.890745,-19814178524.4236,4376421850.55557,-2.074591016967636,-16.46554796189089,3.622746213364752
2457902.5,-4202546033.120142,-19828404647.50174,4379551879.840449,-2.074534529457353,-16.46529255660591,3.622691959418838
2457912.5,-4204338406.584262,-19842630550.06477,4382681862.284483,-2.074478134357738,-16.46503751020444,3.622637785464277
2457922.5,-4206130731.362878,-19856856232.4226,4385811797.956735,-2.074421831504247,-16.46478282223489,3.62258369138631
2457932.5,-4207923007.535611,-19871081694.88468,4388941686.926159,-2.074365620701922,-16.46452849219072,3.622529677037135
2457942.5,-4209715235.181898,-19885306937.76002,4392071529.261567,-2.074309501730593,-16.46427451948551,3.622475742244505
2457952.5,-4211507414.380973,-19899531961.35708,4395201325.03161,-2.074253474333254,-16.46402090346808,3.622421886799291
2457962.5,-4213299545.211837,-19913756765.98373,4398331074.304742,-2.074197538225434,-16.46376764341082,3.622368110466186
2457972.5,-4215091627.753228,-19927981351.94719,4401460777.149203,-2.074141693092193,-16.46351473851086,3.62231441298131
2457982.5,-4216883662.083603,-19942205719.55392,4404590433.632998,-2.074085938591746,-16.46326218789135,3.62226079405609
2457992.5,-4218675648.281112,-19956429869.10963,4407720043.823869,-2.074030274359239,-16.46300999060809,3.62220725338132
2458002.5,-4220467586.423582,-19970653800.91916,4410849607.789284,-2.073974700010104,-16.46275814565254,3.622153790628834
2458012.5,-4222259476.588498,-19984877515.28647,4413979125.59642,-2.073919215139768,-16.46250665195383,3.622100405460977
2458022.5,-4224051318.852996,-19999101012.51458,4417108597.312163,-2.073863819340784,-16.46225550840463,3.62204709752792
2458032.5,-4225843113.293852,-20013324292.90551,4420238023.003092,-2.073808512196787,-16.46200471384732,3.621993866481866
2458042.5,-4227634859.987485,-20027547356.76028,4423367402.735487,-2.073753293293875,-16.46175426710558,3.621940711975963
2458052.5,-4229426559.00996,-20041770204.37889,4426496736.575332,-2.073698162226424,-16.46150416698823,3.621887633672667
2458062.5,-4231218210.436996,-20055992836.06032,4429626024.588325,-2.073643118601762,-16.46125441230243,3.621834631248161
2458072.5,-4233009814.34398,-20070215252.10249,4432755266.839891,-2.073588162047792,-16.46100500187135,3.621781704398789
2458082.5,-4234801370.805991,-20084437452.80236,4435884463.395208,-2.073533292216005,-16.46075593454464,3.62172885284392
2458092.5,-4236592879.897815,-20098659438.45588,4439013614.319218,-2.073478508789176,-16.46050720921379,3.621676076330471
2458102.5,-4238384341.693979,-20112881209.35807,4442142719.676654,-2.073423811480435,-16.46025882482373,3.621623374637679
2458112.5,-4240175756.268779,-20127102765.80308,4445271779.532082,-2.073369200034898,-16.46001078038888,3.621570747573003
2458122.5,-4241967123.696307,-20141324108.08422,4448400793.949908,-2.073314674241638,-16.45976307498953,3.621518194984149
2458132.5,-4243758444.050484,-20155545236.49406,4451529762.994428,-2.073260233920245,-16.45951570779578,3.621465716748073
2458142.5,-4245549717.405094,-20169766151.32448,4454658686.729836,-2.073205878924917,-16.45926867805956,3.621413312774561
2458152.5,-4247340943.833807,-20183986852.86674,4457787565.220271,-2.073151609142371,-16.45902198512209,3.621360983004413
2458162.5,-4249132123.410209,-20198207341.4116,4460916398.52983,-2.073097424487198,-16.45877562841004,3.621308727404926
2458172.5,-4250923256.20782,-20212427617.24932,4464045186.722586,-2.073043324897573,-16.4585296074299,3.621256545966187
2458182.5,-4252714342.300118,-20226647680.66981,4467173929.862618,-2.072989310332506,-16.45828392176743,3.621204438696111
2458192.5,-4254505381.76055,-20240867531.9626,4470302628.01402,-2.072935380758821,-16.45803857106301,3.621152405618928
2458202.5,-4256296374.662541,-20255087171.41699,4473431281.240904,-2.072881536158635,-16.45779355502149,3.62110044676169
2458212.5,-4258087321.0795,-20269306599.32199,4476559889.60741,-2.072827776515586,-16.45754887338207,3.621048562158205
2458222.5,-4259878221.084821,-20283525815.96643,4479688453.177707,-2.072774101807806,-16.45730452591183,3.620996751836201
2458232.5,-4261669074.751878,-20297744821.63893,4482816972.015983,-2.072720512008222,-16.45706051239064,3.620945015816353
2458242.5,-4263459882.154014,-20311963616.62794,4485945446.186439,-2.072667007077095,-16.45681683259756,3.620893354105851
2458252.5,-4265250643.364533,-20326182201.2217,4489073875.753276,-2.072613586957592,-16.45657348629445,3.620841766693546
2458262.5,-4267041358.456681,-20340400575.70823,4492202260.780674,-2.072560251573114,-16.45633047321696,3.620790253547752
2458272.5,-4268832027.503628,-20354618740.37531,4495330601.332778,-2.072507000824946,-16.4560877930623,3.620738814610799
2458282.5,-4270622650.578446,-20368836695.51042,4498458897.473671,-2.072453834585265,-16.45584544547336,3.620687449799325
2458292.5,-4272413227.754085,-20383054441.40075,4501587149.267345,-2.072400752696828,-16.45560343004379,3.620636158998098
2458302.5,-4274203759.103347,-20397271978.33307,4504715356.777694,-2.072347754979752,-16.45536174629224,3.620584942066519
2458312.5,-4275994244.698868,-20411489306.59372,4507843520.068461,-2.072294841218482,-16.45512039367455,3.620533798830304
2458322.5,-4277784684.613082,-20425706426.46854,4510971639.203238,-2.072242011169157,-16.45487937157377,3.620482729087313
2458332.5,-4279575078.918199,-20439923338.24279,4514099714.245425,-2.072189264557836,-16.45463867929723,3.62043173260662
2458342.5,-4281365427.686182,-20454140042.20113,4517227745.25821,-2.072136601084187,-16.45439831608089,3.62038080913245
2458352.5,-4283155730.988722,-20468356538.6275,4520355732.304553,-2.072084020422674,-16.45415828109081,3.620329958386136
2458362.5,-4284945988.897222,-20482572827.80513,4523483675.447163,-2.072031522226902,-16.45391857342776,3.620279180068186
2458372.5,-4286736201.482772,-20496788910.01638,4526611574.748482,-2.071979106128907,-16.45367919212611,3.620228473869331
2458382.5,-4288526368.816147,-20511004785.54283,4529739430.270684,-2.071926771754196,-16.45344013617923,3.620177839463739
2458392.5,-4290316490.96779,-20525220454.66511,4532867242.075657,-2.071874518719009,-16.45320140452915,3.620127276524482
2458402.5,-4292106568.007808,-20539435917.66294,4535995010.225005,-2.071822346636625,-16.45296299609065,3.620076784723743
2458412.5,-4293896600.005982,-20553651174.81512,4539122734.780053,-2.071770255125068,-16.45272490975589,3.620026363738896
2458422.5,-4295686587.031762,-20567866226.39945,4542250415.801851,-2.071718243812959,-16.45248714441017,3.619976013258799
2458432.5,-4297476529.154285,-20582081072.69278,4545378053.351186,-2.071666312345249,-16.45224969894615,3.619925732988537
2458442.5,-4299266426.442393,-20596295713.97103,4548505647.488597,-2.071614460386957,-16.45201257227396,3.619875522653294
2458452.5,-4301056278.964645,-20610510150.50918,4551633198.2744,-2.071562687631645,-16.45177576334038,3.619825382003318
2458462.5,-4302846086.789351,-20624724382.58131,4554760705.768705,-2.071510993801401,-16.45153927113322,3.619775310819505
2458472.5,-4304635849.984591,-20638938410.46066,4557888170.031447,-2.071459378647547,-16.45130309470469,3.619725308908715
2458482.5,-4306425568.618252,-20653152234.41965,4561015591.122405,-2.071407841964059,-16.45106723316961,3.619675376115949
2458492.5,-4308215242.758052,-20667365854.73003,4564142969.101244,-2.071356383573976,-16.45083168572264,3.619625512315236
2458502.5,-4310004872.471576,-20681579271.66283,4567270304.02753,-2.071305003335815,-16.45059645163858,3.619575717413956
2458512.5,-4311794457.826294,-20695792485.48852,4570397595.96076,-2.071253701140749,-16.45036153027932,3.619525991350419
2458522.5,-4313583998.8896,-20710005496.47705,4573524844.9604,-2.071202476908641,-16.45012692108941,3.619476334090242
2458532.5,-4315373495.728828,-20724218304.89793,4576652051.085882,-2.071151330584867,-16.44989262359552,3.619426745624461
2458542.5,-4317162948.411279,-20738430911.02028,4579779214.396653,-2.071100262137566,-16.44965863740681,3.619377225961978
2458552.5,-4318952357.004225,-20752643315.11293,4582906334.952168,-2.071049271545684,-16.44942496218667,3.619327775132391
2458562.5,-4320741721.574931,-20766855517.44443,4586033412.811915,-2.070998358805009,-16.4491915976713,3.619278393170173
2458572.5,-4322531042.19066,-20781067518.28313,4589160448.035412,-2.070947523915229,-16.44895854363591,3.619229080117886
2458582.5,-4324320318.918677,-20795279317.8972,4592287440.682216,-2.070896766874823,-16.44872579988927,3.619179836016403
2458592.5,-4326109551.82624,-20809490916.55465,4595414390.811916,-2.070846087678653,-16.44849336626134,3.619130660902005
2458602.5,-4327898740.9806,-20823702314.52336,4598541298.484129,-2.070795486311344,-16.44826124258634,3.619081554799491
2458612.5,-4329687886.448991,-20837913512.07105,4601668163.758488,-2.070744962744133,-16.44802942869028,3.619032517718883
2458622.5,-4331476988.298615,-20852124509.46529,4604794986.694625,-2.070694516929406,-16.44779792437925,3.618983549651615
2458632.5,-4333266046.59662,-20866335306.97348,4607921767.352153,-2.070644148798631,-16.44756672942732,3.618934650564203
2458642.5,-4335055061.410088,-20880545904.86277,4611048505.79065,-2.070593858261705,-16.44733584355826,3.618885820402919
2458652.5,-4336844032.806008,-20894756303.40008,4614175202.069634,-2.070543645197486,-16.44710526645335,3.618837059080964
2458662.5,-4338632960.851258,-20908966502.85201,4617301856.248536,-2.070493509460256,-16.44687499772671,3.618788366485302
2458672.5,-4340421845.612575,-20923176503.48483,4620428468.386674,-2.070443450874567,-16.44664503693003,3.618739742473615
2458682.5,-4342210687.15653,-20937386305.56437,4623555038.543233,-2.070393469235236,-16.44641538354449,3.618691186874039
2458692.5,-4343999485.549507,-20951595909.35596,4626681566.777238,-2.070343564308161,-16.44618603697871,3.618642699486351
2458702.5,-4345788240.857675,-20965805315.12444,4629808053.147526,-2.070293735832756,-16.44595699657147,3.618594280084859
2458712.5,-4347576953.146965,-20980014523.134,4632934497.712733,-2.070243983520604,-16.44572826158792,3.618545928419905
2458722.5,-4349365622.483047,-20994223533.64819,4636060900.531264,-2.070194307063952,-16.44549983123355,3.618497644218114
2458732.5,-4351154248.931322,-21008432346.92986,4639187261.661289,-2.070144706133221,-16.44527170464125,3.618449427195755
2458742.5,-4352942832.556897,-21022640963.24104,4642313581.160719,-2.070095180384592,-16.44504388089567,3.618401277051112
2458752.5,-4354731373.424578,-21036849382.84299,4645439859.087205,-2.070045729465902,-16.44481635903361,3.618353193476857
2458762.5,-4356519871.598863,-21051057605.99611,4648566095.49813,-2.069996353019041,-16.44458913805525,3.618305176162518
2458772.5,-4358308327.14394,-21065265632.95992,4651692290.450607,-2.069947050686589,-16.44436221693271,3.618257224799807
2458782.5,-4360096740.123692,-21079473463.99303,4654818444.00149,-2.069897822118893,-16.44413559462615,3.618209339089137
2458792.5,-4361885110.601707,-21093681099.35319,4657944556.207377,-2.06984866697869,-16.443909270094,3.61816151874301
2458802.5,-4363673438.641285,-21107888539.29722,4661070627.124626,-2.069799584945341,-16.44368324230417,3.618113763492695
2458812.5,-4365461724.305459,-21122095784.08107,4664196656.809368,-2.069750575719723,-16.44345751025761,3.618066073089092
2458822.5,-4367249967.657021,-21136302833.95984,4667322645.31754,-2.069701639036,-16.44323207298221,3.618018447314033
2458832.5,-4369038168.758536,-21150509689.18781,4670448592.704888,-2.069652774652876,-16.4430069295656,3.617970885973586
2458842.5,-4370826327.672383,-21164716350.01851,4673574499.027014,-2.069603982364452,-16.44278207915487,3.617923388906878
2458852.5,-4372614444.460775,-21178922816.70475,4676700364.33939,-2.069555261993196,-16.44255752096595,3.617875955983847
2458862.5,-4374402519.185788,-21193129089.49869,4679826188.697397,-2.069506613411567,-16.44233325429402,3.617828587107426
2458872.5,-4376190551.909393,-21207335168.65194,4682951972.156338,-2.069458036500589,-16.44210927851585,3.617781282210704
2458882.5,-4377978542.693481,-21221541054.41559,4686077714.771471,-2.069409531187518,-16.44188559309151,3.61773404125457
2458892.5,-4379766491.59989,-21235746747.04029,4689203416.598037,-2.069361097419343,-16.4416621975583,3.617686864229747
2458902.5,-4381554398.69042,-21249952246.77636,4692329077.691273,-2.069312735169974,-16.44143909154147,3.617639751142677
2458912.5,-4383342264.026857,-21264157553.87376,4695454698.106435,-2.069264444429667,-16.44121627472592,3.61759270202329
2458922.5,-4385130087.670989,-21278362668.58229,4698580277.898803,-2.06921622520167,-16.44099374686645,3.617545716911584
2458932.5,-4386917869.684605,-21292567591.15151,4701705817.123705,-2.069168077497325,-16.44077150776577,3.617498795855148
2458942.5,-4388705610.129508,-21306772321.83083,4704831315.836503,-2.069120001331054,-16.4405495572665,3.617451938904586
2458952.5,-4390493309.067513,-21320976860.86954,4707956774.092607,-2.069071996715162,-16.44032789523807,3.617405146107715
2458962.5,-4392280966.56044,-21335181208.51685,4711082191.947465,-2.069024063654171,-16.44010652156006,3.617358417503965
2458972.5,-4394068582.670113,-21349385365.02182,4714207569.456551,-2.068976202143379,-16.43988543611396,3.617311753120711
2458982.5,-4395856157.458342,-21363589330.63343,4717332906.675357,-2.068928412160155,-16.43966463876383,3.617265152969497
2458992.5,-4397643690.98691,-21377793105.60054,4720458203.659376,-2.068880693659509,-16.439444129352,3.617218617037846
2459002.5,-4399431183.317554,-21391996690.17182,4723583460.464086,-2.068833046583919,-16.43922390767731,3.61717214529593
2459012.5,-4401218634.511951,-21406200084.59579,4726708677.144917,-2.068785470844102,-16.4390039734963,3.617125737683323
2459022.5,-4403006044.631685,-21420403289.12073,4729833853.757246,-2.068737966325885,-16.43878432650848,3.617079394113458
2459032.5,-4404793413.738235,-21434606303.99461,4732958990.356356,-2.068690532887504,-16.43856496635341,3.617033114471661
2459042.5,-4406580741.892939,-21448809129.46508,4736084086.997422,-2.068643170357989,-16.43834589260217,3.616986898613775
2459052.5,-4408368029.156978,-21463011765.77937,4739209143.73548,-2.068595878538542,-16.43812710475746,3.616940746368383
2459062.5,-4410155275.591352,-21477214213.18427,4742334160.62541,-2.068548657203917,-16.43790860225449,3.616894657535949
2459072.5,-4411942481.25685,-21491416471.92606,4745459137.721905,-2.068501506097898,-16.43769038444777,3.61684863189604
2459082.5,-4413729646.214038,-21505618542.25039,4748584075.079455,-2.068454424946663,-16.43747245063819,3.61680266920124
2459092.5,-4415516770.523223,-21519820424.40232,4751708972.752337,-2.068407413454685,-16.43725480005415,3.616756769189406
2459102.5,-4417303854.24446,-21534022118.62621,4754833830.794586,-2.068360471307221,-16.43703743186822,3.616710931581864
2459112.5,-4419090897.437521,-21548223625.16567,4757958649.26,-2.068313598179499,-16.43682034520397,3.616665156090948
2459122.5,-4420877900.161896,-21562424944.26354,4761083428.202115,-2.068266793738191,-16.43660353914154,3.616619442422743
2459132.5,-4422664862.476786,-21576626076.16185,4764208167.674226,-2.068220057648322,-16.43638701272982,3.616573790283471
2459142.5,-4424451784.441102,-21590827021.1018,4767332867.729363,-2.068173389578307,-16.43617076499864,3.616528199384522
2459152.5,-4426238666.113474,-21605027779.32375,4770457528.420319,-2.068126789207315,-16.43595479496877,3.616482669445825
2459162.5,-4428025507.552259,-21619228351.0672,4773582149.799644,-2.06808025622693,-16.43573910166401,3.616437200204635
2459172.5,-4429812308.815556,-21633428736.57085,4776706731.919681,-2.068033790345526,-16.43552368413193,3.616391791413953
2459182.5,-4431599069.961225,-21647628936.07254,4779831274.832554,-2.067987391304197,-16.4353085414421,3.616346442854519
2459192.5,-4433385791.046911,-21661828949.80936,4782955778.590221,-2.067941058865992,-16.43509367271492,3.616301154331008
2459202.5,-4435172472.130067,-21676028778.01765,4786080243.244479,-2.067894792825422,-16.43487907712289,3.616255925677598
2459212.5,-4436959113.267985,-21690228420.93307,4789204668.846996,-2.067848593009189,-16.43466475390238,3.61621075675924
2459222.5,-4438745714.517817,-21704427878.79064,4792329055.449333,-2.067802459277431,-16.43445070236426,3.616165647472688
2459232.5,-4440532275.936616,-21718627151.82483,4795453403.102982,-2.067756391521422,-16.43423692189511,3.616120597744682
2459242.5,-4442318797.581346,-21732826240.26959,4798577711.859377,-2.067710389663979,-16.4340234119659,3.616075607530365
2459252.5,-4444105279.508919,-21747025144.35849,4801701981.769933,-2.067664453652108,-16.43381017212005,3.616030676816588
2459262.5,-4445891721.776214,-21761223864.32469,4804826212.886054,-2.067618583460929,-16.43359720199017,3.615985805606671
2459272.5,-4447678124.440095,-21775422400.40112,4807950405.259167,-2.067572779085651,-16.43338450127536,3.615940993928648
2459282.5,-4449464487.55743,-21789620752.82042,4811074558.940721,-2.067527040534122,-16.43317206974278,3.615896241823593
2459292.5,-4451250811.185101,-21803818921.81509,4814198673.98221,-2.067481367825533,-16.43295990721333,3.615851549342814
2459302.5,-4453037095.380003,-21818016907.61751,4817322750.435173,-2.067435760984961,-16.43274801355452,3.615806916543448
2459312.5,-4454823340.199059,-21832214710.45992,4820446788.351202,-2.067390220037127,-16.43253638866479,3.615762343481771
2459322.5,-4456609545.69921,-21846412330.5745,4823570787.78193,-2.067344745002129,-16.43232503246058,3.615717830209462
2459332.5,-4458395711.93741,-21860609768.19337,4826694748.779034,-2.06729933589281,-16.43211394486814,3.615673376767743
2459342.5,-4460181838.97062,-21874807023.54856,4829818671.394223,-2.067253992707712,-16.43190312579886,3.615628983185793
2459352.5,-4461967926.855789,-21889004096.87205,4832942555.679219,-2.067208715424913,-16.43169257515254,3.615584649471053
2459362.5,-4463753975.649844,-21903200988.39569,4836066401.685748,-2.067163504010867,-16.4314822927924,3.61554037561385
2459372.5,-4465539985.409671,-21917397698.35122,4839190209.465509,-2.067118358402938,-16.43127227854217,3.61549616157716
2459382.5,-4467325956.192091,-21931594226.97017,4842313979.070165,-2.067073278515651,-16.4310625321763,3.615452007299436
2459392.5,-4469111888.053843,-21945790574.48388,4845437710.551308,-2.067028264236608,-16.43085305341156,3.615407912691258
2459402.5,-4470897781.051548,-21959986741.12343,4848561403.960445,-2.066983315425776,-16.43064384190067,3.615363877634874
2459412.5,-4472683635.241704,-21974182727.11954,4851685059.348968,-2.066938431915728,-16.43043489723112,3.615319901985921
2459422.5,-4474469450.68065,-21988378532.70256,4854808676.768134,-2.066893613512044,-16.43022621892486,3.615275985569895
2459432.5,-4476255227.42454,-22002574158.10239,4857932256.269038,-2.066848859991554,-16.4300178064226,3.615232128193491
2459442.5,-4478040965.529331,-22016769603.54844,4861055797.902593,-2.066804171110354,-16.42980965911236,3.615188329633991
2459452.5,-4479826665.050757,-22030964869.26952,4864179301.719518,-2.066759546601968,-16.42960177630841,3.615144589651691
2459462.5,-4481612326.044316,-22045159955.49387,4867302767.770308,-2.066714986180935,-16.42939415726792,3.615100907990167
2459472.5,-4483397948.56525,-22059354862.44902,4870426196.105242,-2.066670489547688,-16.42918680119491,3.615057284380677
2459482.5,-4485183532.668538,-22073549590.36182,4873549586.774356,-2.066626056392376,-16.42897970724579,3.615013718546157
2459492.5,-4486969078.408887,-22087744139.45838,4876672939.827447,-2.066581686401421,-16.42877287454272,3.614970210207242
2459502.5,-4488754585.840739,-22101938509.964,4879796255.314073,-2.066537379259934,-16.42856630218026,3.614926759086326
2459512.5,-4490540055.018261,-22116132702.10326,4882919533.283549,-2.066493134659674,-16.4283599892407,3.61488336491116
2459522.5,-4492325485.995359,-22130326716.09986,4886042773.784966,-2.06644895230717,-16.42815393479863,3.614840027426362
2459532.5,-4494110878.825693,-22144520552.17677,4889165976.867198,-2.06640483191902,-16.42794813794589,3.614796746387305
2459542.5,-4495896233.562688,-22158714210.55616,4892289142.578916,-2.066360773238249,-16.42774259779372,3.614753521573405
2459552.5,-4497681550.259553,-22172907691.45944,4895412270.968613,-2.066316776031603,-16.42753731349171,3.614710352787976
2459562.5,-4499466828.969315,-22187100995.10732,4898535362.08462,-2.066272840093618,-16.42733228423489,3.614667239861008
2459572.5,-4501252069.74483,-22201294121.71984,4901658415.975139,-2.066228965250138,-16.42712750927789,3.614624182652523
2459582.5,-4503037272.638819,-22215487071.5164,4904781432.688259,-2.066185151358695,-16.42692298794283,3.614581181052495
2459592.5,-4504822437.703897,-22229679844.71587,4907904412.271991,-2.066141398307157,-16.42671871962128,3.614538234982176
2459602.5,-4506607564.992592,-22243872441.53662,4911027354.774286,-2.066097706016072,-16.42651470379303,3.614495344388757
2459612.5,-4508392654.557375,-22258064862.19661,4914150260.243069,-2.066054074432772,-16.42631094000314,3.614452509253276
2459622.5,-4510177706.450686,-22272257106.91343,4917273128.72625,-2.066010503530191,-16.42610742788348,3.614409729576738
2459632.5,-4511962720.724951,-22286449175.90439,4920395960.271757,-2.065966993304547,-16.4259041671402,3.614367005383273
2459642.5,-4513747697.432596,-22300641069.38658,4923518754.927543,-2.065923543767532,-16.42570115754579,3.614324336713174
2459652.5,-4515532636.626066,-22314832787.57691,4926641512.7416,-2.065880154944157,-16.42549839893305,3.614281723619854
2459662.5,-4517317538.357834,-22329024330.69218,4929764233.761979,-2.065836826867521,-16.42529589118509,3.614239166164457
2459672.5,-4519102402.680397,-22343215698.9491,4932886918.036775,-2.065793559573389,-16.42509363422159,3.6141966644098
2459682.5,-4520887229.646289,-22357406892.56433,4936009565.614139,-2.065750353095225,-16.42489162798702,3.614154218418107
2459692.5,-4522672019.308066,-22371597911.75447,4939132176.542275,-2.065707207457166,-16.42468987244342,3.614111828240952
2459702.5,-4524456771.718304,-22385788756.7361,4942254750.869427,-2.065664122680542,-16.42448836754215,3.614069493923403
2459712.5,-4526241486.929587,-22399979427.72574,4945377288.643871,-2.065621098765583,-16.42428711323096,3.614027215490952
2459722.5,-4528026164.994495,-22414169924.9399,4948499789.913893,-2.065578135696901,-16.42408610942887,3.613984992950859
2459732.5,-4529810805.965586,-22428360248.59495,4951622254.727782,-2.065535233437731,-16.4238853560195,3.6139428262881
2459742.5,-4531595409.895373,-22442550398.90717,4954744683.133801,-2.065492391928599,-16.42368485284354,3.613900715463598
2459752.5,-4533379976.83631,-22456740376.09267,4957867075.180165,-2.065449611083979,-16.42348459968696,3.613858660411289
2459762.5,-4535164506.840766,-22470930180.36736,4960989430.915027,-2.065406890793734,-16.42328459627996,3.613816661037587
2459772.5,-4536948999.961001,-22485119811.94688,4964111750.386443,-2.06536423091763,-16.42308484228237,3.61377471722524
2459782.5,-4538733456.249143,-22499309271.04656,4967234033.642351,-2.06532163129101,-16.4228853372978,3.613732828823296
2459792.5,-4540517875.75717,-22513498557.88132,4970356280.730558,-2.06527909172379,-16.42268608085253,3.613690995662137
2459802.5,-4542302258.536879,-22527687672.6657,4973478491.698707,-2.065236611999306,-16.42248707241095,3.613649217544622
2459812.5,-4544086604.639871,-22541876615.6137,4976600666.594264,-2.06519419187927,-16.42228831136992,3.613607494253056
2459822.5,-4545870914.117537,-22556065386.93881,4979722805.464499,-2.065151831106152,-16.42208979706693,3.613565825552458
2459832.5,-4547655187.021034,-22570253986.85389,4982844908.356471,-2.06510952940548,-16.42189152878197,3.613524211192852
2459842.5,-4549439423.401279,-22584442415.57118,4985966975.317018,-2.065067286490883,-16.42169350574563,3.613482650914635
2459852.5,-4551223623.308938,-22598630673.30223,4989089006.39275,-2.065025102070745,-16.42149572715093,3.61344114445237
2459862.5,-4553007786.794419,-22612818760.25785,4992211001.630054,-2.064982975848303,-16.42129819215453,3.613399691540621
2459872.5,-4554791913.907878,-22627006676.64817,4995332961.075078,-2.064940907526596,-16.42110089989911,3.613358291915716
2459882.5,-4556576004.69922,-22641194422.68255,4998454884.773757,-2.064898896826497,-16.42090384951251,3.613316945327478
2459892.5,-4558360059.218111,-22655381998.56955,5001576772.77181,-2.064856943474807,-16.42070704012946,3.613275651535624
2459902.5,-4560144077.513988,-22669569404.51705,5004698625.114753,-2.064815047218877,-16.42051047090152,3.61323441031975
2459912.5,-4561928059.636082,-22683756640.73219,5007820441.847927,-2.064773207827742,-16.42031414100831,3.613193221480822
2459922.5,-4563712005.633432,-22697943707.42141,5010942223.016507,-2.064731425096502,-16.42011804966918,3.613152084845076
2459932.5,-4565495915.554914,-22712130604.79051,5014063968.665532,-2.064689698849376,-16.41992219615719,3.613111000267003
2459942.5,-4567279789.449268,-22726317333.04468,5017185678.839926,-2.064648028940666,-16.41972657980727,3.613069967628311
2459952.5,-4569063627.365115,-22740503892.38854,5020307353.584528,-2.06460641525315,-16.41953120001434,3.613028986845564
2459962.5,-4570847429.350992,-22754690283.02628,5023428992.944113,-2.064564857702951,-16.41933605626164,3.612988057858444
2459972.5,-4572631195.455377,-22768876505.16161,5026550596.963417,-2.064523356234949,-16.41914114809892,3.61294718063865
2459982.5,-4574414925.726709,-22783062558.99793,5029672165.687162,-2.064481910818332,-16.41894647515768,3.612906355182661
2459992.5,-4576198620.213412,-22797248444.73834,5032793699.160085,-2.064440521446415,-16.41875203714428,3.612865581509734
2460002.5,-4577982278.963912,-22811434162.58572,5035915197.426936,-2.064399188130781,-16.41855783383346,3.612824859657736
2460012.5,-4579765902.026653,-22825619712.74276,5039036660.532513,-2.064357910898403,-16.41836386506511,3.612784189679958
2460022.5,-4581549489.450108,-22839805095.41206,5042158088.52166,-2.064316689785153,-16.41817013073136,3.612743571639168
2460032.5,-4583333041.282779,-22853990310.79616,5045279481.439282,-2.064275524834426,-16.41797663076843,3.612703005602777
2460042.5,-4585116557.573209,-22868175359.09753,5048400839.330338,-2.064234416088059,-16.41778336514183,3.612662491640635
2460052.5,-4586900038.369974,-22882360240.51861,5051522162.239849,-2.064193363579761,-16.41759033383874,3.612622029814268
2460062.5,-4588683483.721683,-22896544955.26188,5054643450.212887,-2.064152367345392,-16.41739753684721,3.612581620180694
2460072.5,-4590466893.676959,-22910729503.52977,5057764703.294564,-2.064111427401303,-16.41720497415412,3.612541262780649
2460082.5,-4592250268.284445,-22924913885.52468,5060885921.530024,-2.06407054374915,-16.41701264572448,3.612500957638068
2460092.5,-4594033607.592766,-22939098101.44902,5064007104.964417,-2.064029716372438,-16.41682055149559,3.612460704757429
2460102.5,-4595816911.650534,-22953282151.50509,5067128253.642892,-2.063988945232968,-16.41662869136549,3.612420504119884
2460112.5,-4597600180.506309,-22967466035.89508,5070249367.610569,-2.063948230268446,-16.4164370651825,3.61238035568162
2460122.5,-4599383414.208591,-22981649754.82104,5073370446.912523,-2.0639075713927,-16.41624567274556,3.612340259371893
2460132.5,-4601166612.805798,-22995833308.48482,5076491491.593751,-2.063866968490775,-16.41605451378185,3.612300215097719
2460142.5,-4602949776.346225,-23010016697.088,5079612501.699162,-2.063826421424162,-16.41586358796772,3.612260222732827
2460152.5,-4604732904.878052,-23024199920.83186,5082733477.273542,-2.063785930029677,-16.41567289490681,3.612220282130181
2460162.5,-4606515998.449295,-23038382979.9173,5085854418.361541,-2.063745494116001,-16.41548243413659,3.612180393116135
2460172.5,-4608299057.107802,-23052565874.5448,5088975325.007648,-2.063705113470684,-16.41529220512987,3.612140555495907
2460182.5,-4610082080.901224,-23066748604.91434,5092096197.256176,-2.063664787860417,-16.41510220729786,3.612100769055331
2460192.5,-4611865069.877003,-23080931171.2254,5095217035.151249,-2.063624517033836,-16.41491243999176,3.612061033563734
2460202.5,-4613648024.08236,-23095113573.67683,5098337838.736778,-2.063584300725982,-16.41472290251222,3.612021348779292
2460212.5,-4615430943.564281,-23109295812.46691,5101458608.056471,-2.063544138663484,-16.41453359411738,3.611981714450766
2460222.5,-4617213828.369514,-23123477887.79321,5104579343.153811,-2.063504030567518,-16.41434451402272,3.611942130326401
2460232.5,-4618996678.54456,-23137659799.85266,5107700044.072062,-2.063463976155274,-16.41415566142648,3.611902596152729
2460242.5,-4620779494.135693,-23151841548.84144,5110820710.854278,-2.063423975157566,-16.41396703550564,3.611863111685348
2460252.5,-4622562275.188939,-23166023134.95506,5113941343.5433,-2.06338402730993,-16.41377863543716,3.611823676689057
2460262.5,-4624345021.750117,-23180204558.38829,5117061942.181779,-2.06334413236491,-16.41359046040799,3.611784290945003
2460272.5,-4626127733.864836,-23194385819.33521,5120182506.81218,-2.063304290094104,-16.41340250962462,3.611744954253138
2460282.5,-4627910411.578512,-23208566917.98928,5123303037.476805,-2.063264500293568,-16.41321478232867,3.611705666437113
2460292.5,-4629693054.9364,-23222747854.54323,5126423534.217814,-2.063224762785578,-16.41302727780641,3.611666427346653
2460302.5,-4631475663.983621,-23236928629.1893,5129543997.077254,-2.06318507742083,-16.41283999540257,3.611627236856081
2460312.5,-4633258238.765165,-23251109242.11909,5132664426.097074,-2.063145444080093,-16.41265293451501,3.61158809487622
2460322.5,-4635040779.325944,-23265289693.52378,5135784821.319154,-2.063105862674287,-16.4124660946248,3.611549001338986
2460332.5,-4636823285.710804,-23279469983.59412,5138905182.78533,-2.063066333144333,-16.41227947527937,3.611509956208476
2460342.5,-4638605757.964547,-23293650112.52048,5142025510.53742,-2.06302685545718,-16.41209307610584,3.611470959474856
2460352.5,-4640388196.131961,-23307830080.49295,5145145804.617244,-2.062987429603508,-16.41190689680443,3.611432011151496
2460362.5,-4642170600.257833,-23322009887.70141,5148266065.066642,-2.062948055595251,-16.41172093714723,3.611393111272824
2460372.5,-4643952970.38697,-23336189534.33555,5151386291.92749,-2.062908733461056,-16.41153519697351,3.611354259889905
2460382.5,-4645735306.564206,-23350369020.58498,5154506485.241715,-2.062869463240057,-16.41134967617711,3.611315457065713
2460392.5,-4647517608.834414,-23364548346.63916,5157626645.051305,-2.062830244980224,-16.41116437470427,3.611276702869921
2460402.5,-4649299877.242516,-23378727512.68762,5160746771.3983,-2.062791078735505,-16.41097929253108,3.611237997378716
2460412.5,-4651082111.833465,-23392906518.91982,5163866864.324819,-2.062751964551464,-16.41079442966384,3.611199340661474
2460422.5,-4652864312.652268,-23407085365.52524,5166986923.87303,-2.062712902473733,-16.41060978611993,3.611160732784086
2460432.5,-4654646479.743957,-23421264052.69339,5170106950.085153,-2.062673892535461,-16.41042536191631,3.611122173800292
2460442.5,-4656428613.153591,-23435442580.6138,5173226943.003448,-2.062634934756401,-16.41024115705714,3.611083663749274
2460452.5,-4658210712.926237,-23449620949.47596,5176346902.670209,-2.062596029140026,-16.41005717152517,3.611045202652591
2460462.5,-4659992779.106961,-23463799159.46935,5179466829.12773,-2.062557175669406,-16.40987340526819,3.61100679050961
2460472.5,-4661774811.7408,-23477977210.78338,5182586722.418301,-2.062518374305616,-16.4096898581896,3.610968427298237
2460482.5,-4663556810.872748,-23492155103.60739,5185706582.584179,-2.062479624986068,-16.40950653015201,3.610930112967003
2460492.5,-4665338776.547738,-23506332838.13052,5188826409.667565,-2.062440927623709,-16.40932342094625,3.61089184744514
2460502.5,-4667120708.810614,-23520510414.54173,5191946203.710591,-2.062402282105554,-16.40914053031329,3.610853630631443
2460512.5,-4668902607.706109,-23534687833.02975,5195065964.755288,-2.062363688294,-16.40895785792793,3.610815462399783
2460522.5,-4670684473.278829,-23548865093.78299,5198185692.843568,-2.062325146025419,-16.40877540339822,3.610777342599148
2460532.5,-4672466305.573231,-23563042196.98944,5201305388.017198,-2.062286655113625,-16.40859316626949,3.61073927105649
2460542.5,-4674248104.633595,-23577219142.83676,5204425050.317795,-2.062248215350309,-16.40841114602274,3.610701247577579
2460552.5,-4676029870.504022,-23591395931.51207,5207544679.786795,-2.062209826509183,-16.40822934207982,3.610663271950799
2460562.5,-4677811603.228399,-23605572563.20199,5210664276.465444,-2.062171488347661,-16.40804775380813,3.61062534395188
2460572.5,-4679593302.850408,-23619749038.09258,5213783840.394791,-2.062133200607827,-16.40786638052983,3.610587463343033
2460582.5,-4681374969.413497,-23633925356.36926,5216903371.615681,-2.062094963034123,-16.40768522152106,3.610549629886238
2460592.5,-4683156602.9609,-23648101518.21686,5220022870.168745,-2.062056775360253,-16.40750427603401,3.610511843338225
2460602.5,-4684938203.535616,-23662277523.81952,5223142336.094407,-2.062018637325126,-16.40732354329644,3.610474103460289
2460612.5,-4686719771.180422,-23676453373.36073,5226261769.432897,-2.061980548675111,-16.40714302252908,3.610436410022556
2460622.5,-4688501305.937881,-23690629067.02328,5229381170.224237,-2.061942509168436,-16.40696271295465,3.610398762807421
2460632.5,-4690282807.850353,-23704804604.98932,5232500538.50828,-2.06190451858023,-16.40678261380937,3.610361161614302
2460642.5,-4692064276.960017,-23718979987.44033,5235619874.324709,-2.061866576707438,-16.40660272436065,3.610323606262744
2460652.5,-4693845713.308881,-23733155214.55719,5238739177.71306,-2.061828683369417,-16.4064230439045,3.610286096599574
2460662.5,-4695627116.938812,-23747330286.5202,5241858448.712751,-2.061790838413497,-16.40624357179878,3.610248632491521
2460672.5,-4697408487.891559,-23761505203.50911,5244977687.363098,-2.061753041717677,-16.4060643074493,3.610211213839831
2460682.5,-4699189826.208772,-23775679965.70315,5248096893.703337,-2.061715293186228,-16.40588525033115,3.610173840570181
2460692.5,-4700971131.932035,-23789854573.28122,5251216067.772658,-2.061677592754021,-16.4057063999906,3.61013651263781
2460702.5,-4702752405.102892,-23804029026.42178,5254335209.610227,-2.061639940382731,-16.40552775604806,3.610099230024683
2460712.5,-4704533645.762856,-23818203325.30302,5257454319.255196,-2.06160233605867,-16.40534931819633,3.610061992737179
2460722.5,-4706314853.953443,-23832377470.10291,5260573396.746738,-2.061564779790682,-16.405171086202,3.610024800804597
2460732.5,-4708096029.716185,-23846551460.99923,5263692442.124061,-2.061527271607082,-16.4049930599001,3.609987654273186
2460742.5,-4709877173.092641,-23860725298.16963,5266811455.426415,-2.061489811547945,-16.40481523918194,3.609950553205046
2460752.5,-4711658284.124411,-23874898981.79173,5269930436.693112,-2.061452399660023,-16.40463762399731,3.609913497670025
2460762.5,-4713439362.853142,-23889072512.04309,5273049385.963525,-2.061415036004742,-16.40446021433063,3.609876487746196
2460772.5,-4715220409.320533,-23903245889.10129,5276168303.277096,-2.061377720637356,-16.40428301020107,3.609839523509765
2460782.5,-4717001423.568328,-23917419113.14393,5279287188.673328,-2.061340453611309,-16.40410601164634,3.609802605033741
2460792.5,-4718782405.63831,-23931592184.34864,5282406042.191792,-2.061303234971537,-16.4039292187083,3.609765732382003
2460802.5,-4720563355.572305,-23945765102.89309,5285524863.872095,-2.061266064752636,-16.4037526314246,3.609728905606759
2460812.5,-4722344273.412155,-23959937868.95497,5288643653.753901,-2.061228942973023,-16.4035762498156,3.609692124743655
2460822.5,-4724125159.199716,-23974110482.71199,5291762411.876881,-2.061191869634071,-16.40340007387525,3.609655389807468
2460832.5,-4725906012.976829,-23988282944.34184,5294881138.280715,-2.061154844716039,-16.4032241035524,3.609618700797113
2460842.5,-4727686834.785317,-24002455254.02212,5297999833.005075,-2.061117868176758,-16.40304833876241,3.609582057680126
2460852.5,-4729467624.666954,-24016627411.93037,5301118496.089589,-2.061080939952657,-16.40287277935921,3.609545460404143
2460862.5,-4731248382.663445,-24030799418.24395,5304237127.573833,-2.061044059953044,-16.40269742514357,3.609508908890041
2460872.5,-4733029108.816408,-24044971273.14004,5307355727.4973,-2.061007228062849,-16.40252227585265,3.609472403032686
2460882.5,-4734809803.167353,-24059142976.79555,5310474295.899384,-2.060970444142589,-16.40234733116074,3.609435942702821
2460892.5,-4736590465.757654,-24073314529.38709,5313592832.819358,-2.060933708029313,-16.40217259067896,3.609399527747911
2460902.5,-4738371096.628542,-24087485931.09092,5316711338.29635,-2.060897019536772,-16.4019980539531,3.609363157993637
2460912.5,-4740151695.821071,-24101657182.08286,5319829812.369332,-2.060860378462048,-16.40182372047249,3.609326833246815
2460922.5,-4741932263.376114,-24115828282.53827,5322948255.077103,-2.060823784582468,-16.40164958966571,3.609290553300319
2460932.5,-4743712799.334348,-24129999232.63199,5326066666.458273,-2.060787237658252,-16.40147566091374,3.609254317932279
2460942.5,-4745493303.736239,-24144170032.53833,5329185046.551263,-2.060750737451434,-16.40130193355222,3.609218126916898
2460952.5,-4747273776.622045,-24158340682.43097,5332303395.394293,-2.060714283710689,-16.40112840688341,3.60918198002165
2460962.5,-4749054218.031803,-24172511182.48301,5335421713.025381,-2.060677876186729,-16.4009550801829,3.609145877016088
2460972.5,-4750834628.005336,-24186681532.86691,5338539999.482352,-2.060641514635184,-16.40078195271299,3.609109817675657
2460982.5,-4752615006.582262,-24200851733.75447,5341658254.802837,-2.060605198820768,-16.40060902373048,3.609073801785165
2460992.5,-4754395353.802005,-24215021785.31687,5344776479.024293,-2.060568928522803,-16.40043629250103,3.609037829144696
2461002.5,-4756175669.703799,-24229191687.72466,5347894672.184004,-2.060532703538908,-16.40026375831414,3.609001899570806
2461012.5,-4757955954.326719,-24243361441.14778,5351012834.31911,-2.060496523687995,-16.40009142047864,3.608966012906908
2461022.5,-4759736207.709688,-24257531045.7556,5354130965.466623,-2.060460388814924,-16.39991927836172,3.608930169014347
2461032.5,-4761516429.89151,-24271700501.71698,5357249065.663454,-2.060424298793365,-16.39974733137386,3.608894367785128
2461042.5,-4763296620.910892,-24285869809.20026,5360367134.94642,-2.060388253522443,-16.39957557898742,3.60885860913736
2461052.5,-4765076780.806461,-24300038968.37338,5363485173.352289,-2.060352252931564,-16.39940402074376,3.608822893017793
2461062.5,-4766856909.616809,-24314207979.40391,5366603180.917793,-2.060316296976465,-16.39923265625366,3.608787219399431
2461072.5,-4768637007.380486,-24328376842.4591,5369721157.679651,-2.060280385639197,-16.39906148520099,3.608751588281204
2461082.5,-4770417074.136046,-24342545557.70598,5372839103.674588,-2.060244518924572,-16.39889050734286,3.608715999685422
2461092.5,-4772197109.92205,-24356714125.31139,5375957018.939363,-2.060208696857493,-16.39871972250535,3.608680453652417
2461102.5,-4773977114.777088,-24370882545.44203,5379074903.510773,-2.060172919479816,-16.3985491305739,3.608644950242228
2461112.5,-4775757088.739795,-24385050818.26455,5382192757.425674,-2.060137186839415,-16.39837873149512,3.608609489523208
2461122.5,-4777537031.848849,-24399218943.94559,5385310580.720985,-2.060101499000677,-16.39820852525673,3.608574071573634
2461132.5,-4779316944.142987,-24413386922.65175,5388428373.433695,-2.060065856025402,-16.39803851188618,3.60853869647375
2461142.5,-4781096825.660999,-24427554754.54969,5391546135.600856,-2.060030257974859,-16.39786869143348,3.608503364302015
2461152.5,-4782876676.441723,-24441722439.80613,5394663867.259594,-2.059994704904894,-16.39769906396036,3.608468075130786
2461162.5,-4784656496.524043,-24455889978.58781,5397781568.447085,-2.05995919686282,-16.39752962953092,3.60843282902303
2461172.5,-4786436285.946878,-24470057371.06158,5400899239.200562,-2.059923733882076,-16.39736038819554,3.608397626027058
2461182.5,-4788216044.749173,-24484224617.39425,5404016879.557285,-2.059888315979774,-16.39719133998882,3.608362466171555
2461192.5,-4789995772.969876,-24498391717.75269,5407134489.554536,-2.059852943156125,-16.39702248490157,3.608327349472374
2461202.5,-4791775470.647924,-24512558672.30375,5410252069.229597,-2.059817615388225,-16.39685382289608,3.608292275914795
2461212.5,-4793555137.82223,-24526725481.21423,5413369618.619729,-2.059782332633652,-16.39668535388129,3.608257245464997
2461222.5,-4795334774.531659,-24540892144.6508,5416487137.762156,-2.059747094824144,-16.39651707771364,3.608222258063036
2461232.5,-4797114380.815004,-24555058662.78,5419604626.694036,-2.059711901867154,-16.39634899418947,3.608187313623705
2461242.5,-4798893956.71097,-24569225035.76817,5422722085.452441,-2.059676753646649,-16.39618110304589,3.608152412037845
2461252.5,-4800673502.25815,-24583391263.78137,5425839514.074343,-2.059641650022504,-16.39601340395624,3.608117553171756
2461262.5,-4802453017.495004,-24597557346.9854,5428956912.596582,-2.059606590830793,-16.39584589652979,3.608082736870412
2461272.5,-4804232502.459848,-24611723285.54565,5432074281.055862,-2.059571575888145,-16.39567858032027,3.608047962957665
2461282.5,-4806011957.190826,-24625889079.62711,5435191619.488728,-2.059536604996147,-16.39551145481531,3.608013231243535
2461292.5,-4807791381.725905,-24640054729.39434,5438308927.931546,-2.059501677935018,-16.39534451945672,3.607978541521064
2461302.5,-4809570776.102857,-24654220235.01133,5441426206.420507,-2.059466794479199,-16.3951777736382,3.607943893575262
2461312.5,-4811350140.359255,-24668385596.64159,5444543454.991611,-2.059431954393445,-16.39501121671298,3.607909287184353
2461322.5,-4813129474.53247,-24682550814.44801,5447660673.680664,-2.059397157440694,-16.39484484800579,3.607874722125999
2461332.5,-4814908778.659668,-24696715888.59295,5450777862.523286,-2.059362403385396,-16.39467866682059,3.60784019818044
2461342.5,-4816688052.77781,-24710880819.23808,5453895021.5549,-2.05932769199887,-16.39451267245075,3.607805715135218
2461352.5,-4818467296.923667,-24725045606.54455,5457012150.810761,-2.059293023064132,-16.39434686419119,3.607771272791632
2461362.5,-4820246511.133832,-24739210250.67282,5460129250.325952,-2.059258396377777,-16.39418124135712,3.607736870961499
2461372.5,-4822025695.444723,-24753374751.78281,5463246320.135405,-2.059223811759778,-16.39401580327527,3.607702509484119
