jd_tdb,x_km,y_km,z_km,vx_km_s,vy_km_s,vz_km_s
2443392.5,355199.100763494,-599762.3742436436,-270470.2590349184,0.01396839413811565,0.0002096718872092049,-0.0003237427219497707
2443402.5,367282.7771379976,-599494.5638979807,-270713.0287223026,0.01400169975883857,0.0004116323629455692,-0.000237462980261122
2443412.5,379390.3153396344,-599048.8857080988,-270879.2245276124,0.01402205851288713,0.0006206826257967427,-0.0001466921412153681
2443422.5,391507.8342475838,-598422.6627308681,-270966.4791553137,0.01402543699046536,0.0008278337369707007,-5.569585625321743e-05
2443432.5,403623.4549160191,-597620.3561909555,-270976.3391652834,0.01401880214115858,0.001028334784613475,3.239284823379768e-05
2443442.5,415730.6215333416,-596647.2618043369,-270911.2392619248,0.01400618489908755,0.001223365107962389,0.0001179104461124088
2443452.5,427824.8253154948,-595507.7885289019,-270773.250713017,0.01398900224036464,0.001413494334084793,0.0002011240238568156
2443462.5,439902.707624673,-594206.1368458527,-270564.3679819144,0.01396867647490109,0.001598797067812183,0.000282010903459016
2443472.5,451962.3270477063,-592746.3513011334,-270286.5889122506,0.01394707472891381,0.001779676817789701,0.0003606468885625594
2443482.5,464003.5046482973,-591131.6999967634,-269941.6471958011,0.01392631126129992,0.001957709572585774,0.0004376751084664468
2443492.5,476027.3757071241,-589363.1642526605,-269530.1875090573,0.01390657929270281,0.002136646822283221,0.0005150682255077686
2443502.5,488032.5286237584,-587438.8649795906,-269051.0841882227,0.01388168871802089,0.002317537091887169,0.0005939902340975037
2443512.5,500013.0990934725,-585360.0173392043,-268504.4449829829,0.01385076896202365,0.002493475154454168,0.0006707838022587819
2443522.5,511966.9516276782,-583131.627286225,-267892.8471329032,0.01382061267876931,0.002664318393006462,0.0007445948078706111
2443532.5,523895.9007615037,-580756.4867232242,-267218.1614185446,0.01379311164183965,0.002833670208323208,0.0008170726600477721
2443542.5,535802.0447513604,-578234.8277440111,-266480.9888360814,0.01376767697999058,0.003003747567029955,0.000889385290478555
2443552.5,547686.7924676063,-575565.4306265495,-265681.1469098853,0.01374345095062369,0.003175831756064703,0.0009622375048570315
2443562.5,559550.8846874477,-572746.1129260311,-264817.9226772439,0.01371977819349372,0.00335098252338266,0.001036210172256042
2443572.5,571394.5713333073,-569773.5641229603,-263889.9867747162,0.01369605132228427,0.003530958575725805,0.001112274029875505
2443582.5,583216.7754380542,-566642.2872647186,-262894.7203935559,0.01366892046613066,0.003718878992200947,0.001192437952998162
2443592.5,595010.797595349,-563345.6122543216,-261828.2854991003,0.01362953511208631,0.003912391955119758,0.00127639076275773
2443602.5,606765.1109475933,-559882.6777374995,-260689.408238211,0.01357811341817233,0.004102883756300753,0.001359569431442281
2443612.5,618471.8896475392,-556256.9382607955,-259479.4370535045,0.01351994071983623,0.004289518628346717,0.001441073567451513
2443622.5,630125.8770904215,-552471.2113714177,-258199.5513067528,0.01345588013121138,0.00447324426937527,0.001521445515221524
2443632.5,641721.9145515354,-548528.1465413956,-256850.73080741,0.01338581835102895,0.00465357007744282,0.001600585524600508
2443642.5,653254.9975350149,-544431.1230421186,-255434.2238450151,0.0133103256053984,0.004829459359943793,0.001678046137635885
2443652.5,664721.024249871,-540184.3279368709,-253951.6589689631,0.01323092414899132,0.005000234571142534,0.001753475128238407
2443662.5,676117.4882943882,-535791.9607395115,-252404.6962499472,0.01314953444944991,0.005166795117680202,0.001827309218982232
2443672.5,687442.4878937486,-531256.5142260258,-250794.0227197864,0.01306459940343801,0.005331684201081006,0.001901197974055706
2443682.5,698690.3808716869,-526580.4299133837,-249119.8136018094,0.01297081997425199,0.005490793175015172,0.00197358826657985
2443692.5,709855.1902078337,-521772.0213508924,-247385.2864421678,0.01287391091975134,0.00563782928364663,0.002040570655645746
2443702.5,720937.6584140685,-516841.0497422874,-245595.1126517582,0.01278085655019344,0.005775158135133521,0.002102677406736858
2443712.5,731942.2742757916,-511794.36406054,-243752.8247638735,0.01269389767932953,0.005906148591705518,0.002161417735338857
2443722.5,742874.7424028649,-506636.342758111,-241860.8325050021,0.01261397852007935,0.006033252581255636,0.002217898491303472
2443732.5,753741.4697964044,-501369.3769004507,-239920.6654108412,0.01254183860649272,0.006158725826294669,0.002273102977977427
2443742.5,764549.475962878,-495993.7701611447,-237932.9407039751,0.01247814370680409,0.00628527030997732,0.002328229911649932
2443752.5,775306.1037304678,-490506.9342204804,-235896.9254012935,0.01242261102705367,0.006417078299699374,0.002385352564029923
2443762.5,786016.5223376119,-484902.1792959118,-233809.6434846122,0.01236953635631576,0.006558462764618821,0.00244716276443116
2443772.5,796679.0561969685,-479172.4799792038,-231667.4049477746,0.0123115528552227,0.006704898315427531,0.002511807112608686
2443782.5,807290.6205732478,-473315.870131998,-229469.2438869015,0.01225243109697567,0.006852454192377586,0.002576608416082004
2443792.5,817851.5495953003,-467330.2822914818,-227214.6459509898,0.01219420356988261,0.007003954259179828,0.002642702938904604
2443802.5,828361.9312562781,-461211.3322772984,-224901.958426077,0.01213502200955071,0.007161320914884014,0.002711183580271874
2443812.5,838819.9149962296,-454953.7304929267,-222528.933885235,0.01207255021810216,0.007324875417242289,0.002782382925175332
2443822.5,849221.8089327781,-448552.2920034903,-220093.2384019868,0.01200493417595804,0.007494178028325529,0.0028562281986208
2443832.5,859562.6246711682,-442002.2522724564,-217592.6305454432,0.01193101451904296,0.007668872371306542,0.002932674287260444
2443842.5,869836.3490162849,-435298.65196914,-215024.6127997378,0.01184906305877743,0.00784994622822732,0.003012508701374062
2443852.5,880033.4839898221,-428435.6999461366,-212385.789312677,0.01175210513331133,0.008036911696823317,0.003096326947996193
2443862.5,890138.3199926033,-421412.0250658827,-209674.3466591915,0.01163605123850328,0.008220190083540902,0.003179612837504077
2443872.5,900137.1363660889,-414233.8230382595,-206892.5533788684,0.01150780616077139,0.008394570258791763,0.003259072834688216
2443882.5,910021.4751716706,-406908.6071597234,-204043.7418448465,0.01137139701142948,0.008560569879484925,0.003334787036946824
2443892.5,919785.0394058698,-399443.6069134406,-201131.1252804374,0.01122850682753504,0.008718054723985529,0.003406728737233011
2443902.5,929423.0148566191,-391846.4276702145,-198158.0885706872,0.01108105540714359,0.008866460847488317,0.003474598842850118
2443912.5,938932.5220696108,-384125.0214663901,-195128.2416395661,0.01093160440194981,0.009005676454892532,0.003538240867105925
2443922.5,948313.1122892848,-376286.93507568,-192045.1019054128,0.01078310811067818,0.009136942789057766,0.003598137777885552
2443932.5,957566.4010066083,-368337.6286329833,-188911.1976950009,0.01063663083195129,0.009263873748124202,0.003656187778895759
2443942.5,966692.2067327198,-360279.7880133686,-185727.3427410696,0.01048689443535963,0.00938743542259504,0.003713483599040254
2443952.5,975686.8052449777,-352119.1623365214,-182495.614706846,0.01033418179866904,0.009500970346564292,0.003766422336162154
2443962.5,984551.0904275572,-343864.8908267975,-179220.4145834605,0.01018613079025824,0.009604922673803418,0.0038143902212311
2443972.5,993290.5389117716,-335523.3870091651,-175905.2283109399,0.01004530348714726,0.009703501017249712,0.003859278135279539
2443982.5,1001911.452625867,-327097.9359192111,-172552.0460687914,0.009911681245252962,0.009799640639187623,0.00390254119709948
2443992.5,1010419.868836479,-318589.7037632646,-169161.8044231063,0.009784812988666052,0.009895441600610956,0.003945219838285679
2444002.5,1018821.428856592,-309998.1574463208,-165734.6040230521,0.009664264638681577,0.009992844514842331,0.00398826425664534
2444012.5,1027121.38827771,-301320.8575750104,-162269.5986248737,0.009549444686228212,0.01009452465766762,0.004033040047053918
2444022.5,1035323.57738117,-292552.3914340493,-158764.3074148104,0.00943674810894653,0.01020447875738642,0.004081947416524088
2444032.5,1043425.906588289,-283685.5058319271,-155214.7360622953,0.009316967651839448,0.01032102072708941,0.004134957101269711
2444042.5,1051421.197763664,-274718.1531258696,-151619.2021493786,0.009189994426720196,0.01043633453974182,0.004187852949285698
2444052.5,1059305.509717094,-265651.8988391125,-147978.319232495,0.009060368741140508,0.0105503174203477,0.004240092300591537
2444062.5,1067076.753803581,-256487.1638909196,-144292.2797633963,0.008928083343680024,0.01066438072175298,0.004292450951263244
2444072.5,1074732.166781143,-247223.8770535949,-140560.9092062389,0.008792104323264585,0.01077832368570792,0.004344986088774995
2444082.5,1082268.324141812,-237862.5242876924,-136784.1990901663,0.008652040862889268,0.01089121614856897,0.004397328677814377
2444092.5,1089681.87276448,-228404.3900380584,-132962.4897822698,0.008508460387880935,0.01100229674121863,0.004449120969859534
2444102.5,1096970.246719326,-218850.919741162,-129096.1917000839,0.008362368084581583,0.01111220823403724,0.004500717920343019
2444112.5,1104130.703855481,-209202.1584634135,-125184.850292527,0.008211319515105312,0.01122301615625855,0.004553586647460054
2444122.5,1111156.099067929,-199458.645811607,-121227.7304503151,0.008049452110413847,0.01132987185374422,0.004605836645315547
2444132.5,1118038.632047177,-189627.367386149,-117227.4060299649,0.007882190657307563,0.01142593119883762,0.004653309612685468
2444142.5,1124776.928425478,-179717.238024147,-113188.1123036264,0.007716169698476404,0.01151293256174209,0.004696267407496868
2444152.5,1131373.144119163,-169734.8544251055,-109113.2118283778,0.007553496322251258,0.01159353302887051,0.004735890631998686
2444162.5,1137830.621424429,-159684.9410320219,-105005.2252794575,0.007395167535568657,0.01166951910271198,0.004772969476774666
2444172.5,1144153.510462074,-149570.7810602974,-100866.0555009023,0.007242108242039576,0.01174254952615573,0.004808197929288886
2444182.5,1150346.780099981,-139394.0520616814,-96696.92807281898,0.007095270891370278,0.01181481086506849,0.004842521791606663
2444192.5,1156415.996694082,-129153.9445273839,-92497.91684363871,0.006954706069520918,0.01189007186249686,0.004877808413043093
2444202.5,1162364.831408056,-118845.9049887811,-88267.02398439829,0.006815031705666228,0.01197220555993894,0.004916538497894504
2444212.5,1168190.492827015,-108465.4517759336,-84001.74459552071,0.006669500040306989,0.01205625678689325,0.004956624053358703
2444222.5,1173889.371679532,-98013.36868942507,-79702.417652355,0.006522510197715783,0.01213822635941669,0.004995346460549442
2444232.5,1179461.724266005,-87490.38682253985,-75369.85386474317,0.006376561557525651,0.01222085433185036,0.005033808830461594
2444242.5,1184907.993453561,-76894.98764700336,-71003.75523058814,0.006230341178311252,0.01230601900690688,0.005073082807170854
2444252.5,1190227.154691641,-66224.73697600114,-66603.22421374133,0.006082056583307243,0.01239411026563214,0.005113534655216704
2444262.5,1195416.796681061,-55477.19951534678,-62167.22395769219,0.005930356359420804,0.01248486267275026,0.005155179453272971
2444272.5,1200473.61563994,-44650.16774496244,-57694.71206826292,0.005774506879437529,0.01257819006327071,0.005198110921559356
2444282.5,1205393.595048302,-33740.97116386166,-53184.24969224523,0.005613059420707219,0.01267541932429051,0.00524329825112396
2444292.5,1210169.393978251,-22745.8431016768,-48633.35351387804,0.005439166358841382,0.01277629573689491,0.005291468771870897
2444302.5,1214787.638154246,-11665.2662596035,-44041.03595301539,0.005249043067092339,0.0128714922546098,0.00533822135669044
2444312.5,1219237.141631432,-506.9587876872019,-39410.2274382453,0.005049661177239636,0.01295624288777493,0.005380498960146136
2444322.5,1223511.932003434,10720.34885002615,-34744.75148045368,0.004844940481611806,0.01303131544515111,0.005418526997752792
2444332.5,1227608.121513749,22008.37828216361,-30048.21591484669,0.004636495426528798,0.01309673515846561,0.005452367677794133
2444342.5,1231523.257190445,33348.59533485785,-25324.33553280545,0.004426202805049606,0.0131520586428895,0.005481783923705889
2444352.5,1235256.797388334,44732.21161219187,-20577.00584801615,0.004216615127546472,0.01319727131517247,0.005506661512422344
2444362.5,1238810.639409311,56150.92853044091,-15809.99665642468,0.004010711658578619,0.01323371897994804,0.005527521430271165
2444372.5,1242188.761743282,67598.63396923621,-11026.05265884587,0.003809554861344984,0.0132651318392268,0.005546303242889747
2444382.5,1245393.337592874,79072.04285783984,-6226.195819367655,0.003607906726153186,0.01329246421651782,0.005564061634008886
2444392.5,1248423.170575665,90564.83002858334,-1412.744548565114,0.003406372276018277,0.01330922097840981,0.005577212251644142
2444402.5,1251281.880094255,102067.5424286512,3409.745882330174,0.003212673291774579,0.01331620056520867,0.005585280048010254
2444412.5,1253977.687979571,113573.7116766361,8237.732487219331,0.003029387010506442,0.01331787091862754,0.005590244356950044
2444422.5,1256519.666579186,125080.2304849472,13069.24512917384,0.002856526330662846,0.01331745814941746,0.005593657910383202
2444432.5,1258916.635556306,136586.3829931504,17903.46230918247,0.002693630503146171,0.01331740026474894,0.005596683056211261
2444442.5,1261176.983723118,148093.4605828224,22740.5131508718,0.002540191525903694,0.0133200116317897,0.005600413430457303
2444452.5,1263308.613902802,159604.998397382,27581.60760638071,0.002395451641243648,0.01332837449519252,0.005606381976101664
2444462.5,1265317.792016184,171127.8569007755,32429.7409049658,0.002255468867071335,0.01334686821212372,0.005617158510123691
2444472.5,1267204.537012084,182670.9884038483,37289.5291261442,0.002110690807476945,0.01337400912320671,0.005632786766992414
2444482.5,1268963.558343013,194238.3643444719,42163.35819509064,0.001960755989145464,0.01340236495751699,0.005649211489471712
2444492.5,1270592.423228896,205830.7049508259,47051.49119654694,0.001809582323964977,0.01343219170929828,0.005666079173987739
2444502.5,1272089.957864503,217450.0800743775,51954.72805332147,0.001656450269290729,0.01346503843044759,0.005684252604428558
2444512.5,1273453.685321354,229099.1129400984,56874.28566855721,0.001499577964908188,0.01350070990752906,0.005703819812681389
2444522.5,1274679.802980084,240779.810277791,61811.21547734363,0.001337789152628816,0.01353812771767633,0.00572437969503241
2444532.5,1275763.899261425,252493.1770460188,66766.16064866046,0.001170870141917029,0.013576206742774,0.005745468075023103
2444542.5,1276701.691682693,264239.702261271,71739.57034357326,0.0009990857886106029,0.01361509274595038,0.005767260173937041
2444552.5,1277488.096566528,276020.7556169803,76732.56462881489,0.0008192938983953378,0.0136561179271706,0.005790938316966743
2444562.5,1278113.145241033,287836.4381491048,81746.22163305651,0.0006253003578237009,0.01369342363804362,0.005814167093613046
2444572.5,1278566.11491746,299679.5953347764,86777.95077633896,0.0004225223726128574,0.01371933757385069,0.005832430421082534
2444582.5,1278842.691608812,311540.4206296188,91823.19697460516,0.0002176077565832848,0.01373469457991194,0.005845609505599694
2444592.5,1278942.229764219,323410.605692477,96877.9212892166,1.298661043203022e-05,0.01374119857417527,0.005854459529906509
2444602.5,1278865.675229798,335282.9334958396,101938.572464431,-0.0001897433509000613,0.01373979442180758,0.005859383420389565
2444612.5,1278615.395693881,347150.9693762983,107001.9098733508,-0.0003888458412080869,0.01373146427461551,0.005860754847385814
2444622.5,1278195.34940292,359009.3856803286,112065.1298643727,-0.0005824039314167006,0.01371792364699836,0.005859287326494302
2444632.5,1277610.961073093,370855.0357468491,117126.4253230005,-0.0007693415438263355,0.01370270417829221,0.005856722731763255
2444642.5,1276866.628021453,382688.383592399,122185.9855280602,-0.0009540521697948607,0.01368957147790984,0.005855472398326579
2444652.5,1275961.218666428,394509.7660190254,127244.449714556,-0.00114206394046293,0.01367362352457222,0.005853419535545091
2444662.5,1274893.843369952,406314.5230675239,132299.6964097639,-0.001327871012061231,0.01365140133454623,0.0058480642743552
2444672.5,1273668.278373431,418098.5669295814,137349.3544785706,-0.001508170519560971,0.01362626451702412,0.005840776031805486
2444682.5,1272289.138497537,429860.6312722591,142392.4038323793,-0.001683572931259387,0.01360081619746465,0.005832932485095766
2444692.5,1270760.108086988,441601.053225952,147428.7170446343,-0.001855342672929831,0.01357630748264997,0.00582527068741924
2444702.5,1269083.846692526,453320.9571740279,152458.6480593005,-0.002024526223475198,0.01355342300914459,0.005818223190299705
2444712.5,1267262.27970628,465022.0817439858,157482.9302292277,-0.002191799914234913,0.01353306843728651,0.005812329016211731
2444722.5,1265296.546409563,476707.4847528487,162503.0835530803,-0.00235885297857668,0.01351754400588491,0.005809008634119243
2444732.5,1263184.117886462,488382.0840940126,167522.0310222266,-0.002533046391715235,0.01350734706384321,0.005809341856474084
2444742.5,1260916.01652571,500047.1144119182,172541.4553878298,-0.002718591921690907,0.01349379727621889,0.005809212641300065
2444752.5,1258484.986934032,511697.1851648928,177559.4067955074,-0.002909251315804807,0.01347281996423092,0.00580590918899937
2444762.5,1255888.235456877,523326.3453855992,182573.2793134683,-0.003102032792282403,0.01344552800291093,0.005799847806428368
2444772.5,1253124.269197782,534929.2828720213,187580.7923241416,-0.00329620250728613,0.01341205406544839,0.005791164441982476
2444782.5,1250192.296222467,546500.4434112759,192579.5841985568,-0.003490696705263724,0.0133718833016971,0.005779610175836108
2444792.5,1247092.776535119,558033.890196655,197567.0697449902,-0.003683669476838262,0.01332478253985023,0.005764986398261882
2444802.5,1243828.054917162,569523.9425295022,202540.6935519266,-0.003872717815869843,0.01327178550403408,0.00574768147324773
2444812.5,1240402.101942148,580966.811705154,207498.7984938142,-0.004057271385091819,0.01321624671307031,0.005729471640026776
2444822.5,1236816.703396208,592361.1408934643,212441.2704215949,-0.004242895387698532,0.01315856996891217,0.005711145892262665
2444832.5,1233070.181064472,603702.0840390191,217366.465979399,-0.004428920026784405,0.0130918705406938,0.005688903925069124
2444842.5,1229165.690260028,614981.4478320194,222270.3857918508,-0.004607696786181683,0.01301674038675974,0.005662168378349168
2444852.5,1225110.915525173,626193.8025951092,227149.9325005293,-0.004776694828695081,0.01293735936324473,0.005632769365502232
2444862.5,1220914.397944619,637336.8479048181,232003.4563852336,-0.004935854717842046,0.01285671685640514,0.005602126687334278
2444872.5,1216584.480301598,648410.5002556358,236830.3553866129,-0.005085564953077258,0.01277708135983402,0.005571301455450131
2444882.5,1212129.137251223,659416.5612558179,241630.9031149289,-0.005226263889501102,0.01270065268118094,0.005541314805766409
2444892.5,1207555.907428817,670358.9996335853,246406.4043658728,-0.005358671157439409,0.01263044965641139,0.00551365800133401
2444902.5,1202870.684915095,681245.0624938302,251159.9221928375,-0.005486796621776703,0.01257078106210262,0.005490867961530356
2444912.5,1198073.054822977,692083.9581876367,255896.0764726439,-0.005620191581132489,0.01251993819602276,0.005472868984502956
2444922.5,1193157.402309298,702879.7867729012,260617.1802042336,-0.005759053166735563,0.0124704844352717,0.005455592098457314
2444932.5,1188120.985118116,713633.4408072776,265323.4529341143,-0.005899587358279131,0.01242269003716497,0.005438716435639443
2444942.5,1182962.193306623,724347.0993894286,270015.6444182321,-0.006042646237539063,0.0123779694725185,0.005423067003349177
2444952.5,1177678.016073149,735023.3590263292,274694.8806555273,-0.006190113096464849,0.01233595195859405,0.005408678835234862
2444962.5,1172264.033651221,745664.0299686479,279362.0711129364,-0.006343254656341377,0.01229533906271683,0.005395084355469973
2444972.5,1166715.149126145,756269.7079675904,284017.6517387851,-0.006502348581428357,0.01225477362735887,0.005381734762173154
2444982.5,1161026.35444993,766840.2185718535,288661.7849533299,-0.006667162885338493,0.0122140860753151,0.005368706759791951
2444992.5,1155191.810758279,777375.9603817317,293295.2052957764,-0.006840871260565136,0.01217418318242189,0.005357036433752329
2445002.5,1149200.861010037,787875.6086544906,297918.4266098988,-0.007029401281344775,0.01212862814728792,0.005344138018363863
2445012.5,1143042.466247376,798330.194646149,302528.1244487663,-0.007226855666045397,0.01206945658958732,0.005325379786168476
2445022.5,1136712.349515243,808727.8722721199,307118.9305520342,-0.007426205042339016,0.01199721389013448,0.00530053739374055
2445032.5,1130210.299856423,819058.0329493098,311685.8860218507,-0.00762446789858937,0.01191332665387427,0.005270241648753305
2445042.5,1123538.234024717,829310.9782792698,316224.4317384156,-0.007819371661150447,0.01181860565116451,0.00523482123941975
2445052.5,1116700.099964941,839477.7474130421,320730.2826481368,-0.008008453959523442,0.01171406507883361,0.005194640654867677
2445062.5,1109702.065668512,849550.5890410371,325199.6133361497,-0.008189076644219893,0.01160162694340164,0.00515047633126146
2445072.5,1102552.359343148,859524.186837098,329629.6828258102,-0.008359529635002772,0.0114851990348264,0.005104209780129497
2445082.5,1095258.654784673,869397.1919453713,334019.8820785711,-0.008523734693223064,0.01136895608559329,0.005058403814822801
2445092.5,1087823.541374883,879168.4712365089,338370.1642455129,-0.008686613144729221,0.01124845284618252,0.005011083686112771
2445102.5,1080250.346481087,888832.4540702635,342677.9272815455,-0.008842236344505776,0.01112103407419788,0.00496007782799876
2445112.5,1072547.262638748,898384.8252495185,346940.6076650008,-0.008987198093666894,0.01099079712338808,0.004907066772251949
2445122.5,1064723.37327329,907824.7059812656,351157.2481711486,-0.009122088894023411,0.01086105258851325,0.00485371985746977
2445132.5,1056786.798798624,917153.4393933653,355328.0411975128,-0.009248275339208295,0.01073377285418859,0.004801076968561032
2445142.5,1048744.485290176,926373.7764496921,359453.9243346624,-0.009367049019702858,0.01061035391009424,0.004749877027924795
2445152.5,1040602.368757234,935489.685895798,363536.4784578859,-0.009479482420757015,0.01049238502354427,0.004700963123881415
2445162.5,1032365.177511079,944507.0263669175,367578.3310736737,-0.00958785810828132,0.01038279168096649,0.004656048879948515
2445172.5,1024033.365795506,953433.9721211846,371583.7314858405,-0.009700304854142881,0.01028246286887945,0.004616403633842781
2445182.5,1015600.339603813,962275.2753562148,375555.807278124,-0.009821640899154683,0.01018302198992431,0.00457804389218252
2445192.5,1007060.627537831,971029.3831640716,379494.2109213889,-0.0099464910240518,0.01008075625718974,0.004538458779165432
2445202.5,998412.3749932398,979694.3587916957,383398.0560389202,-0.01007288223893702,0.00997681714104817,0.004498123563882227
2445212.5,989654.1726942589,988268.8341156975,387266.7822115779,-0.01020103887728852,0.009871153961496135,0.004457126289179741
2445222.5,980784.5134920756,996750.962308483,391099.6704782033,-0.01033078367597011,0.009762888611708008,0.004415086993132899
2445232.5,971802.421275913,1005138.127162067,394895.6306991479,-0.010461045208533,0.009651260405882753,0.004371598079239976
2445242.5,962708.1978570299,1013427.455634321,398653.3940679493,-0.01059004841486938,0.009536651730826224,0.004326778476918024
2445252.5,953503.283823525,1021617.362868405,402372.3379671823,-0.01071773299262905,0.00942166364148015,0.004282087204406865
2445262.5,944186.5641262406,1029707.957733626,406053.062078534,-0.010849948874068,0.009305735953997557,0.004237876345469901
2445272.5,934753.4322108368,1037695.04453187,409694.2518938718,-0.0109858496019043,0.009181160259747455,0.004189948664348411
2445282.5,925204.2654194775,1045570.476094372,413291.9559945404,-0.01111765847496436,0.00904786835921504,0.004137431996383422
2445292.5,915544.1174277533,1053328.258382576,416842.8482305774,-0.01124258296216928,0.00890930879782125,0.004081816684518842
2445302.5,905779.2161735824,1060964.924075562,420344.764775387,-0.01136010339344611,0.008767822658086967,0.004024210969844865
2445312.5,895916.0488311688,1068478.714265122,423796.3427885431,-0.0114700170090859,0.008625151382909002,0.003965417886563139
2445322.5,885961.2889152737,1075869.356225429,427196.8979646872,-0.01157207494016101,0.008483101105793495,0.003906261915335376
2445332.5,875921.7953649559,1083138.469155605,430546.6382844475,-0.01166625633850944,0.008344450597773072,0.003848111889570391
2445342.5,865803.4112119767,1090290.803021069,433847.4553039558,-0.011755871796549,0.008213384855903318,0.003793443544434512
2445352.5,855606.2918648222,1097332.954000457,437102.7350723612,-0.01184966231095024,0.008088064510179275,0.00374209645167986
2445362.5,845326.2020766897,1104266.434755791,440313.5409787376,-0.01194685842516074,0.00796130495246924,0.003690093494648757
2445372.5,834962.4730472588,1111089.883351499,443478.9923697672,-0.01204302460535493,0.00783380599766774,0.003637319584223973
2445382.5,824516.0714040856,1117803.592293967,446598.9129862951,-0.01213846257588002,0.00770742846775379,0.003584807010890373
2445392.5,813987.0010145373,1124408.702976932,449673.702536929,-0.01223460708111892,0.007582354601232441,0.003532847694518592
2445402.5,803374.1757047048,1130906.084023235,452703.7847102362,-0.01233244094489875,0.007457913182510225,0.003481270265733991
2445412.5,792675.9984027324,1137295.945790742,455689.3746626832,-0.01243214253044863,0.007333399997726082,0.003429839807733935
2445422.5,781890.9616942771,1143578.28867605,458630.6866228751,-0.01253358357330892,0.007209281120142535,0.003378947079492984
2445432.5,771016.5330500122,1149754.189878752,461528.761392867,-0.01264027780902018,0.007086954958057184,0.003329882534219007
2445442.5,760045.0661989448,1155823.307220101,464384.5729862403,-0.01275841379455778,0.00696023854040757,0.003280176739804787
2445452.5,748968.3605629279,1161777.928716809,467195.3816509986,-0.01288234014571583,0.006821565862592588,0.003225390963662354
2445462.5,737784.6410852636,1167607.757687231,469956.5572931431,-0.01300550524231511,0.006671698933457785,0.003165424341279463
2445472.5,726495.8165476226,1173303.827321384,472663.9339696296,-0.01312531272764708,0.006512095975498162,0.003100927200862124
2445482.5,715105.6383498022,1178858.079152917,475313.7436869217,-0.01323976989194005,0.006343540697991492,0.003032209550936359
2445492.5,703619.6862683068,1184263.157316154,477902.4674345516,-0.01334660513796844,0.006166998831412716,0.00295959919936196
2445502.5,692045.6301435117,1189512.876943474,480427.0128086313,-0.01344329413697541,0.005984358100527851,0.002883836322158842
2445512.5,680393.1187128801,1194603.47692774,482885.3482680962,-0.01352821669869014,0.005799535028235302,0.002806785674546731
2445522.5,668671.1488774618,1199535.160493005,485277.5551080388,-0.01360541644581396,0.005616653955884163,0.002730962606951912
2445532.5,656883.6235730879,1204308.268303979,487604.2059073262,-0.01367966858362914,0.005431217290748394,0.002654312710903592
2445542.5,645035.3322518093,1208918.80820798,489863.3253972421,-0.01374496443205949,0.00524083158058104,0.002574755696927334
2445552.5,633135.8864147555,1213364.252877322,492053.0567442495,-0.01379801500084778,0.005049782714859262,0.002494040975942051
2445562.5,621195.6955735586,1217645.656914049,494173.1972712409,-0.01383950939639982,0.004861552907756759,0.002413892402813084
2445572.5,609224.110089142,1221766.4612091,496224.7495057386,-0.01387094706102213,0.004678321969650309,0.002335424295793722
2445582.5,597229.1635258738,1225731.703337222,498209.5326304749,-0.01389381962901655,0.004501712712186844,0.002259465528543073
2445592.5,585217.670937632,1229547.83806059,500130.0920486,-0.01390948650810282,0.004333547645294495,0.002186961140768365
2445602.5,573194.9361789048,1233223.407192249,501990.111804566,-0.01392066111715723,0.004176963119082966,0.002119731188890491
2445612.5,561161.5446205068,1236769.381013102,503794.9617270984,-0.01393602869778672,0.004032861892038932,0.002059063369193842
2445622.5,549110.6337865808,1240193.26220055,505548.8697099855,-0.0139607676267323,0.003892838778327809,0.002000957219518299
2445632.5,537036.0857045864,1243496.29478622,507252.6236395857,-0.01399009690104737,0.003753239360942739,0.00194296749781613
2445642.5,524934.7998568313,1246679.266356856,508906.4791949161,-0.0140227642298694,0.003614981532311035,0.001885508620657753
2445652.5,512803.5323394709,1249743.240369509,510510.9219495464,-0.01405963301330639,0.003477586522026369,0.00182851601762309
2445662.5,500638.4283994063,1252688.362662486,512066.1162794661,-0.01410106874487459,0.003339588970295637,0.001771386019899129
2445672.5,488435.7540543737,1255513.437682214,513571.6324665634,-0.01414639747158259,0.003199496153081352,0.001713420397968112
2445682.5,476192.7903492612,1258216.333347232,515026.5882767733,-0.01419405108296245,0.003056859059677435,0.001654399346274618
2445692.5,463907.8563938165,1260795.460790801,516430.4422621437,-0.014244004466028,0.002913380852593384,0.00159541127244937
2445702.5,451576.7824627282,1263250.084358769,517783.517734822,-0.01430185298202362,0.002767450550462894,0.001536341790980572
2445712.5,439192.3688187763,1265574.31070227,519083.8292771739,-0.01436598639527109,0.002610537720331119,0.00147260522108024
2445722.5,426753.0719173874,1267757.733101594,520326.4977292081,-0.01442787876483655,0.002442014265539309,0.001403083037161754
2445732.5,414262.7160609564,1269791.627891069,521507.0563648851,-0.01448384425696222,0.002264825693556241,0.001329027095883944
2445742.5,401727.1515745283,1271669.451564161,522622.027559675,-0.01453230532579709,0.002081029020142346,0.001251392241314563
2445752.5,389153.4321668159,1273386.232479243,523668.6486045247,-0.01457194624231628,0.001892333596404483,0.00117093629731687
2445762.5,376549.7555180358,1274938.564520943,524644.8433386462,-0.0146014257329394,0.001700759998178803,0.001088547418195372
2445772.5,363925.4133392457,1276325.222194994,525549.5300566059,-0.0146197277702129,0.001509538186747134,0.001005767202007621
2445782.5,351289.4567170985,1277548.581808902,526383.4998169696,-0.01462938077835843,0.001323462499691123,0.0009253223969572878
2445792.5,338645.8677818135,1278613.387471049,527149.246294693,-0.0146384038681026,0.001141298719595168,0.0008472798824202989
2445802.5,325994.8945223444,1279519.949102344,527847.1897315608,-0.01464532664573397,0.0009568145384175065,0.0007680516638449476
2445812.5,313340.7483980304,1280266.60547039,528476.1971477582,-0.01464548564047025,0.000771755557499027,0.0006879879588751215
2445822.5,300689.3707469412,1280854.207742362,529036.2197494542,-0.01463916052423755,0.000588943932139255,0.0006085436374132753
2445832.5,288045.6829915748,1281285.281933159,529528.1487105,-0.0146279495953261,0.000409511029466219,0.0005304316311223929
2445842.5,275413.2832840484,1281562.883056133,529953.2584308462,-0.01461321219701714,0.0002336839647876032,0.0004538875662602329
2445852.5,262794.8449607423,1281690.145317484,530312.9531397943,-0.01459570534601498,6.156097158256267e-05,0.0003790500959492215
2445862.5,250192.5472723249,1281670.632796379,530608.939815783,-0.01457607635246582,-0.0001057199257889319,0.0003066370891009219
2445872.5,237606.7790001011,1281509.475504331,530843.9989880644,-0.01455882539332792,-0.0002663375095500861,0.0002381634881626214
2445882.5,225031.9797788553,1281210.589028449,531020.9565005244,-0.01455100443129953,-0.000426376918628832,0.0001712115911438489
2445892.5,212461.3585298077,1280770.624745048,531138.980439383,-0.01454777148597019,-0.0005932423556632689,0.0001014402908860444
2445902.5,199893.7513797621,1280183.702220542,531195.404977254,-0.01454355456344651,-0.0007662698482300412,2.874441332725115e-05
2445912.5,187330.8921144982,1279445.064694818,531187.9618896579,-0.01453657550623089,-0.0009443444540515669,-4.635868418653822e-05
2445922.5,174775.7297122059,1278550.515187302,531114.6376272973,-0.01452547947722562,-0.001127135317447272,-0.0001237520083991569
2445932.5,162232.5643847356,1277496.139148072,530973.4840472369,-0.01450846187266411,-0.001314188745922017,-0.0002033361269698621
2445942.5,149707.4541296232,1276278.742804947,530762.7754008737,-0.01448330422087864,-0.001504138318374339,-0.0002846107462216127
2445952.5,137208.2242466004,1274897.11867828,530481.6440322141,-0.01444858655149114,-0.001693556776223904,-0.0003659383733326646
2445962.5,124741.8898753669,1273353.588012069,530131.1320398358,-0.01440850404380099,-0.001878871973458778,-0.0004450661250606575
2445972.5,112310.3724361864,1271650.102125297,529712.5170015524,-0.01436763689381763,-0.002065121957349375,-0.0005243390595223905
2445982.5,99916.69619353229,1269783.967893878,529224.3558477879,-0.0143197878205208,-0.002254917393350847,-0.0006059541238040918
2445992.5,87568.78940595988,1267753.755430165,528665.2243736571,-0.01426160306468451,-0.00244425339299467,-0.0006882991542961272
2446002.5,75275.4736460467,1265561.364344671,528035.2251879555,-0.01419361688891248,-0.002629927576917292,-0.0007697950332605244
2446012.5,63044.66635676238,1263210.863573506,527335.552953554,-0.01411713243133098,-0.002809982909924141,-0.0008494438816849185
2446022.5,50883.1455268658,1260707.748294093,526568.1305760487,-0.01403342903495154,-0.002982969171247008,-0.0009265051622216869
2446032.5,38796.65656302993,1258058.803824275,525735.5438842471,-0.013943651849045,-0.003147183815879278,-0.001000090735186558
2446042.5,26789.60200320035,1255272.821526868,524841.4836426211,-0.01385035451748952,-0.003299566988212326,-0.001068404819099846
2446052.5,14861.77018179915,1252360.921984842,523891.2928023958,-0.01376209894451092,-0.003439400597871048,-0.001130234371000861
2446062.5,3005.722903392846,1249330.593643721,522889.0947690763,-0.01368367370830913,-0.003575190302902467,-0.001189633863474796
2446072.5,-8784.94765178788,1246183.109363101,521835.6022280765,-0.01361010748810431,-0.003710467048939267,-0.001248959299330898
2446082.5,-20513.54609096278,1242919.336001946,520731.0519779194,-0.01354007498340332,-0.003844322732664717,-0.001307763574608453
2446092.5,-32183.43806803157,1239540.389435148,519575.9280454998,-0.013474327573319,-0.003977273072859128,-0.001366095074932029
2446102.5,-43798.50039521891,1236046.436260059,518370.4077976233,-0.01341311440925276,-0.004110821726084263,-0.001424540906941252
2446112.5,-55362.38636689679,1232436.264563865,517114.0868058456,-0.01335563763388621,-0.004246509070832356,-0.001483787844572496
2446122.5,-66877.62002542875,1228707.683858466,515806.1166046657,-0.01330018984527247,-0.004384830551956573,-0.00154404596864515
2446132.5,-78345.57411325873,1224859.007603067,514445.9980052732,-0.01324663472545547,-0.004524140781449261,-0.00160422327483117
2446142.5,-89770.00432041676,1220889.293853539,513034.0650113631,-0.01320036711679654,-0.004666253527191254,-0.001664523122472891
2446152.5,-101157.3682426673,1216792.314233383,511568.2711354237,-0.01315926998124587,-0.00481970068697442,-0.001729553354667172
2446162.5,-112508.1006619471,1212557.440874073,510043.7209508426,-0.013114510825743,-0.004984933824091317,-0.00180035072058656
2446172.5,-123817.0250786785,1208175.849116946,508455.981010854,-0.0130621006934639,-0.005158884147726097,-0.00187562397343478
2446182.5,-135076.6503463144,1203641.032574851,506801.6484279321,-0.01300011139403249,-0.005339286968281534,-0.001954354308846539
2446192.5,-146277.9851534624,1198948.280371136,505078.1079411554,-0.01292689860588445,-0.00552412487668146,-0.002035679718603428
2446202.5,-157410.6326959658,1194094.752288711,503283.537522106,-0.0128408487982902,-0.00571098054406678,-0.002118569389312309
2446212.5,-168462.9032258668,1189080.167587374,501417.250108209,-0.01274076723393117,-0.005896145251422209,-0.00220129860141304
2446222.5,-179423.2632874325,1183908.278404839,499480.6013081305,-0.01262917687643477,-0.006074333723216633,-0.002280943960112787
2446232.5,-190285.2687517499,1178585.567647397,497476.7852066592,-0.01251407183564689,-0.006246417264534697,-0.002357321150425326
2446242.5,-201046.1167698886,1173114.483349238,495407.0592942953,-0.01239388921132531,-0.006418010760109538,-0.002433778490448859
2446252.5,-211699.124955787,1167496.079898976,493271.37322846,-0.01226423703189759,-0.006586736965087048,-0.002509685592758209
2446262.5,-222236.1659705843,1161734.404180568,491070.9715656408,-0.0121257528354897,-0.006749267396753775,-0.002583368623847246
2446272.5,-232650.4688345723,1155835.603114346,488808.223507779,-0.01198046640553901,-0.006903990162926775,-0.002653903319053745
2446282.5,-242937.0060658127,1149806.752276937,486486.060784343,-0.01183028106427234,-0.007050238394686529,-0.002720852265886752
2446292.5,-253092.196687011,1143655.358933091,484107.7111481095,-0.01167661814147384,-0.007187541438932642,-0.002783895357085119
2446302.5,-263113.5848133902,1137389.644941454,481676.8505177709,-0.01152092869888087,-0.007314480556130007,-0.002842161369877269
2446312.5,-273001.2788808192,1131019.565350006,479198.3330358823,-0.01136869345177634,-0.007429167040613061,-0.002894067276970614
2446322.5,-282762.1557561206,1124553.773490437,476677.0422684736,-0.01122780000181695,-0.007537907868419937,-0.002942117785447129
2446332.5,-292404.9787841833,1117993.499848618,474114.147388122,-0.01109419934803716,-0.007648244796879741,-0.002990681801046354
2446342.5,-301933.6706086894,1111337.233569967,471508.930972535,-0.01096328488486417,-0.007759921309091583,-0.003039996709346094
2446352.5,-311350.0278501821,1104584.106754265,468860.8939432705,-0.01083407627942652,-0.007872494409524887,-0.003089812263536019
2446362.5,-320655.2341865693,1097733.164944389,466169.5273700348,-0.01070581488503545,-0.00798644842445222,-0.003140351983768859
2446372.5,-329849.5450387062,1090782.986456011,463434.0696576367,-0.0105770749052576,-0.008102241740630848,-0.003191908700172721
2446382.5,-338931.6844640533,1083732.060566474,460653.6293322277,-0.0104457827392633,-0.008219459404977623,-0.003244400045630509
2446392.5,-347898.6422677801,1076580.046709566,457827.8126370099,-0.01031046337930016,-0.008335606469044278,-0.00329660123067105
2446402.5,-356748.1091857146,1069329.316598968,454957.7719630708,-0.01017509585358251,-0.00844809698828617,-0.00334670629158779
2446412.5,-365482.4978994008,1061981.007960143,452044.4866743467,-0.01004357566643927,-0.00856289313294025,-0.00339751593161852
2446422.5,-374102.4352262048,1054531.002609256,449085.9135065708,-0.009908927503393712,-0.00868313203320253,-0.00345147771522439
2446432.5,-382603.0092764184,1046976.017460141,446079.8290978582,-0.009767045147747282,-0.008805297865415614,-0.003507209580153868
2446442.5,-390977.6931588771,1039315.722736154,443025.3529576282,-0.00961755170436692,-0.008926543018018296,-0.003563313681935085
2446452.5,-399220.038727821,1031551.740226325,439922.5791725905,-0.009460764697435599,-0.009045057783353759,-0.003618881008014202
2446462.5,-407323.8778010907,1023687.081637218,436772.2949698709,-0.009296968411729197,-0.009159328534472965,-0.003673163062449941
2446472.5,-415283.2307992177,1015726.195688232,433576.0004619034,-0.009126360632723146,-0.009267375368129207,-0.003725163005692252
2446482.5,-423092.6968155868,1007675.865705958,430336.4386237938,-0.008950696217788962,-0.009365667280188839,-0.003772878986543583
2446492.5,-430750.8864699239,999545.6347129989,427058.1941474671,-0.008777903019667231,-0.009452995740629817,-0.003814888087299046
2446502.5,-438263.0413099829,991341.8820881989,423744.8220070527,-0.008612033373448154,-0.009537181074998527,-0.003854965541408221
2446512.5,-445632.8738215645,983065.5235456768,420396.7972856794,-0.008447780056325623,-0.009620785390431777,-0.003895018049458423
2446522.5,-452860.8682139608,974717.8605136505,417014.4913810819,-0.008283801209785452,-0.009702045217587985,-0.003934196649704395
2446532.5,-459947.6271891852,966301.1576548201,413598.8573129748,-0.008121003294459448,-0.009780671271601636,-0.003972172261528771
2446542.5,-466894.4839091719,957817.3984958652,410150.8572916228,-0.007959987533595475,-0.009857435311377772,-0.00400918250975745
2446552.5,-473702.9288041047,949267.7692838525,406671.1525936454,-0.007800477996920918,-0.009933271054738553,-0.004045616886256011
2446562.5,-480373.8308173051,940652.9373171505,403160.1896980095,-0.007641415029621739,-0.01000821880939928,-0.004081452909720513
2446572.5,-486907.5192097281,931974.3915728029,399618.933534409,-0.007483433358903899,-0.01008037016948858,-0.004115447806733589
2446582.5,-493307.3820289491,923234.4502431942,396049.2419374991,-0.007332643439242731,-0.01015161418368419,-0.004147829573216162
2446592.5,-499579.9692509014,914430.0487277767,392450.5430116245,-0.007187325238946263,-0.01023053564060265,-0.00418323975156382
2446602.5,-505726.2018584086,905553.7151461851,388819.4172627044,-0.007039185194558826,-0.01031763672442631,-0.004222721728709683
2446612.5,-511741.8327248085,896599.6416392917,385152.8521004234,-0.0068846709060446,-0.01041009156471965,-0.004265095510082552
2446622.5,-517620.5976869406,887564.1137270967,381448.7557758481,-0.00672211831698744,-0.01050589600144337,-0.004309475165572499
2446632.5,-523354.9090182326,878445.0004091505,377705.7123281054,-0.006550035037789833,-0.0106032589513134,-0.004355122311229771
2446642.5,-528935.8697717834,869241.868253959,373923.0007672037,-0.006366884353877081,-0.01069993397158767,-0.004401107874842092
2446652.5,-534353.340119921,859956.7270190744,370100.9615724189,-0.00617152272661128,-0.01079230855496858,-0.004445773381964347
2446662.5,-539597.4054088946,850595.5562397894,366241.9327834127,-0.005966594570981996,-0.01087517405093594,-0.004486246647978455
2446672.5,-544663.3282001007,841166.9463309608,362350.0149334968,-0.00576010011004471,-0.01094958493421331,-0.004522466424077553
2446682.5,-549549.9153163517,831675.3951622117,358427.3075911659,-0.005550348813444211,-0.01102105318728914,-0.004557767715270476
2446692.5,-554252.121365875,822124.1472278873,354474.6549115738,-0.005333121808776635,-0.01108706665754026,-0.004591460196513093
2446702.5,-558763.628304577,812519.5019374627,350494.2208706786,-0.00510925427464709,-0.01114426014441324,-0.004621860464132528
2446712.5,-563079.6484466145,802869.8895672876,346489.3025998767,-0.004880991755523006,-0.01119098465472603,-0.004648031395938808
2446722.5,-567197.3472146725,793184.6972347288,342463.7724737463,-0.004650509516269411,-0.0112265494397238,-0.00466952062814511
2446732.5,-571115.5984208427,783473.75057206,338421.8095865225,-0.004419563769528461,-0.01125049463127742,-0.004685999150342918
2446742.5,-574834.7228817303,773747.5601796072,334368.0450837511,-0.004190023773984666,-0.01126146398007605,-0.004696596786369717
2446752.5,-578358.023217373,764018.2599074409,330308.2684984968,-0.003967911011558403,-0.01125779886804849,-0.004699795914674064
2446762.5,-581695.9852247447,754296.3623660849,326248.178967242,-0.003761454262325323,-0.01124626379836546,-0.004698292955218506
2446772.5,-584861.1956827499,744584.6253952777,322189.6291147208,-0.00356687321606946,-0.01123470627152911,-0.004696556016944965
2446782.5,-587861.7202962736,734882.737800293,318132.4833387336,-0.003379969638304513,-0.01122337959431817,-0.004694995333722705
2446792.5,-590703.7785921475,725190.4959952409,314076.6259353828,-0.003199982437857251,-0.01121253606592196,-0.004693631195972588
2446802.5,-593393.0748820299,715506.9786479749,310021.6802459669,-0.003026161507014965,-0.01120341598130374,-0.004692992972935823
2446812.5,-595934.3003634791,705830.1364967085,305966.7457856752,-0.002856874076602682,-0.01119724191138548,-0.004693691519047289
2446822.5,-598330.3412092787,696157.1902225012,301910.5218938973,-0.002689622567935998,-0.01119430631706886,-0.00469594653604816
2446832.5,-600581.9057600771,686485.9690937332,297851.9638943139,-0.002522346667189725,-0.01119270092861993,-0.004698787149067394
2446842.5,-602689.8612348998,676816.5402113347,293791.3646823131,-0.002358340712319406,-0.01119038034758338,-0.004700654678229957
2446852.5,-604659.055791544,667147.3024440756,289728.6264258507,-0.002200437528990865,-0.01119368143821078,-0.004704562887755883
2446862.5,-606491.5989357292,657471.2983608927,285660.5515520165,-0.002040640690053661,-0.01120564158199793,-0.004712935719779783
2446872.5,-608183.2784854991,647782.5408314238,281583.8086625002,-0.001873994453256374,-0.01122255923805056,-0.004724328855990342
2446882.5,-609727.5328219943,638078.213413066,277496.4817539073,-0.001699280744886469,-0.01124124943740151,-0.004737227387662573
2446892.5,-611117.1883215882,628357.8233002081,273397.7655788212,-0.001516072267543113,-0.01125938368653497,-0.00475052539504722
2446902.5,-612344.7696437655,618622.7806504576,269287.7480164308,-0.00132405728320491,-0.01127478587696908,-0.004763210792770018
2446912.5,-613402.5503765373,608876.5551801039,265167.482088464,-0.00112301782530436,-0.01128470188514654,-0.004773967600272732
2446922.5,-614283.1226826234,599125.6550514813,261039.5596875661,-0.0009145386665348653,-0.01128476143770072,-0.004780434036283831
2446932.5,-614983.0562501219,589380.0349465542,256908.7096088405,-0.0007065923476120531,-0.01127304054827546,-0.004780886781042673
2446942.5,-615505.5490110017,579647.0905657908,252778.8736473484,-0.0005031855756993663,-0.01125658266281366,-0.004778788891280735
2446952.5,-615852.3628915433,569929.5264219106,248651.2477401,-0.0002993457341636907,-0.01123702402312366,-0.004775623294447858
2446962.5,-616022.4614878867,560231.1381525493,244527.2527204005,-9.432560676103782e-05,-0.0112118968613262,-0.004770211772721879
2446972.5,-616015.4826733996,550557.2316829572,240409.1473024135,0.0001102722859424527,-0.01118033891650711,-0.004761954260581498
2446982.5,-615832.4491965455,540913.2729414421,236299.412490061,0.0003130283316972309,-0.0111426796896191,-0.004750868506028683
2446992.5,-615475.2939957719,531304.2441169856,232200.3907279665,0.0005132999804496519,-0.0110995735017622,-0.004737190091572276
2447002.5,-614946.1526004627,521734.7738244211,228114.3113348993,0.0007111614128198513,-0.01105095805228673,-0.004720815258093304
2447012.5,-614247.5031720296,512210.3159389176,224043.95772292,0.0009049165766560382,-0.01099503705939804,-0.004700508605594627
2447022.5,-613385.7892581213,502736.9036493831,219992.9256380623,0.00108749600928037,-0.01093417278784123,-0.004676688853598405
2447032.5,-612371.270153858,493314.7393974445,215962.1861944469,0.001260014277051757,-0.01087742150628102,-0.00465420349058047
2447042.5,-611209.133427831,483939.2324957488,211949.7084860934,0.001430061186273784,-0.01082579282817435,-0.004634291558659187
2447052.5,-609899.9588575908,474606.9093627785,207953.6439769706,0.001600646442410482,-0.01077718954145994,-0.004616086945886342
2447062.5,-608442.6716439935,465315.7338108455,203972.77462592,0.001773127618119079,-0.01073037966034877,-0.004599052035656456
2447072.5,-606835.0554195028,456064.5898897419,200006.2552596984,0.001948876525224002,-0.01068432985546735,-0.004582798415515062
2447082.5,-605073.6191296881,446853.4217799678,196053.6385048386,0.002129465683784731,-0.01063750632927935,-0.004566732108366108
2447092.5,-603153.5445857692,437684.0317103049,192115.2619740264,0.002316186360964756,-0.01058693463893795,-0.004549496619083154
2447102.5,-601070.0970132885,428561.6636608729,188193.2125163629,0.002506562626840241,-0.01052801578313126,-0.00452850510544177
2447112.5,-598823.513128212,419493.6010469297,184291.064124929,0.002692978367901066,-0.01046249523149945,-0.00450404452458496
2447122.5,-596417.1002847176,410482.5556420519,180410.1384325496,0.002877731874375762,-0.01039625044758281,-0.004479644741438525
2447132.5,-593849.8831479745,401529.7397554902,176550.3813753498,0.003065451387402623,-0.01032705551229361,-0.004454745080034401
2447142.5,-591119.2383545024,392639.1506823923,172712.9330724984,0.003255787320831315,-0.0102518528770163,-0.004427809659669847
2447152.5,-588223.6167963302,383816.69072063,168899.9570658388,0.00344705200831973,-0.01016920237341291,-0.004398003440990624
2447162.5,-585162.929477213,375069.0862275545,165114.1276645056,0.003637647750825904,-0.0100785117695649,-0.004364920961347401
2447172.5,-581938.2995840517,366403.465539613,161358.410101831,0.003826383677018578,-0.009979306081416523,-0.0043282220281481
2447182.5,-578551.8321978926,357827.706190013,157636.2586076571,0.004011886930772807,-0.009870097641484022,-0.004286962069996406
2447192.5,-575008.2509490366,349351.4428472064,153952.3644614799,0.004188480871761922,-0.009749086631180341,-0.004239535984249421
2447202.5,-571319.1414031066,340982.7694286372,150311.3757241438,0.004348402644589158,-0.009622939721911295,-0.004188597371098539
2447212.5,-567497.7667363,332722.2455115039,146714.1974540988,0.004495825209100555,-0.009499094905995471,-0.004138406447581722
2447222.5,-563552.6919865486,324567.7075459838,143159.9350493069,0.004635020745038312,-0.009377475392862619,-0.004089183192041462
2447232.5,-559490.592053418,316517.3303973757,139647.8480692379,0.004766792354114809,-0.009258104593930021,-0.00404081538457557
2447242.5,-555317.6025508522,308568.7533826227,136177.0400739181,0.004891900935954296,-0.009142030327610181,-0.003993721629598862
2447252.5,-551038.848872096,300718.6352494674,132746.1756838178,0.005011965883378772,-0.009030327178907843,-0.003948427682443573
2447262.5,-546657.6643125291,292963.0156321288,129353.5822678485,0.005129470935169061,-0.008923175148797459,-0.003905091013233051
2447272.5,-542175.2194610714,285298.632677992,125997.8916349486,0.005246445336837872,-0.008818571175853223,-0.003862690373449065
2447282.5,-537592.8925527997,277724.5045691905,122679.0956463667,0.005359538600708931,-0.008714499233484644,-0.003819685492575013
2447292.5,-532915.9753908861,270237.9127201615,119396.7418807559,0.005466167997681175,-0.008617335673032495,-0.003779151847434911
2447302.5,-528146.7868598035,262830.8910274078,116147.2963322497,0.00557451153781931,-0.008529870701640125,-0.003743421850203443
2447312.5,-523281.2548634426,255496.6302038991,112927.1616701041,0.005689568697584468,-0.00844824030362732,-0.00371099810396938
2447322.5,-518312.8938328375,248231.6244829855,109734.1918026808,0.005812657489788227,-0.008369091156760185,-0.003680322817541588
2447332.5,-513234.5178642605,241034.8634209858,106567.3991728741,0.005944300708502407,-0.008289866186968944,-0.003650221562875343
2447342.5,-508038.5720668617,233907.4599101112,103426.7595996426,0.006084866874075587,-0.008208109139066047,-0.003619588385174519
2447352.5,-502717.2257142937,226852.849328318,100313.3064827847,0.006234569201230767,-0.008120737060340725,-0.003586986301623813
2447362.5,-497263.0180870701,219877.8069663322,97229.72889235882,0.006391692132881078,-0.00802302247999397,-0.003549908609781805
2447372.5,-491672.6403441883,212992.8177852236,94180.95855575774,0.006548036849475708,-0.007912819476033194,-0.003506552813437088
2447382.5,-485949.5200545794,206205.9921947577,91171.19452659033,0.006699561538780124,-0.007796871755533414,-0.00346028344652796
2447392.5,-480095.7745556869,199521.1169701874,88202.04244766767,0.006850910569985534,-0.007676348259236563,-0.003412366091491102
2447402.5,-474111.1111528263,192943.3951477016,85275.48963176682,0.007002321993870091,-0.007548495509814327,-0.003361482801944498
2447412.5,-467996.3687079808,186479.7454714939,82394.4627906525,0.007151636463389459,-0.007412250530457069,-0.003306931157901153
2447422.5,-461754.2883749785,180137.3860426772,79562.18742713018,0.007296791000261898,-0.007267827240200616,-0.003248656650165058
2447432.5,-455389.1137883127,173923.1006591607,76781.79397280134,0.007436418829995787,-0.007115886493733727,-0.00318686895343809
2447442.5,-448905.9439552131,167843.2519636512,74056.29801194863,0.007569809167105618,-0.006956518858001134,-0.003121495203746714
2447452.5,-442310.929523585,161904.8184422907,71389.21255685261,0.007694405311115802,-0.006788280771715371,-0.003051410234166138
2447462.5,-435614.9170191668,156114.9012753814,68784.69507420443,0.007802387626795336,-0.006614246156440493,-0.002977322875604245
2447472.5,-428833.0382532041,150474.1159600093,66243.99879548156,0.007894482675045953,-0.00644418738026899,-0.002904385003351165
2447482.5,-421975.71104326,144977.6771306311,63765.13144371052,0.00797782823147077,-0.006279889842324672,-0.00283413924236691
2447492.5,-415049.062840701,139621.1327931758,61345.96328740879,0.00805520397210304,-0.006120262469623119,-0.002766144946786218
2447502.5,-408057.6268400798,134400.5734270056,58984.60857671628,0.00812805085299343,-0.00596511800763674,-0.002700322740189169
2447512.5,-401004.6008225559,129312.121599885,56679.16050440524,0.008198101795069879,-0.005814424053948213,-0.002636732927325862
2447522.5,-393891.4851831556,124352.1363897113,54427.73705742523,0.00826754107456964,-0.005667541746631436,-0.002575191087781174
2447532.5,-386717.8342984571,119518.1303689114,52228.91592636015,0.008338466144722567,-0.005522223726343055,-0.002514678992160674
2447542.5,-379482.5479812819,114810.5031200466,50082.76510349323,0.008409286965383426,-0.005374449598954173,-0.002452881824029771
2447552.5,-372188.6566847009,110231.2102055428,47990.60137305789,0.008473516882570063,-0.0052264783012674,-0.002390359919639687
2447562.5,-364841.1527334762,105777.3774654571,45951.33165655698,0.008534778255956662,-0.005084221935684702,-0.002330697095929642
2447572.5,-357439.720409545,101444.7322862888,43962.51420825846,0.008598764625170154,-0.004945267416071191,-0.002273261888217429
2447582.5,-349981.4956669045,97231.98668634107,42022.97481602356,0.008666162868985026,-0.004806255067193493,-0.00221640722084986
2447592.5,-342463.8167120039,93140.107183052,40132.6972457097,0.008736250039629087,-0.004665236998603014,-0.002159095800507574
2447602.5,-334884.7090042311,89171.40425085116,38292.38875469621,0.008808243666961521,-0.00452093146292719,-0.00210063442761668
2447612.5,-327242.7872391534,85329.25147012419,36503.32790323888,0.008881572526605699,-0.004372028215914811,-0.002040323675602082
2447622.5,-319537.2165624987,81618.54359127897,34767.61942905544,0.008955228452938451,-0.00421609692870625,-0.001976800581265566
2447632.5,-311769.608185059,78046.74858262707,33088.97282094483,0.00902357338453731,-0.004050434837295717,-0.00190805020802717
2447642.5,-303948.4458146238,74620.50121397448,31471.36679785201,0.009078850113090968,-0.003880924151312678,-0.001836392450897292
2447652.5,-296083.9288228556,71339.67099076258,29915.3737672955,0.00912502199330401,-0.003714017883370539,-0.001765634528192448
2447662.5,-288181.9461044617,68202.18952561515,28420.14217808826,0.009165736590759279,-0.003548867890268214,-0.001695617915306334
2447672.5,-280247.087516098,65206.87859769836,26985.24669668334,0.00920107214827519,-0.003384969480758599,-0.001625968106437622
2447682.5,-272284.0597067472,62352.3996184982,25610.29603476937,0.009230999033814621,-0.003223031335315792,-0.001556926164655737
2447692.5,-264297.2558993572,59636.64109938357,24294.57497812049,0.009256324370748982,-0.003063986474681963,-0.001488929600252256
2447702.5,-256289.9665510689,57056.91421180846,23037.07004977718,0.009278756824293648,-0.002908054215691743,-0.001422131524614487
2447712.5,-248263.9645074213,54611.12977000026,21837.04615144909,0.009299602441813288,-0.002753419065281127,-0.001355573909073845
2447722.5,-240221.8363660002,52299.22760098917,20695.03097628939,0.009314861783816557,-0.002598485883479288,-0.00128789664656384
2447732.5,-232170.4774620149,50118.97034988229,19610.89968919677,0.009321722781450084,-0.002450134366534057,-0.001222430582467037
2447742.5,-224113.9428387895,48062.55543118407,18581.28504938673,0.009328178777754074,-0.002311428919929793,-0.001161637063143804
2447752.5,-216050.0886833018,46123.05928492573,17602.62900767562,0.009339032505777754,-0.002178889860009983,-0.001104200293891285
2447762.5,-207974.4531321014,44296.52096637194,16672.65636314104,0.009355570761484865,-0.002049543018710408,-0.001048756680100213
2447772.5,-199881.8564714556,42581.17782389584,15790.09435037992,0.009378376961172117,-0.001921138322992771,-0.0009942972955413506
2447782.5,-191766.6759421281,40977.15662963055,14954.50450571251,0.009407924838225957,-0.001791454401411086,-0.0009398492145533754
2447792.5,-183622.9146522694,39486.73487055656,14166.40618111008,0.009444542939200048,-0.001657570510479557,-0.0008840723191155076
2447802.5,-175444.8656163621,38115.41721201432,13427.90685742651,0.009486568478945646,-0.001514870433898121,-0.0008245241352709793
2447812.5,-167230.9613279334,36872.28489161931,12743.28476514352,0.009525826904909588,-0.001361434097226794,-0.0007595246988712128
2447822.5,-158986.2335401337,35763.85549901659,12115.97122192289,0.009558555359989639,-0.001204122103348678,-0.0006925279899795907
2447832.5,-150714.232175446,34792.33997358754,11546.79818860083,0.009589448808071313,-0.001044031389705212,-0.0006247616171075974
2447842.5,-142416.1228531743,33961.36384790621,11036.98696561114,0.009618696398213807,-0.0008784801758782754,-0.000554931714350906
2447852.5,-134094.2283573997,33276.1873545335,10588.66802841682,0.009644120801232194,-0.0007065080666200544,-0.0004823735944927732
2447862.5,-125752.7922887662,32742.27677160934,10204.23909408146,0.00966363077336864,-0.0005284453479304861,-0.0004070689809095549
2447872.5,-117397.5918178524,32364.55127627397,9885.969647326416,0.00967581689455865,-0.0003450996323534399,-0.0003292689824918702
2447882.5,-109035.3011520573,32147.36671234635,9635.97550929811,0.009679912584024763,-0.0001567440284769941,-0.0002489488082630127
2447892.5,-100673.7139570906,32095.5121943734,9456.822375744558,0.009673251064599896,3.780529457431486e-05,-0.0001650547474475673
2447902.5,-92325.40084971997,32213.57905259854,9351.611287436677,0.00964801103174311,0.0002349875851215121,-7.84871898930179e-05
2447912.5,-84007.05680745134,32499.27305406268,9320.372847847017,0.009605232824963629,0.0004246770473962698,5.460409467916538e-06
2447922.5,-75730.44563965005,32944.65523618055,9359.812331192186,0.009552230039013686,0.0006047904601624629,8.515667199669087e-05
2447932.5,-67502.85488795878,33541.79782289724,9466.385010653199,0.009492083667341545,0.0007760011817383931,0.000160880949582552
2447942.5,-59329.6317584824,34282.96958205445,9636.649880611294,0.009426723822319346,0.0009381300613454421,0.0002325582305539941
2447952.5,-51214.30470718197,35160.19925969697,9867.026283602409,0.009358506182224445,0.001090952001338635,0.0003000109424334482
2447962.5,-43158.12340330074,36165.58928970848,10153.87911102376,0.009290330647514033,0.001234992308624383,0.0003633602905124908
2447972.5,-35159.75428895965,37292.37167900806,10494.00843840658,0.009225038474495137,0.001372559993569757,0.0004236337083719022
2447982.5,-27216.59759761282,38536.78263512007,10885.74075771008,0.009161696844009278,0.001507857122922852,0.0004832065813574553
2447992.5,-19329.60678769037,39896.76420239773,11328.68884720755,0.009094569853765362,0.001638814209536928,0.0005415502262958396
2448002.5,-11500.97980175258,41365.74389698208,11820.14669231962,0.009028078059326816,0.001760100142656653,0.0005952935417193512
2448012.5,-3727.086385818329,42936.33036091395,12356.29296077849,0.0089683452447953,0.001874804896221912,0.0006453485331397025
2448022.5,3998.570294375122,44604.68189644899,12934.80279206776,0.00891638751325718,0.00198694415767541,0.0006936231516487225
2448032.5,11682.52745596262,46369.80355782928,13554.74555432016,0.008871703973034755,0.002099180725906222,0.0007414422934853019
2448042.5,19330.76603771387,48232.68000136416,14216.17284370561,0.0088335909219478,0.002213547916204028,0.000789808638456637
2448052.5,26948.6808107881,50196.0154703381,14919.98121578914,0.008801404056411699,0.002332121493969408,0.0008397449014153624
2448062.5,34540.97883142658,52264.69788640912,15668.1780285564,0.008773880156842754,0.002458094935956417,0.0008929485515093214
2448072.5,42109.5974457142,54446.81100137467,16464.65377523936,0.008744894708105811,0.002594810290898069,0.0009517233907159297
2448082.5,49649.18424196294,56750.06245686591,17313.76613207062,0.008706278328831498,0.002736861484772396,0.001013943067717049
2448092.5,57152.31049242357,59175.88808109827,18216.6789882039,0.008661454018890093,0.002878451286307017,0.001076106045499764
2448102.5,64615.22259337158,61724.28305882383,19173.37935438334,0.00861320059856845,0.003020867232025015,0.001138601507322379
2448112.5,72034.6929135215,64396.4049895409,20184.42892795641,0.008560689499455147,0.003164828174127835,0.001201928678105886
2448122.5,79406.58157664673,67193.36341165089,21250.49954511108,0.008502956398105437,0.003309669478553714,0.001265897634850022
2448132.5,86726.25035456441,70115.45361729868,22371.94883894575,0.008439871645935314,0.003454316591277133,0.00133004101204659
2448142.5,93989.37118320029,73162.19137596524,23548.77467064643,0.00837225327243801,0.003598226788670838,0.001394094374394974
2448152.5,101192.3916166221,76333.34164812918,24781.1256181647,0.008300575888651535,0.003742726815944437,0.001458831595371584
2448162.5,108330.2528753511,79630.17349701308,26070.20569341783,0.008220103436997086,0.003888656352549916,0.001525297536695244
2448172.5,115393.1335021931,83051.03603262594,27416.23553138316,0.008127746195144642,0.004028268711755108,0.001589758344239671
2448182.5,122373.8952468071,86588.06591564827,28815.89841432447,0.00803130937981261,0.004157823265188044,0.001649458957149511
2448192.5,129271.4361207749,90233.63854803762,30265.40914220377,0.007935474395286647,0.004279982523462161,0.001705352605424417
2448202.5,136086.9803002067,93982.37110684252,31761.93708239351,0.00784166265076009,0.004396897320612449,0.001758420609561706
2448212.5,142822.6733824442,97830.39931046819,33303.33491757511,0.007750784501099907,0.004510072277993711,0.001809318545279413
2448222.5,149481.453884109,101775.1456998807,34888.00174282862,0.00766379150547811,0.004621082668871,0.001858708228410663
2448232.5,156067.1006406584,105815.6766145321,36515.04884210858,0.007581605849096098,0.004732326435860158,0.0019076751635732
2448242.5,162583.6390954528,109953.8914446816,38184.98432468163,0.00750319404693874,0.004848021097856931,0.001958470307864649
2448252.5,169031.5057879766,114194.92361991,39900.32127214736,0.007421074738940072,0.004969668514300152,0.00201256316438265
2448262.5,175405.2864100054,118541.0421155783,41662.55905122437,0.007332501762910903,0.005090229162057943,0.002066378930397727
2448272.5,181701.8728789644,122990.2308304345,43470.58989064807,0.007242992304981316,0.005208751317132028,0.00211875477898061
2448282.5,187921.1909735809,127542.0152502835,45323.75392037134,0.00715347140623192,0.005328073624997246,0.002171053481331588
2448292.5,194062.6510198576,132197.7436010578,47222.38150504627,0.007062496125950749,0.005449448325563911,0.002224066731113722
2448302.5,200124.3438856327,136959.2885579246,49167.21179479173,0.006968621861241015,0.005572986153093466,0.002278012036044418
2448312.5,206103.3287228913,141828.4106312541,51159.05486824747,0.006870947585407967,0.00569844007560097,0.00233289790172225
2448322.5,211996.1321994572,146806.8319335306,53198.81321445332,0.00676903293294067,0.005826185903630834,0.002389057252255829
2448332.5,217798.3362154342,151897.2830417329,55288.11733249817,0.006660275160797266,0.00595806188046916,0.002447866377849368
2448342.5,223500.71855285,157102.7832373526,57429.37254530882,0.006536801019603569,0.006090967342813247,0.002508643319484864
2448352.5,229089.9467717451,162419.8832383383,59622.10293263408,0.006399670643016445,0.006215355633977749,0.002566361137849297
2448362.5,234557.4790343304,167840.0163276737,61862.76639874336,0.006255847142559903,0.006329687904113829,0.002619671239409898
2448372.5,239898.8959722751,173354.9768488136,64147.75599136711,0.006107995583680365,0.006434926518631504,0.002669006417809768
2448382.5,245111.3775946842,178956.9469057164,66473.6690440961,0.005957671242169563,0.006531056735319078,0.002714377252641163
2448392.5,250193.6174124922,184637.9695140522,68837.01506356845,0.005806901601627359,0.006617926289418661,0.002755642173113646
2448402.5,255146.3324450915,190390.1950301694,71234.26340277251,0.005658326489838875,0.006696072224061519,0.002792922627808037
2448412.5,259972.6270972958,196206.9031897835,73662.3115767839,0.005514586749476047,0.006767798071369558,0.002827233608934876
2448422.5,264676.6981539116,202084.3619415142,76119.56736433393,0.005374540149504154,0.00683725060666634,0.002860913324776583
2448432.5,269259.0671261942,208020.4293492128,78605.65006006675,0.005232453801933305,0.006902180930259701,0.002893306737859071
2448442.5,273719.135508937,214008.4047521294,81117.7966734757,0.005092920610163375,0.006957378613678141,0.002921056915181683
2448452.5,278062.1696384996,220040.9175618817,83652.17534466292,0.004962004703104202,0.007006080577219262,0.00294512498879231
2448462.5,282296.2570382331,226114.2386597059,86206.47217105645,0.0048406970504243,0.007052398040804264,0.002967433377802542
2448472.5,286429.515799139,232227.5891558206,88779.78834790534,0.004728486812581011,0.007099141056927861,0.002989343866787522
2448482.5,290469.4865597702,238382.3184549655,91372.25046926014,0.004624626588690707,0.007148537567265578,0.003011921497085384
2448492.5,294423.0632715934,244581.6803705427,93984.89398877662,0.004528371818387921,0.007202895829522001,0.003036274678225813
2448502.5,298296.3272265527,250831.327972596,96619.95014190808,0.004438257360069715,0.007265671831963131,0.003064211267350345
2448512.5,302092.3423752523,257140.314906424,99281.6240973672,0.004347794592632183,0.007340380278068242,0.003098113646094671
2448522.5,305806.6008795601,263517.3909852987,101974.6120010591,0.004248589557972135,0.007421670783395529,0.003135858272632813
2448532.5,309432.3371192471,269965.1857245275,104700.4739911323,0.004143749363974094,0.007504026748297744,0.003174079841829358
2448542.5,312966.03634689,276485.0763512637,107459.7006281379,0.004035448961583887,0.007588837186103283,0.003213245039901356
2448552.5,316404.1798171942,283079.6016938381,110253.3821911405,0.003922248349032431,0.007676740337256247,0.003253845212108854
2448562.5,319741.8058730249,289751.1266823438,113082.6889174466,0.003802565243828012,0.007766858033641522,0.003295627782913136
2448572.5,322972.9244061754,296500.9518657803,115948.3955426606,0.003675668414956635,0.00785774742668164,0.003337998234957511
2448582.5,326091.3608981943,303329.2113520553,118850.7777316673,0.003541840593384635,0.007948340716469536,0.003380497683623945
2448592.5,329091.2921205558,310235.7732299928,121790.0678370063,0.003401106242957614,0.008039295669995764,0.003423645008144596
2448602.5,331965.0411524699,317221.3376202555,124767.2895710085,0.003248414442371584,0.008130537224789914,0.003468109492134041
2448612.5,334700.1025493302,324282.8208304525,127782.1078267478,0.003080872872299331,0.008213335305718111,0.003509713710549828
2448622.5,337286.9262960626,331410.201310709,130830.3303465827,0.002906619144883342,0.008283208597790914,0.003545391289235196
2448632.5,339722.3103463021,338593.0299705867,133907.0154866586,0.002730789730774062,0.008342013148288205,0.003575745820560155
2448642.5,342005.902427276,345822.4316132942,137007.8772365503,0.002555553158999848,0.008391191856970626,0.003601432837478855
2448652.5,344139.0098972343,353090.5216202873,140129.0642457067,0.002382766319272133,0.008431742427606758,0.00362286227319969
2448662.5,346124.6081429832,360390.362995435,143267.1006474241,0.002214448003278927,0.008464966015154453,0.003640548241097098
2448672.5,347967.4600232489,367716.5344267539,146419.1423840436,0.002052630673949591,0.008493241110847505,0.003655540149944139
2448682.5,349673.5108731138,375066.5395555597,149583.7612346635,0.001897311342287707,0.008521003805907418,0.003670163836277456
2448692.5,351245.9536142058,382441.3448667336,152761.6139500065,0.001741959831222965,0.008550038518135454,0.003685978844940665
2448702.5,352683.0307453065,389839.3849102777,155952.4481933768,0.001584933304189405,0.00857388552069379,0.003699615056359827
2448712.5,353986.1077487717,397255.490313038,159153.6796252189,0.001432470074739468,0.00859249691510634,0.003710299151725781
2448722.5,355160.0724120479,404686.8017622132,162363.5041674839,0.00128596069443964,0.008609589584887804,0.003719770019378085
2448732.5,356209.6363434209,412133.0652649435,165581.4418188498,0.001144270717593377,0.008627356342059096,0.00372922164803303
2448742.5,357138.3680691243,419595.3873099125,168807.7820177844,0.001006049948065483,0.00864689438699792,0.003739300973217442
2448752.5,357948.7872201821,427075.6167296806,172043.2607584474,0.0008702625604840223,0.00866894094206937,0.003750453573913131
2448762.5,358642.6633670807,434576.3993408125,175289.081982413,0.0007360957196053381,0.008694815227250078,0.003763442659218493
2448772.5,359220.3798069893,442102.1629648648,178547.5375468,0.0006002882462498018,0.008727174673624041,0.003780034310974141
2448782.5,359676.86669211,449658.1992472361,181821.9688937955,0.0004542032719941897,0.008763422923627015,0.003799781304298182
2448792.5,360002.3520500484,457243.7426186258,185113.0220790635,0.0002982283777714264,0.008794535184350047,0.00381789950828865
2448802.5,360191.1289090467,464853.341743336,188418.4969360204,0.0001383201590705574,0.008819354650378806,0.003833256464564635
2448812.5,360240.7154846638,472482.0776784051,191736.2404752369,-2.38738238762353e-05,0.008838884343424648,0.003846337120374595
2448822.5,360149.3938973827,480125.3623223559,195064.3036445585,-0.0001877146523751948,0.008852949166369875,0.003857105722939044
2448832.5,359916.2162876581,487778.2591141924,198400.5752007729,-0.0003519742571778622,0.008861078031917108,0.003865297137625387
2448842.5,359541.6296875025,495435.6095872813,201742.7697082205,-0.0005146645493991278,0.008863373583057109,0.003870850033474638
2448852.5,359027.9709072252,503092.980594027,205088.8564457944,-0.0006736513917091954,0.008861647517593402,0.003874565620162451
2448862.5,358378.2684413354,510748.4781020277,208438.1184862186,-0.0008305043685669731,0.008859476823425418,0.003878529337396457
2448872.5,357591.6063767656,518401.2320282919,211790.7854950967,-0.0009910764112256475,0.008853910130393317,0.003881737696885279
2448882.5,356666.0001919355,526045.3203867846,215144.4503700361,-0.001150651785677287,0.008839339356623874,0.003880626925656392
2448892.5,355605.3568809637,533673.8515730696,218495.4910392444,-0.001303197404909118,0.008818630794525235,0.003875983588059822
2448902.5,354416.4169769347,541283.226064676,221841.6332972274,-0.00144764444199986,0.00879548819068676,0.003869525340309602
2448912.5,353106.0603871482,548872.4699787905,225181.8517508817,-0.001584342093400776,0.008772380989203783,0.003862436891595551
2448922.5,351680.7468742908,556442.4719214101,228516.0072551087,-0.001713839308555207,0.008751260646885592,0.003855637827102958
2448932.5,350146.4703731093,563995.8114976805,231844.7572854905,-0.001836663334676258,0.008734218267116166,0.003850122839919679
2448942.5,348508.5962637157,571537.3068580395,235169.872765363,-0.001954082492098181,0.00872455264193899,0.003847623040276084
2448952.5,346769.6070081351,579075.0356254322,238495.0345553511,-0.002072461835243783,0.008725572771989253,0.003850429153794996
2448962.5,344924.5944192259,586616.5442040804,241824.3026342446,-0.002199837351074584,0.00873167464363079,0.003856279733218494
2448972.5,342966.7477444849,594163.1802003793,245158.5537858885,-0.002332759203719508,0.008737399698467574,0.003861843331059025
2448982.5,340892.6855796942,601715.0792447046,248497.6329319891,-0.002468921712169268,0.008744124919926927,0.003867608488390841
2448992.5,338699.1502899302,609273.4985581093,251841.9875788344,-0.002609594429575977,0.008752433999720546,0.003874064615044109
2449002.5,336381.5933412424,616839.4844244238,255192.1495998798,-0.002756185871177124,0.008761416877181679,0.003880971637935448
2449012.5,333934.5804273846,624412.9959306997,258548.2705052459,-0.002909271087669588,0.008769607245078491,0.003887756192489916
2449022.5,331352.620914705,631992.80586199,261910.0227748264,-0.00306842719647703,0.008775914955848951,0.003893984636963728
2449032.5,328630.6819562462,639577.4015151034,265277.0593253835,-0.003233533950468975,0.008780968778071037,0.003900203144298208
2449042.5,325761.9322458843,647166.0298879256,268649.8255593976,-0.003409574819618274,0.008784521218600627,0.003907034178885717
2449052.5,322734.8970249919,654753.9648763896,272027.331980189,-0.003599052643018897,0.008777671754015316,0.003910218554137855
2449062.5,319541.4032041766,662329.5293785535,275404.7298400135,-0.003793516137656506,0.008756023483362848,0.003906746775401605
2449072.5,316179.8373047468,669880.654421479,278776.4529279571,-0.003987584983301692,0.008721420693347377,0.003897226591261389
2449082.5,312651.6970639288,677396.8372557039,282137.5854657122,-0.004178735952021379,0.008675325020372599,0.003882310760370673
2449092.5,308960.4699498069,684868.6227119358,285483.6573003849,-0.004364712602918076,0.008618849511699129,0.003862439197629258
2449102.5,305111.6594936107,692287.6467870247,288810.6161200717,-0.004543095843560483,0.008553512756860107,0.003838194808557396
2449112.5,301112.8895638213,699647.294741974,292115.1197314265,-0.004711491342172433,0.008482017369750135,0.003810740865842281
2449122.5,296973.2349501691,706944.1980116244,295395.3601408782,-0.004869661248766206,0.008409204191452194,0.003782557638420933
2449132.5,292699.1708944487,714178.772081539,298651.7323307653,-0.00502396926926298,0.008337170201495991,0.003755304167221481
2449142.5,288292.4589364838,721349.1987806812,301883.8085642663,-0.005175704437456546,0.008259927849489602,0.003725764380024334
2449152.5,283758.1777825663,728450.5852211465,305089.034489756,-0.005318590375459478,0.008178091568813897,0.003693444343636526
2449162.5,279104.8693556939,735480.8620464291,308265.8524120032,-0.005451353118497482,0.008095913603870688,0.003660303618157845
2449172.5,274340.7831993373,742441.0182936194,311414.2135909875,-0.005575289049701229,0.008016111948777977,0.003627751045322754
2449182.5,269472.8469472741,749333.8595732751,314535.0280615399,-0.005692005308065686,0.007940311169201422,0.003596656049809358
2449192.5,264506.6695611894,756163.3834611805,317629.8455299449,-0.005802907070778194,0.007869759279299107,0.003567687829953859
2449202.5,259446.7362260862,762934.8140793592,320700.8762076271,-0.005909309242775529,0.007806256795582848,0.003541831520576762
2449212.5,254295.6310297197,769655.5435412679,323751.6034224727,-0.006015174702770173,0.007752847420576941,0.003521047851125066
2449222.5,249049.8300030405,776334.0465482812,326786.674185923,-0.006129877873020888,0.007707050701397371,0.003504949426609466
2449232.5,243700.5539062874,782972.8398090617,329808.0864877081,-0.00625364737311439,0.007660026315265317,0.003488845662418773
2449242.5,238242.4181379745,789569.9081171307,332815.089958303,-0.006381461108150065,0.007610693039122721,0.003471686343121257
2449252.5,232672.431075235,796123.688018547,335806.9845038851,-0.006512614130204602,0.007559815378801006,0.003453889537633324
2449262.5,226987.590636756,802632.6530744416,338783.1740896926,-0.006647317350592028,0.007506784874085679,0.003435260049885985
2449272.5,221184.9769634309,809094.478329322,341742.7274476555,-0.006785077808814152,0.007450524506686133,0.003415292436755053
2449282.5,215262.4965957256,815506.0280662328,344684.2999275673,-0.00692448085507768,0.007390386912351434,0.003393614978690463
2449292.5,209219.5301006554,821864.2003212615,347606.5117028697,-0.00706378374276254,0.007327341821782434,0.003370672876425259
2449302.5,203055.874170757,828167.6663913938,350508.9708719208,-0.007204803913639449,0.00726401467263059,0.003348141773110644
2449312.5,196767.3056807414,834415.2187428839,353391.8277313559,-0.007353242896493201,0.007196359915056248,0.003324506609820056
2449322.5,190348.8589856396,840599.7706854485,356252.2019530089,-0.007503896662839526,0.007117991012235078,0.003295837284250556
2449332.5,183801.8506206734,846712.6484329168,359085.7177820253,-0.007650283526577303,0.007031056246536595,0.003262597497994949
2449342.5,177130.9051967408,852747.8502343188,361889.060962001,-0.007790669594228983,0.00693857766717542,0.003226181584928938
2449352.5,170341.4431685433,858701.4797620929,364659.9145134559,-0.007924565025535126,0.006842509913952777,0.003187520332483545
2449362.5,163439.2382761434,864571.1393056879,367396.6642557342,-0.008051576193923892,0.006744478957179397,0.003147363877183179
2449372.5,156430.4397167541,870355.9277608923,370098.3857591708,-0.00817123434558791,0.00664645440724811,0.00310663081097401
2449382.5,149321.4262456897,876057.171331769,372765.246794241,-0.008283836321383705,0.006551829136372854,0.0030670797122244
2449392.5,142116.481350716,881679.599245663,375399.3799486465,-0.008394891930680066,0.006464113632638606,0.003031080309658866
2449402.5,134813.2787903185,887227.6016467996,378003.3615714486,-0.008511431904137697,0.006378013719422396,0.002996471416569251
2449412.5,127408.4476134258,892699.8370260284,380576.76918563,-0.008629152323460437,0.006288821198315355,0.002960249668077263
2449422.5,119902.6011320124,898094.4354743556,383118.4593827542,-0.008745261403207338,0.006198695046168767,0.002923262786011334
2449432.5,112296.8315816225,903411.3286307609,385628.2006019122,-0.008860691944472787,0.006109029800024341,0.002886367189335441
2449442.5,104591.1472873242,908650.962596115,388106.1756774911,-0.008976719469863904,0.006019775428763484,0.002849716906571159
2449452.5,96784.68670312634,913813.4389565524,390552.5304257569,-0.009094015285430258,0.005930314383366839,0.002813134584918571
2449462.5,88876.35287717814,918898.3812201989,392967.2655260125,-0.009212472534651671,0.005840339575146792,0.00277656022034264
2449472.5,80865.13814133925,923905.7584992305,395350.6684749442,-0.009332513833290914,0.005751143895183257,0.002740869935467617
2449482.5,72747.67423061281,928836.7627777031,397704.0555369235,-0.009459837327115306,0.005662848884809136,0.00270687878378029
2449492.5,64515.41300618539,933688.8189310345,400027.4087133383,-0.00959743932493261,0.005566753979350918,0.00267041440514633
2449502.5,56162.66300562938,938452.6236660129,402316.9589646537,-0.009737491262068527,0.005458719245229532,0.002628608826440609
2449512.5,47689.69725932939,943118.5825279183,404568.2883718327,-0.00987529179820529,0.005340558854081567,0.002582075838463695
2449522.5,39099.38582236393,947678.5679661265,406777.5929986291,-0.01000882839359316,0.005213562630664272,0.002531392408316158
2449532.5,30396.21060218043,952125.3271416376,408941.4335773896,-0.01013621271386696,0.005078622878468436,0.002476890878289971
2449542.5,21586.40680224777,956452.5014598437,411056.6895893537,-0.01025526841276943,0.004937029942394549,0.002419035751393911
2449552.5,12678.16575010834,960655.2964119314,413120.8515894309,-0.01036374622709317,0.004791293001192163,0.002358883463002364
2449562.5,3681.018657281672,964732.0189181316,415132.8628562799,-0.01046153990321526,0.00464610135841224,0.002298828869521296
2449572.5,-5398.215372141427,968684.5938989167,417093.7764303294,-0.01055508989446324,0.004503298524318949,0.002240383960139544
2449582.5,-14557.35698013605,972512.5284262772,419003.6985560452,-0.0106454715723506,0.004356819235617725,0.002180246793558055
2449592.5,-23790.79873190546,976212.3141061015,420860.6085792984,-0.01072642172566709,0.004207403430149892,0.002117966739528965
2449602.5,-33089.53653551341,979783.3273384337,422663.4992411765,-0.01079675298573248,0.004059330504858564,0.002055499042929729
2449612.5,-42444.92078616932,983228.0296799268,424412.8680394953,-0.01085783002842172,0.003915364378142516,0.00199425439735905
2449622.5,-51849.69654627165,986550.7529909092,426110.181331076,-0.01091136568521091,0.003777204733564989,0.001935122740876306
2449632.5,-61298.0428161643,989757.0915778802,427757.5685240171,-0.01095892832400314,0.003646185123370195,0.001878806053153783
2449642.5,-70785.43454919604,992853.9406365808,429357.8523460877,-0.01100207463931755,0.003524190743387808,0.001826332687646964
2449652.5,-80309.51437270362,995850.419918939,430915.1651658837,-0.01104515434845816,0.003414286048734524,0.001779692739108446
2449662.5,-89874.39017196401,998756.6509746357,432434.7813933074,-0.011097905153857,0.003313781944246114,0.001738411466129774
2449672.5,-99489.63468227872,1001576.63877792,433919.2565265346,-0.01116075403802312,0.003213748719222976,0.001697769276490251
2449682.5,-109161.7158603838,1004309.792998321,435368.3986838952,-0.01122914816645936,0.003112954354959188,0.001656697534824114
2449692.5,-118895.1196654617,1006955.726053991,436781.9952609406,-0.01130281844396064,0.003011762891752453,0.001615477472603067
2449702.5,-128694.6660105892,1009513.682797843,438159.7914675622,-0.01138229002616154,0.002909038548333698,0.001573717240952363
2449712.5,-138565.3079893475,1011981.609206042,439501.0067705766,-0.01146724847784069,0.00280307677828521,0.00153066816830536
2449722.5,-148511.2539040621,1014356.066248293,440804.2209985008,-0.0115562837118485,0.002692536682231205,0.001485681317765609
2449732.5,-158535.1607117578,1016633.042007058,442067.7338504461,-0.01164747394136227,0.0025776872281855,0.001438917006254342
2449742.5,-168639.055876923,1018809.69264923,443290.5852940538,-0.01174232484412082,0.002460434054271154,0.001391751109045279
2449752.5,-178828.5876642448,1020882.63662105,444472.0664953119,-0.01184585295845199,0.002335973510597777,0.001342311077433286
2449762.5,-189109.3860802642,1022842.122407003,445608.1970370003,-0.01195189845787794,0.00219757936285567,0.001286498148698723
2449772.5,-199480.0381112418,1024676.612513925,446693.4070267057,-0.01205314481288854,0.002047213138223379,0.001224687451633834
2449782.5,-209935.0616429006,1026377.119355393,447723.1199552512,-0.01214692259594154,0.001887832787907191,0.001158219436908805
2449792.5,-220467.3497365977,1027936.801472458,448693.7487814066,-0.01223177775847503,0.001721553610010773,0.001088063394035912
2449802.5,-231068.6299913504,1029350.548320589,449602.4830849682,-0.01230641157183401,0.001550374317270357,0.001015100440592925
2449812.5,-241729.5182994857,1030615.150349458,450447.3522887751,-0.01236956470582515,0.001376823956287773,0.000940464528023965
2449822.5,-252439.7903682889,1031730.180071678,451227.6984062399,-0.01242092735711082,0.001205011893605716,0.0008662066680922114
2449832.5,-263190.9052147801,1032699.25477011,451945.0943722499,-0.01246565264958396,0.001039175434011837,0.0007949970721641706
2449842.5,-273980.625114774,1033526.249328855,452601.7910262262,-0.01251036152352551,0.0008747397473672316,0.0007249454446206299
2449852.5,-284807.4467185396,1034210.070120143,453197.3472869695,-0.01255055971991056,0.0007080178036641124,0.0006534869756707379
2449862.5,-295665.909325533,1034749.950196822,453730.9797333228,-0.01258364480002723,0.000542080021479128,0.0005818763352045629
2449872.5,-306550.2945281576,1035147.660980212,454203.1434352442,-0.01261086671629167,0.0003791361401817314,0.0005113304770103916
2449882.5,-317456.3061769078,1035406.169535018,454615.0116375304,-0.01263397234050271,0.0002198932231520516,0.0004423449607464292
2449892.5,-328380.9958594168,1035528.714630651,454968.0026282839,-0.01265426597567017,6.43970170812327e-05,0.000375051169305649
2449902.5,-339322.2618215385,1035518.578443856,455263.6373239536,-0.0126724205320536,-8.711942135618557e-05,0.0003096524746441876
2449912.5,-350278.652262776,1035379.792558908,455503.928142045,-0.01268979733571201,-0.0002329798181767672,0.0002472309532992458
2449922.5,-361251.9530993634,1035117.819881406,455692.0412749448,-0.0127131427894897,-0.0003730002640385837,0.0001886615826662916
2449932.5,-372249.9318171889,1034734.292180016,455829.7940172886,-0.01274623248679116,-0.0005159988564348322,0.0001297254628915462
2449942.5,-383278.1780313997,1034224.051983539,455915.2430114982,-0.01278211377786786,-0.0006662011121037942,6.755485010732981e-05
2449952.5,-394337.1117787116,1033581.444621333,455945.7383395611,-0.01281697415283755,-0.0008221890478366269,2.619324741818959e-06
2449962.5,-405425.2343948506,1032801.856543959,455919.0739164502,-0.01284948128478135,-0.0009832353292560112,-6.473985095325519e-05
2449972.5,-416539.9397389664,1031881.026628997,455833.1839832135,-0.01287823662317701,-0.001149086416867841,-0.0001344700554304126
2449982.5,-427677.2121171444,1030815.018997268,455686.0684221405,-0.01290137081281697,-0.001319122688971903,-0.0002064093478932866
2449992.5,-438831.2715484013,1029600.885971912,455476.0755502156,-0.01291677815080168,-0.001491489130161685,-0.0002798021990304769
2450002.5,-449995.0772963247,1028238.233107972,455202.7539612296,-0.01292441056535795,-0.001662120251931979,-0.0003525405392110107
2450012.5,-461164.314908905,1026729.707473141,454867.4925392148,-0.01293062859993608,-0.001829900861310687,-0.0004234647602047221
2450022.5,-472339.0644603998,1025074.950303709,454470.4341582751,-0.01293605737799048,-0.002001432903388207,-0.0004961619859455313
2450032.5,-483515.6289327894,1023270.254933354,454009.4238202016,-0.01293412803978143,-0.002176297706730039,-0.0005712353445715049
2450042.5,-494686.6645426477,1021314.487112902,453483.1720386869,-0.01292332624255909,-0.002350603248436804,-0.0006469172976905069
2450052.5,-505844.8470920272,1019209.286033963,452891.7396542979,-0.01290457936758719,-0.002521906294388896,-0.0007219586308032003
2450062.5,-516983.8429696547,1016957.925032572,452236.0366670632,-0.01287910798565722,-0.002688732994024987,-0.000795584468314707
2450072.5,-528098.3126682012,1014564.786776779,451517.5578892453,-0.01284795805793114,-0.002849876852771063,-0.0008671579301460176
2450082.5,-539183.7589334238,1012035.492650714,450738.4599475672,-0.0128121678714477,-0.003003467219586087,-0.0009356565949076989
2450092.5,-550237.437563201,1009377.916775245,449902.227886532,-0.0127756614291432,-0.003146382048803143,-0.0009990515623969167
2450102.5,-561262.7108638961,1006600.953163671,449013.5040990332,-0.01274770068843761,-0.003281321623689592,-0.001057826235799141
2450112.5,-572267.8989010314,1003707.46899278,448074.2446755324,-0.01272810213307048,-0.003416929068216151,-0.001116571072074356
2450122.5,-583257.8376075436,1000696.069728592,447083.8276135217,-0.01271204724193498,-0.003554044260024759,-0.001176141833664815
2450132.5,-594235.2059158802,997565.8553641257,446041.7708792841,-0.01269909159122119,-0.00369199794882335,-0.001236090158405723
2450142.5,-605202.8855948056,994315.8229158599,444947.6936945888,-0.01268964088731925,-0.003831616609699388,-0.001296640820820319
2450152.5,-616163.8231195739,990943.933486468,443800.832169391,-0.01268334092056125,-0.003974310524676268,-0.001358381989102544
2450162.5,-627120.2146950271,987447.0024943897,442599.9140461517,-0.01267880487991679,-0.004121162448702015,-0.001421820251109365
2450172.5,-638072.7479135866,983821.4795388721,441343.5018262164,-0.01267418981088635,-0.00427168226702004,-0.001486671244314464
2450182.5,-649021.5874402774,980065.1392791788,440030.989563992,-0.01267116657428085,-0.004423851220068063,-0.001551487642868416
2450192.5,-659970.6106082306,976175.225192036,438662.0285176082,-0.01267471921888713,-0.00458252753898042,-0.001618184744021503
2450202.5,-670923.5441362938,972142.6610882154,437233.0006278278,-0.01267852725992934,-0.004754235914147836,-0.001690785424017457
2450212.5,-681877.036307707,967956.77207949,435738.7791706373,-0.01267531172057617,-0.004936848564079699,-0.001768842938652013
2450222.5,-692823.6727354538,963609.5372988639,434175.2659203251,-0.01266236450431609,-0.005127300091474603,-0.001850991488788023
2450232.5,-703754.3544897204,959095.1953102783,432539.3790191832,-0.01263814379821327,-0.005323315539838026,-0.001936221107795556
2450242.5,-714658.7387503679,954409.8793428903,430828.8586418684,-0.01260126207247024,-0.005522677148267595,-0.002023585865011804
2450252.5,-725525.3031875667,949551.8386229536,429042.3523981042,-0.01255039648767212,-0.005722576408163071,-0.002111859131753094
2450262.5,-736341.6573987209,944522.373040143,427179.9150954206,-0.0124852503494657,-0.00591856525388643,-0.002198863885153529
2450272.5,-747097.1670484747,939327.1096094354,425243.9398404107,-0.01241111971723098,-0.006106129185223355,-0.002281828635537707
2450282.5,-757787.5706303893,933972.1234357875,423237.5514037574,-0.01233458915344303,-0.006289607263053348,-0.002362587531967175
2450292.5,-768409.3072665798,928458.8594707418,421161.3012813583,-0.01225124160290091,-0.006472165231438199,-0.002443488384156182
2450302.5,-778955.0684141462,922789.5108126721,419015.5843370059,-0.01215882022303675,-0.006650319367719436,-0.002523091885648874
2450312.5,-789417.6020545659,916969.1255332754,416802.1727578095,-0.0120589547095383,-0.006821517170428472,-0.002600031947375306
2450322.5,-799791.4370311638,911004.2353056791,414523.6845324452,-0.01195385045897887,-0.006984730724862224,-0.002673667121156491
2450332.5,-810072.8905975183,904901.9012695767,412183.1038988788,-0.01184537466722196,-0.007139643707062137,-0.002743733547536097
2450342.5,-820259.659600387,898669.4298756043,409783.6222278217,-0.01173487209858311,-0.007285830136665057,-0.002809919776052822
2450352.5,-830350.7275399708,892314.998863388,407329.0015713033,-0.01162451637580377,-0.007421537509168821,-0.002871073668653974
2450362.5,-840349.0795506018,885848.1726415617,404824.171516181,-0.01152196609209547,-0.007546800055684139,-0.002926382824304124
2450372.5,-850264.3635680857,879274.3891088084,402272.5983026996,-0.01143163771669741,-0.007670809326500175,-0.002980221012246822
2450382.5,-860104.6141635417,872592.0155700301,399673.8864915586,-0.01134732492970929,-0.00779813647104783,-0.003035562282437218
2450392.5,-869873.3729576933,865798.4842021966,397026.7819204832,-0.01126595700968874,-0.007928035926815982,-0.003092193121242093
2450402.5,-879572.8017823631,858891.5961591391,394330.204958963,-0.0111867030733936,-0.00806063770290025,-0.003150126135711056
2450412.5,-889204.2831094377,851868.719954692,391582.8867105276,-0.0111084210294429,-0.008196639105664138,-0.003209713519967251
2450422.5,-898767.9000783059,844726.7080041663,388783.2613593051,-0.01102923791776303,-0.00833640625295995,-0.003271222899226127
2450432.5,-908261.8557450649,837462.5601052056,385929.7416913597,-0.01094678844978641,-0.008479031821763534,-0.00333431883835647
2450442.5,-917682.7815793599,830075.0472630172,383021.593056327,-0.01086058349031884,-0.008621317193402173,-0.003397279502138986
2450452.5,-927029.5769016367,822565.2281327655,380059.5784783953,-0.01077630934553653,-0.008763036088412928,-0.003459364591571624
2450462.5,-936304.7445543727,814930.4804263603,377042.8795961657,-0.01069348108836265,-0.008911364251132155,-0.003524461009323969
2450472.5,-945506.0777544377,807164.5249498361,373968.219941212,-0.01060453572255121,-0.009066111451398727,-0.003593284785789535
2450482.5,-954626.8749608932,799263.4861023619,370833.1012482181,-0.01050694464997222,-0.009223530898030385,-0.003664153985551264
2450492.5,-963659.5442196482,791226.2248928149,367636.3373033911,-0.01040056168969238,-0.009381107383056126,-0.003735814725332716
2450502.5,-972596.5680411783,783053.3999876517,364377.6406136424,-0.01028557288861531,-0.009537063510424819,-0.003807382866279708
2450512.5,-981430.5690192453,774747.1345296407,361057.4457194179,-0.01016209088787887,-0.00968967744005678,-0.003878014226233485
2450522.5,-990154.2708234921,766311.3206026696,357677.0687062092,-0.01003038512966507,-0.009836370252461635,-0.003946385741844913
2450532.5,-998761.5955740525,757752.7760313492,354239.4462791859,-0.009893881719240574,-0.009973200058504612,-0.004010106737985485
2450542.5,-1007252.226669429,749080.017640135,350748.9673307122,-0.009761468793391142,-0.0101021144757179,-0.004069346741522902
2450552.5,-1015630.463669441,740296.2761519691,347207.6423989538,-0.009632635628010536,-0.01023073561776374,-0.004128255737754924
2450562.5,-1023897.06007552,731401.4565714989,343615.3284769154,-0.009502742182452902,-0.01035885625035414,-0.004187199520227589
2450572.5,-1032050.879219842,722396.7748254029,339972.4051286614,-0.009371744287195002,-0.01048494589674985,-0.004245327121789774
2450582.5,-1040091.402048682,713284.0376835227,336279.6789162963,-0.009240611269034558,-0.01060908775410311,-0.004302511191988594
2450592.5,-1048018.730817103,704064.5947897293,332537.8514250002,-0.00910970735150958,-0.01073210288769872,-0.004359051645175899
2450602.5,-1055832.887185487,694739.0806054358,328747.3313072507,-0.008978467793297149,-0.01085466922805579,-0.004415246030669898
2450612.5,-1063533.121978295,685308.0325239539,324908.5076387211,-0.008845932857407805,-0.010976079274609,-0.004470681396843309
2450622.5,-1071118.954397166,675773.402489288,321022.6694069922,-0.008714712414195892,-0.01109435270772899,-0.00452389653312112
2450632.5,-1078594.3480219,666136.4292519125,317091.2943454013,-0.008590460561821433,-0.01121468107899735,-0.004576961472039005
2450642.5,-1085963.556094679,656391.7959450493,313112.4774360441,-0.008467317359534186,-0.01134377110267743,-0.004633979270705039
2450652.5,-1093224.208974047,646532.4019544248,309082.7325232244,-0.008338551627259844,-0.01147980054273122,-0.004694627775977664
2450662.5,-1100370.269615899,636553.473074227,304999.4562911157,-0.008201807170262166,-0.0116201192759205,-0.004757735943839962
2450672.5,-1107394.243909579,626452.1434059446,300860.8921112626,-0.008055729519203247,-0.01176284115204009,-0.004822486454310523
2450682.5,-1114287.506064705,616227.1283597797,296665.946855987,-0.00789901039678206,-0.01190608216936358,-0.004888105951878817
2450692.5,-1121040.286539448,605879.0006511566,292414.2981589655,-0.007730337568813908,-0.01204729603434189,-0.004953509637370364
2450702.5,-1127641.948747976,595411.1923489543,288106.925672617,-0.007549422844629006,-0.01218221834358178,-0.005016622130027676
2450712.5,-1134083.65100246,584831.3017256361,283747.0607944394,-0.007361631094873016,-0.0123065614591786,-0.005074792249079944
2450722.5,-1140362.899391153,574147.1412615908,279338.532991153,-0.007173368777327556,-0.01242490407034097,-0.005130008254668271
2450732.5,-1146477.724375217,563361.831748985,274882.5404914532,-0.006980107799818527,-0.01254034567714261,-0.005184602010424132
2450742.5,-1152422.429011146,552479.275641339,270380.1383907201,-0.006779684322392963,-0.01264942954533943,-0.005237145884261808
2450752.5,-1158191.440049622,541506.1772605459,265833.7327181229,-0.006573788481033353,-0.01274967525408562,-0.005286310399029067
2450762.5,-1163781.01758754,530450.6670485837,261246.5479507749,-0.006364693805818207,-0.012840117210207,-0.005331480507992939
2450772.5,-1169189.280927651,519321.3497808443,256622.1549996879,-0.006154364134685696,-0.01292050695692498,-0.005372412795321752
2450782.5,-1174415.826249972,508127.010680655,251964.3155889565,-0.00594427465175467,-0.01299050142677117,-0.005408812978033889
2450792.5,-1179461.675778531,496877.2237900976,247277.3483198024,-0.005736803700366527,-0.01304846629811648,-0.005439547549507733
2450802.5,-1184332.067906276,485582.7778687649,242566.6946296123,-0.005539859059614493,-0.01309475072870042,-0.005463911854793032
2450812.5,-1189038.995295297,474250.0086848249,237836.20302534,-0.005357804377930978,-0.01313889151679278,-0.005486422248721085
2450822.5,-1193592.80561197,462877.9772904948,233085.7946160653,-0.005184495783812478,-0.0131856572856625,-0.005510091245431815
2450832.5,-1197999.448313409,451464.5523548471,228314.4619777824,-0.005016946612033522,-0.01323470297614206,-0.005534837607269344
2450842.5,-1202263.488208758,440007.5876150025,223521.234217747,-0.004854231912466818,-0.01328662276166504,-0.005560848694418715
2450852.5,-1206388.561641509,428504.1061414836,218704.7976842002,-0.004694961061069183,-0.01334256466658455,-0.005588654335600489
2450862.5,-1210376.727200122,416950.2456912966,213863.3931692125,-0.004536866471612908,-0.01340329099379216,-0.005618685300979309
2450872.5,-1214227.766279045,405341.9911198578,208995.1137211597,-0.004377066192431184,-0.01346818431196524,-0.005650730892815749
2450882.5,-1217939.419802146,393676.904950291,204098.8205348424,-0.004214523335470273,-0.01353421367448888,-0.005683143861605056
2450892.5,-1221511.212305087,381954.6942255505,199174.8007128878,-0.004054295987360214,-0.01360133062747454,-0.005715289513341671
2450902.5,-1224945.58939211,370171.3231995454,194221.6944023783,-0.003894998886559662,-0.0136765823774475,-0.005751045938289889
2450912.5,-1228239.607943451,358319.3746164185,189235.7794700849,-0.003728446079537572,-0.01375936373421542,-0.005790961484779407
2450922.5,-1231385.361973127,346394.1871201191,184214.2508038623,-0.00355160051132204,-0.01384551381661384,-0.005833198184854173
2450932.5,-1234373.633652663,334394.2362460077,179155.7652133596,-0.003363862758424124,-0.01393199765997616,-0.005876305605662454
2450942.5,-1237194.936872974,322320.2888536855,174060.0684516721,-0.003165084913791199,-0.01401642064031515,-0.005919157785687953
2450952.5,-1239839.697246765,310175.1400953532,168927.8526066618,-0.002955187183078449,-0.01409637711690888,-0.005960634573864644
2450962.5,-1242298.343136453,297963.9668282326,163760.9427432253,-0.002734410805661771,-0.01416855636898496,-0.005999107105540964
2450972.5,-1244562.572983295,285695.5054015942,158563.0551019826,-0.002506386599927552,-0.01422830903398274,-0.006031877416733434
2450982.5,-1246630.077415847,273380.7218891467,153339.5830956843,-0.002280254615630293,-0.01427705461766073,-0.006058905346287563
2450992.5,-1248503.325230667,261025.8077146817,148093.7448260356,-0.002055717595182758,-0.01432169809428121,-0.006084037918339257
2451002.5,-1250181.602656143,248634.2727201135,142826.8977644334,-0.001828753981319875,-0.01436135093203425,-0.006107315797427454
2451012.5,-1251662.907434965,236211.4256823172,137541.1569240353,-0.00160005781228678,-0.0143940106455311,-0.006127659781792233
2451022.5,-1252946.523879129,223763.5221977107,132239.239398688,-0.001371415372362582,-0.01441940697967016,-0.006144763380291125
2451032.5,-1254033.103583263,211296.607895406,126923.8891619997,-0.001144098051026524,-0.01443814795414847,-0.006158803044017607
2451042.5,-1254924.030532458,198816.1266615014,121597.6349612995,-0.0009185099126241144,-0.01445086456630639,-0.006170021279089157
2451052.5,-1255620.771852151,186327.3910778775,116263.0026532164,-0.0006946996777382788,-0.01445697719701622,-0.006178021873795281
2451062.5,-1256125.958026722,173836.9193714242,110923.3619834831,-0.0004763311027830037,-0.01445489266412992,-0.006181473989040039
2451072.5,-1256447.488037151,161350.0277176925,105582.076603807,-0.0002698273210387821,-0.01445049710971054,-0.006182750348421633
2451082.5,-1256594.073089524,148864.9193912079,100238.8833339134,-6.987986003637129e-05,-0.01445106763367489,-0.006186191593956078
2451092.5,-1256568.322303828,136377.4735738879,94891.72046328797,0.0001296403593854965,-0.01445552037052581,-0.006191777951888925
2451102.5,-1256369.59617141,123885.1784848412,89539.10246093274,0.0003307396684155125,-0.01446208924523306,-0.006198727792289864
2451112.5,-1255995.993551569,111386.6606986644,84180.0458413235,0.0005346605274449976,-0.01446977604852916,-0.006206626220663349
2451122.5,-1255444.490715778,98881.37492450545,78813.88608712313,0.0007427977656821765,-0.0144775467565793,-0.00621509208099881
2451132.5,-1254710.769111144,86369.92761597215,73440.40157483988,0.0009567211786857386,-0.01448363215863538,-0.006223403881249857
2451142.5,-1253789.366010231,73855.1564411706,68060.37868914222,0.001177086610326283,-0.0144844444034843,-0.006229801983295244
2451152.5,-1252676.279615811,61343.49505666815,62676.59024002284,0.001398948416454862,-0.01447637343542908,-0.006231953666764528
2451162.5,-1251373.36029374,48840.99793685826,57292.11451036781,0.001616675724387406,-0.01446461301318757,-0.006232168076037966
2451172.5,-1249882.252685988,36348.68096252248,51907.21337230957,0.001835591168730982,-0.01445248103187453,-0.006232889047242994
2451182.5,-1248200.266595061,23868.17565694585,46521.92776273296,0.002058532285412241,-0.01443671874170239,-0.006232781138053895
2451192.5,-1246324.214657486,11403.77412105981,41137.57910466816,0.002284568888937484,-0.01441494812249242,-0.006230571670028545
2451202.5,-1244252.075221239,-1038.822806356928,35756.29095160363,0.002512200010129077,-0.01438614047282862,-0.006225625269011353
2451212.5,-1241983.035173009,-13453.3154249712,30380.5845422062,0.002740187499506273,-0.01434982367995471,-0.0062176006752496
2451222.5,-1239517.168916041,-25832.96388106456,25013.28926085327,0.002967685081469612,-0.01430527844984142,-0.006206029879702472
2451232.5,-1236855.504730927,-38169.85625210415,19657.97259349192,0.00319275800362277,-0.01425037286355528,-0.006189538735150889
2451242.5,-1234003.004735191,-50454.44687300855,14319.5299396538,0.003407745592168268,-0.01418502296210865,-0.006167213211650629
2451252.5,-1230971.128437876,-62681.27450069763,9001.430222454333,0.003608637342898798,-0.01411825652484733,-0.006143346386692458
2451262.5,-1227769.499151829,-74851.59472113766,3703.477089686413,0.003801583341942759,-0.01405414112872059,-0.006120601495389294
2451272.5,-1224403.476913219,-86967.33594726029,-1575.188039796419,0.003989323256377067,-0.01399184034701184,-0.006098642325999795
2451282.5,-1220877.273853422,-99030.0778583545,-6835.199157376137,0.004172482293426061,-0.01393158424048524,-0.006077468017189202
2451292.5,-1217194.455326285,-111041.9616372343,-12077.39270413965,0.004352102574906095,-0.01387426390836043,-0.006057472736607909
2451302.5,-1213357.318053144,-123005.8400295336,-17302.95750609701,0.004530092132300012,-0.01382049465386549,-0.006039006751403351
2451312.5,-1209366.183561232,-134924.631135198,-22513.18098166078,0.004708995541296447,-0.0137695973519686,-0.006021822991016132
2451322.5,-1205219.623084006,-146799.6520068069,-27708.56546963874,0.004889504694239866,-0.01371855853934239,-0.006004275689790934
2451332.5,-1200918.272203806,-158630.1729857565,-32888.23348248965,0.005066321862319176,-0.01366754837492957,-0.005985847538971354
2451342.5,-1196465.729151457,-170419.3752718838,-38053.06149785708,0.00524092788425306,-0.01362368736768695,-0.005970490395756623
2451352.5,-1191860.180012161,-182173.7846092594,-43206.29257977753,0.005421426904335112,-0.01358629982572859,-0.005958732094861782
2451362.5,-1187094.934332526,-193897.1615669425,-48350.26196239443,0.005610786598445789,-0.01355125338777249,-0.005948770753213948
2451372.5,-1182162.011934231,-205590.1419276418,-53485.87277123491,0.005809611039533371,-0.0135155003274485,-0.005939181024985544
2451382.5,-1177053.153650688,-217251.0317665192,-58612.94857438649,0.006018061142928183,-0.01347657112068868,-0.005928833519491339
2451392.5,-1171760.008737381,-228876.0197770759,-63730.35146564261,0.006236207264929608,-0.01343192929051666,-0.005916576281970542
2451402.5,-1166274.258381746,-240458.7756100058,-68835.76948469627,0.006463740697949237,-0.01337807728010062,-0.005900716253009641
2451412.5,-1160588.96733849,-251989.2386704216,-73924.93466426476,0.006696822872803403,-0.01331018375674579,-0.005878482315060106
2451422.5,-1154703.388605194,-263455.0294459822,-78991.87429576191,0.006926143487827975,-0.01322963324828969,-0.005849845740543493
2451432.5,-1148621.617643281,-274848.4396500439,-84032.77084775634,0.007151926582004761,-0.01314306733339822,-0.00581855394278276
2451442.5,-1142344.785612142,-286164.1773263652,-89045.54491422827,0.007377772443883701,-0.0130493376114206,-0.005784512866794215
2451452.5,-1135873.144584476,-297395.0091678035,-94027.28106583437,0.007602493518844258,-0.01294634784504665,-0.005746586497667704
2451462.5,-1129208.675349234,-308532.7081212237,-98974.4266782072,0.007823765490317163,-0.01283381203297764,-0.005704441957525978
2451472.5,-1122355.218903651,-319569.2853067159,-103883.3945788331,0.008039715468005013,-0.01271242545499139,-0.005658267089789709
2451482.5,-1115317.888250721,-330497.4849776655,-108750.8442958079,0.008249296931289804,-0.01258303949601524,-0.005608367507251928
2451492.5,-1108102.443859113,-341310.4358479927,-113573.5171686322,0.0084517966211488,-0.01244544305545136,-0.005554467357246577
2451502.5,-1100716.399036636,-352000.4691691378,-118347.4511850068,0.008642861868598,-0.01229865190684933,-0.005495458824043497
2451512.5,-1093173.030826274,-362561.7901420809,-123068.9604777053,0.008815697164997737,-0.01214944679817166,-0.005434097710897507
2451522.5,-1085486.596109014,-372996.4376386314,-127738.2940592139,0.00897548650638859,-0.01200585609029137,-0.005375031501748059
2451532.5,-1077665.379018566,-383309.4622682835,-132357.7727716035,0.009128239333655115,-0.0118676897211916,-0.005318601056624625
2451542.5,-1069714.391066605,-393505.1368697473,-136929.4894367178,0.009276154153936133,-0.01173417059865568,-0.005264450660638549
2451552.5,-1061637.0842971,-403587.4271388742,-141455.3987229925,0.009420960234388532,-0.01160522117417246,-0.005212574290435596
2451562.5,-1053435.259363303,-413560.2115911078,-145937.4697304888,0.009564782034061766,-0.01148059220181088,-0.005162949043047154
2451572.5,-1045108.705202759,-423426.8156249795,-150377.5062792249,0.00971010824473296,-0.01135910608194411,-0.005115133004755013
2451582.5,-1036655.2231764,-433188.7442324173,-154776.5021096242,0.00985860499848226,-0.01123753289526693,-0.005067543145221944
2451592.5,-1028073.208881985,-442844.1437317576,-159133.5857290305,0.01000633050177336,-0.01111248892964345,-0.005017971085772848
2451602.5,-1019365.948987609,-452391.6868939127,-163447.6813824236,0.01014891265213966,-0.01098920363860083,-0.00496879836055317
2451612.5,-1010535.439308387,-461834.8885389397,-167720.4818288845,0.01029280414175461,-0.01087054300482986,-0.004922293847846264
2451622.5,-1001578.511021339,-471176.2079715126,-171953.7200101784,0.01044169211502969,-0.01075271823704462,-0.004876904242654879
2451632.5,-992490.8016877451,-480414.9442942211,-176147.6460738806,0.01059540390536432,-0.01063270599657274,-0.004831095716099477
2451642.5,-983268.525888397,-489548.3671512751,-180301.4533898597,0.01075303261589507,-0.01050869211974313,-0.004783906332499184
2451652.5,-973908.6806970191,-498572.4237998016,-184413.6329816532,0.01091372807932918,-0.01037932247007028,-0.004734619128949429
2451662.5,-964408.9125218426,-507481.8318575451,-188482.0274369076,0.01107680279697256,-0.01024293787745233,-0.004682355940734659
2451672.5,-954767.8011997511,-516269.3155952817,-192503.3769920913,0.01124019596624521,-0.01009646145970786,-0.004625315972511965
2451682.5,-944988.0992325117,-524925.2147180384,-196472.7518974663,0.01139586434990309,-0.00993905529990211,-0.004562244562333264
2451692.5,-935079.3587321087,-533443.3593333483,-200386.3906861288,0.01153948758384275,-0.009779036969822586,-0.004497129883418263
2451702.5,-925049.6840859699,-541823.6197211418,-204243.8874188366,0.0116765507842195,-0.00961969925899277,-0.004432257662292864
2451712.5,-914903.6219148381,-550066.0048084973,-208045.2281810292,0.01180889892028693,-0.009459750796648783,-0.004367054022883769
2451722.5,-904645.3538512789,-558169.8858138514,-211790.0186607995,0.01193624295683886,-0.009299192867898837,-0.004301386747887824
2451732.5,-894279.2082260599,-566135.0829501051,-215477.9916998597,0.01205870840760471,-0.009138885321173714,-0.004235607342107304
2451742.5,-883809.0204925293,-573962.1847018221,-219109.2339726516,0.01217733349022805,-0.008979602567335987,-0.004170110993660015
2451752.5,-873237.3650158411,-581652.0528766572,-222684.0026901228,0.01229388331698554,-0.008820979951885837,-0.004104768553641623
2451762.5,-862565.7051395973,-589204.2762710308,-226201.8976209135,0.01240834062235099,-0.008660457083367927,-0.004038115646408037
2451772.5,-851798.1253232248,-596616.8915737016,-229661.3496511976,0.01251489497096888,-0.008498901210604835,-0.003969952200639635
2451782.5,-840941.9130375397,-603892.4377684325,-233062.8278486958,0.01261493256974759,-0.008344007487782136,-0.00390451411135871
2451792.5,-829999.0479751505,-611037.2053972717,-236409.359691834,0.01271637380627599,-0.008195553262389802,-0.003842531689750457
2451802.5,-818966.7679985376,-618055.1636179687,-239703.2682686852,0.01282210415178535,-0.00804995730147555,-0.003782464373041034
2451812.5,-807841.0205564708,-624947.617355831,-242945.6685167961,0.01293279696936122,-0.007904674037330698,-0.003723135851342724
2451822.5,-796617.3757366508,-631713.9436463171,-246136.7975169211,0.01304876388985425,-0.007757662536581418,-0.003663634230360094
2451832.5,-785291.1591878592,-638351.742149062,-249276.1047558761,0.01317027415090119,-0.007606744915410762,-0.003602992154290236
2451842.5,-773857.5470657701,-644856.3722026516,-252362.0091567411,0.01329723111353518,-0.007448710110728922,-0.003539663004476635
2451852.5,-762312.9388611533,-651219.693416764,-255391.0879480805,0.01342594413937631,-0.007278999909545712,-0.003471006443032865
2451862.5,-750659.7733972331,-657431.5391301819,-258358.3579402428,0.01354737674247395,-0.007099388713108746,-0.003397197186687973
2451872.5,-738904.9765775636,-663486.6581296219,-261261.1282686275,0.01366220609567253,-0.006916634925164297,-0.003322055331414151
2451882.5,-727052.2335743955,-669382.2575848177,-264098.4639348905,0.0137742330407839,-0.006729656178531174,-0.003245502286360264
2451892.5,-715104.1812886904,-675113.7067030792,-266868.6298983369,0.01388249131679209,-0.006536501165499121,-0.003166457859485397
2451902.5,-703064.9752273577,-680675.49384766,-269569.2958915552,0.01398491081455884,-0.006336995293277835,-0.003084626738408283
2451912.5,-690940.4138254721,-686062.4264089807,-272198.1195649581,0.01407986411267365,-0.006131911865299633,-0.00300021213236202
2451922.5,-678737.3637355206,-691270.1018701603,-274753.0107265111,0.01416652943932588,-0.005922156928079359,-0.002913517267557693
2451932.5,-666463.1610237353,-696294.5404269295,-277231.9512457396,0.01424437229215894,-0.005707555650149025,-0.002824246551316897
2451942.5,-654126.7828899074,-701131.0153244578,-279632.2073799003,0.0143091239137528,-0.005487238995066302,-0.002731302507434998
2451952.5,-641742.8430414284,-705776.8526554125,-281951.3778644889,0.01435427549157538,-0.005268236504463736,-0.002637542297389394
2451962.5,-629326.6033846914,-710237.3202180823,-284191.0353676347,0.01438537716745704,-0.005058565018333443,-0.002547583994812501
2451972.5,-616887.1367226846,-714520.692768661,-286354.7921672445,0.01440862641173636,-0.004858092960184764,-0.002461760258625183
2451982.5,-604430.0391731812,-718634.5582860591,-288446.0533877122,0.01442652071185528,-0.004666162061163654,-0.002379756127828269
2451992.5,-591959.0452947018,-722586.2795074654,-290468.1181062119,0.0144411806256091,-0.00448275870278181,-0.002301595123789172
2452002.5,-579475.8746317817,-726383.1540731589,-292424.315177969,0.01445517666835134,-0.00430761763754251,-0.002227258677051388
2452012.5,-566979.8359651484,-730031.8706235676,-294317.7969688955,0.01447146892781717,-0.004139443991040126,-0.002156272223296274
2452022.5,-554467.8535884571,-733537.1460372254,-296150.8566589107,0.01449215345225681,-0.003974777693390153,-0.002086971646643031
2452032.5,-541937.124254336,-736900.1283823662,-297923.8481530808,0.01451361930342211,-0.003810016092044769,-0.002017079835244445
2452042.5,-529389.3804285439,-740122.3172672065,-299636.8835010957,0.01453202786482048,-0.003650123222511749,-0.001948921706548313
2452052.5,-516824.6190308938,-743209.663700282,-301292.7128063991,0.01455421303087088,-0.003497367664942598,-0.001884530695277021
2452062.5,-504237.4800383983,-746166.5630525016,-302893.9227232641,0.01458399100249871,-0.003347432270156587,-0.001822141009192603
2452072.5,-491621.3134888713,-748993.8083770943,-304441.4440928032,0.01462128236283854,-0.003196777206986241,-0.001760018898348265
2452082.5,-478969.9978134119,-751689.7019082584,-305934.9703571485,0.01466519239111028,-0.003043038860716357,-0.001696984232754832
2452092.5,-466278.2278336613,-754250.740735702,-307373.2978180333,0.01471477846787019,-0.002884297633403391,-0.001632088214341857
2452102.5,-453541.4770969371,-756671.7006163854,-308754.3690697712,0.01476914212322848,-0.00271832236214865,-0.001564209040506871
2452112.5,-440756.4038110633,-758944.8725382219,-310074.8092783355,0.01482583656781491,-0.002541482692885874,-0.001491296247138635
2452122.5,-427924.2561309093,-761059.751811925,-311329.385324386,0.01487628234046744,-0.002352576562987965,-0.001411931315458508
2452132.5,-415053.4775216683,-763009.0541894506,-312513.9209050267,0.01491577905257941,-0.002159568856434933,-0.001329958644253965
2452142.5,-402151.4883454498,-764791.1545220295,-313627.4181788886,0.01494913293159492,-0.00196530467407867,-0.001247433072916972
2452152.5,-389222.8477452215,-766404.2976917018,-314669.119938201,0.01497732379852993,-0.00176832358148805,-0.001163670289137235
2452162.5,-376272.4995076578,-767846.031902407,-315637.834060732,0.01499919218300715,-0.001568646958057857,-0.001078514913694749
2452172.5,-363306.2897858139,-769114.4463761715,-316532.5078676534,0.0150139888199207,-0.001367330829122436,-0.00099237156668005
2452182.5,-350330.3149857126,-770208.6491779649,-317352.5242539233,0.01502191558689519,-0.001165533322223786,-0.0009057719168890435
2452192.5,-337350.0980972814,-771128.4294452986,-318097.5890560499,0.01502398742350454,-0.0009634451203403046,-0.0008188008554471462
2452202.5,-324370.6620917748,-771872.8526180845,-318766.9663244981,0.01501951751672842,-0.0007592328193962154,-0.0007302844039271471
2452212.5,-311400.1586586653,-772440.1808508347,-319359.0640474844,0.01500226267438747,-0.0005547738089612177,-0.0006404660631571608
2452222.5,-298450.0894983122,-772834.0523542537,-319874.7267825347,0.01497365108747953,-0.0003586782980078293,-0.0005540035984196458
2452232.5,-285526.6026497717,-773062.5711843686,-320317.6747854084,0.01494163793416699,-0.0001715447486199833,-0.0004719817276335198
2452242.5,-272631.0042485955,-773132.2826156138,-320691.2601633374,0.01490935239204609,9.292523767224138e-06,-0.0003932741168052423
2452252.5,-259762.9799517606,-773047.8311872415,-320997.9787237105,0.01487797419112724,0.0001855447725657311,-0.0003170946349457641
2452262.5,-246921.314135197,-772812.5976246032,-321239.7623259178,0.01484851251907866,0.0003585546869689717,-0.0002428651637729675
2452272.5,-234103.8780579084,-772428.7200716359,-321418.0138784095,0.01482207967054584,0.0005299652300383935,-0.0001698806744505004
2452282.5,-221307.6214820887,-771896.4771002124,-321533.2952171136,0.01479950923636153,0.0007026451341595684,-9.676792823813114e-05
2452292.5,-208529.9160561724,-771212.8672537623,-321584.439020136,0.01477801950482604,0.0008809624832437241,-2.098550110931536e-05
2452302.5,-195773.3577396608,-770373.0180294974,-321568.80664321,0.01474962271540362,0.001062992480636924,5.718657272973772e-05
2452312.5,-183044.0188841365,-769376.9368580511,-321486.0722781283,0.01471618081468471,0.001242264632601888,0.0001340259802057583
2452322.5,-170343.8546706492,-768226.7185568573,-321337.509461203,0.01468234899252635,0.001420345973594185,0.0002098282259508676
2452332.5,-157673.0844703952,-766922.1858530677,-321123.400475455,0.01464792033743378,0.001599733414505482,0.0002859101430644347
2452342.5,-145032.8364901055,-765461.7458624573,-320843.1995116974,0.01461146047258238,0.001781293492264962,0.0003628709130754216
2452352.5,-132425.4132949137,-763843.4751297917,-320496.0602451852,0.01457178345859827,0.001965056045328844,0.0004408675395037441
2452362.5,-119853.9002181431,-762065.5168612221,-320081.0607946982,0.01452828282122916,0.002150978344632243,0.000519991791329827
2452372.5,-107321.7747222207,-760125.6826594153,-319597.0018575317,0.01448037834747481,0.002340107501996723,0.00060094942979209
2452382.5,-94834.3293520056,-758020.3253245745,-319041.6277714674,0.01442345164270032,0.002534044799610042,0.0006851936556617971
2452392.5,-82402.82088894687,-755747.3384934374,-318412.7723701738,0.01435066448195392,0.002726259574397953,0.0007700913875640369
2452402.5,-70039.42956709013,-753312.076596216,-317712.0239829014,0.01426714958391546,0.002909351874091695,0.0008513221375467504
2452412.5,-57750.65900206631,-750722.4509964447,-316942.7795140403,0.01417839971658518,0.003083818070809014,0.0009287524663403086
2452422.5,-45540.13142267855,-747985.4931930399,-316108.1190860123,0.01408626174898762,0.003250430327687215,0.001002766903352446
2452432.5,-33410.13152320615,-745107.9743946132,-315210.989537822,0.01399229403883636,0.003409177227997306,0.001073339588198751
2452442.5,-21361.37170536641,-742096.668564402,-314254.3938072966,0.01389860815904825,0.00356019868976137,0.001140433477100292
2452452.5,-9392.499822347803,-738957.8754245391,-313241.2216709831,0.0138078214340879,0.0037046122187764,0.001204436699500518
2452462.5,2499.964122723298,-735696.0801678399,-312173.5817341836,0.01372176450968772,0.003845694163412852,0.00126692170306309
2452472.5,14319.00652391116,-732312.3860307836,-311051.7368250155,0.01363659901794909,0.003986767121911862,0.001330021680617385
2452482.5,26063.01355148168,-728808.5241825606,-309875.8639581632,0.01354860247534908,0.004122594564480925,0.001391236708886774
2452492.5,37732.24193953024,-725190.7599968424,-308648.8519628267,0.01346468976832378,0.004250947522363821,0.001448527312798484
2452502.5,49332.29019936494,-721463.7872948735,-307373.4334534039,0.01338862418627427,0.004376113781743221,0.001503627686940375
2452512.5,60870.02935452898,-717628.729610172,-306050.7203244125,0.01332033469174764,0.004501611028695829,0.001558234461302435
2452522.5,72351.81321259125,-713684.2136450015,-304680.607360806,0.01325893475343584,0.004629837481125732,0.001613518185532678
2452532.5,83783.17262894426,-709627.0118726033,-303262.0897858482,0.01320345499911653,0.004762789325319395,0.001670442050779218
2452542.5,95168.81430283029,-705452.0947465737,-301793.2871188651,0.01315291361846116,0.004902807195595253,0.00173016473404797
2452552.5,106512.1441654283,-701151.8450384932,-300270.9604454715,0.01310466245858991,0.00505363761393733,0.001794789960815263
2452562.5,117811.7462702601,-696715.8065766232,-298689.990113174,0.01304983258759912,0.005216433788947195,0.00186571301085837
2452572.5,129058.8546293284,-692136.8136840338,-297046.356167901,0.0129836504883952,0.005383211459868663,0.001939064563700369
2452582.5,140245.5871106091,-687413.2850526125,-295339.1786554328,0.01291059986656361,0.005551234561376421,0.002012867357437559
2452592.5,151366.560752963,-682543.5154162156,-293567.791445208,0.01283121240409166,0.005721838997662904,0.002087782939083113
2452602.5,162415.6409393589,-677525.2735046914,-291731.1427425079,0.01274392530832729,0.005894746225689865,0.00216388338226464
2452612.5,173385.4573762556,-672357.1394307535,-289828.4118123699,0.01264762379134537,0.006068529312612904,0.002240634315462324
2452622.5,184268.1016102735,-667039.0845722344,-287859.3474807985,0.01254221646266668,0.006241540018968079,0.002317323719943178
2452632.5,195056.0315334443,-661572.2295808083,-285824.1968182084,0.0124285359178961,0.006412999670017938,0.00239364387261525
2452642.5,205742.0918110463,-655957.5155802639,-283722.9727590198,0.0123058088424369,0.006584059502199764,0.002470505557366141
2452652.5,216316.0003407413,-650195.7552148082,-281555.1058611391,0.01216795584129905,0.006751961807488798,0.002547286325989435
2452662.5,226764.4924377318,-644293.8539557552,-279322.7858189272,0.01201703421866913,0.00690741526987168,0.002619017739534318
2452672.5,237080.1973478431,-638263.6537523929,-277031.281447095,0.01186159139184809,0.007049330684936158,0.00268441253058303
2452682.5,247261.1505489541,-632115.8685413934,-274685.6793173868,0.01170551154339924,0.007179897500504413,0.002744379759990826
2452692.5,257307.7467935843,-625859.6487070557,-272290.3719546086,0.01155090999571488,0.007300538532704548,0.002799556528463994
2452702.5,267222.1296901496,-619503.0319556235,-269849.2765406457,0.01139980821442438,0.007412536556518872,0.00285046620308756
2452712.5,277008.2363188104,-613052.765056502,-267365.7860501148,0.01125433245222338,0.0075177062999866,0.002897858137071853
2452722.5,286671.7745728511,-606513.4877534299,-264842.3700026115,0.01111625170401831,0.007619315240158746,0.002943252179716767
2452732.5,296218.7606991973,-599886.1396467041,-262279.6056224147,0.01098352357917758,0.007722273308976044,0.002989405408763129
2452742.5,305650.5848535985,-593169.3308587231,-259676.4251337587,0.01084887995172228,0.007825190012526469,0.003036224767511542
2452752.5,314965.8198988628,-586365.9548926404,-257033.854550314,0.01071488356393099,0.007922487783781889,0.003080344165474772
2452762.5,324167.5599070702,-579480.1513279392,-254354.162614462,0.01058644445625906,0.008016698734440632,0.003122479053515181
2452772.5,333260.7712721665,-572512.9954089529,-251638.2853078534,0.01046344468757205,0.008111212597507312,0.003164327426176965
2452782.5,342249.52507093,-565463.3721644456,-248885.9989882321,0.01034438274170489,0.008207795715820048,0.003206876171275274
2452792.5,351136.5798383143,-558329.0651097249,-246096.4439471348,0.01022781864327767,0.008307356279642275,0.003250668736992986
2452802.5,359923.6108170298,-551107.1872408437,-243268.3566310893,0.01011270466106488,0.008410675122950871,0.003296168663144877
2452812.5,368611.4354957255,-543793.8412825019,-240399.884122831,0.009997816782267509,0.008519540210012742,0.003344430040560471
2452822.5,377198.3943182518,-536383.104767213,-237487.8430217486,0.009877657216905257,0.008636083059047594,0.003397170764040794
2452832.5,385676.1105967025,-528870.2791427325,-234528.9832537708,0.009744601709004791,0.008754028378198261,0.00345187508616202
2452842.5,394034.6360571024,-521257.8680785747,-231523.6852313066,0.009602956296156175,0.008866319393659675,0.003504404597010314
2452852.5,402268.854701794,-513550.733545782,-228474.0121913884,0.009457150887120095,0.008973511765524142,0.003554698010798503
2452862.5,410375.6463121369,-505752.9384237243,-225381.7138156224,0.009308065841290819,0.009076162622674924,0.003603075039555266
2452872.5,418352.4475615914,-497868.5464549911,-222248.4996219872,0.009156419493233415,0.009173877950837378,0.003649362696484277
2452882.5,426197.6025275993,-489902.0146113448,-219076.2921638613,0.009003629139667818,0.009266282798342919,0.003693310425979018
2452892.5,433910.9914175809,-481857.8109128606,-215867.1067483582,0.008851784316448215,0.009353895738094567,0.003735047715220444
2452902.5,441494.2304607611,-473739.1231340945,-212622.4103935041,0.008702323586889165,0.009439358605079311,0.003775869108283327
2452912.5,448948.1407105881,-465546.3453270738,-209342.0849601132,0.008551124970586457,0.009525236762647651,0.003817563455151153
2452922.5,456268.8656561725,-457281.1927795594,-206026.2589081771,0.008394606674258738,0.009605537308774573,0.003857250262533467
2452932.5,463454.6052029796,-448950.417636333,-202678.0250767471,0.008239859619491158,0.009677580463096271,0.003892674145588206
2452942.5,470509.0062454577,-440559.6095700405,-199300.5105748667,0.008090779396566272,0.009745135444424636,0.003925325392282696
2452952.5,477437.1697519853,-432111.2356186211,-195895.4379872974,0.007947578547856791,0.009811226412368229,0.003956657369418702
2452962.5,484243.9680545376,-423605.6559416491,-192463.5068386091,0.00780974636807526,0.009877843106578669,0.003987635920229628
2452972.5,490933.8027937471,-415041.6927432794,-189004.6761485884,0.007676750068096821,0.009946658506690584,0.004019061242511981
2452982.5,497510.6479616684,-406416.6055520139,-185518.1498483639,0.007548083794808415,0.01001978515132557,0.004051977690389392
2452992.5,503977.5836390106,-397725.2203930699,-182001.8483505218,0.00742154798209597,0.01010083161841779,0.004088426584681622
2453002.5,510333.2346297852,-388959.6567503213,-178451.8702891695,0.007288719100821878,0.01019075498102972,0.004129709374813339
2453012.5,516569.3853383166,-380115.4620953776,-174865.4919223935,0.00714554513246133,0.0102815471731017,0.004171923706508518
2453022.5,522679.2619854917,-371193.6326554244,-171243.0697071398,0.006997003722635579,0.01037072764144093,0.004213227416932104
2453032.5,528658.933637916,-362194.8476258069,-167585.0660963483,0.006843987127533467,0.01045982575557709,0.004254391253582833
2453042.5,534504.0260564497,-353119.0789901797,-163891.4590244275,0.006685274706374717,0.01054880132894179,0.004295614523526838
2453052.5,540209.1934325963,-343966.879639958,-160162.3347623131,0.006520014805348319,0.0106365171481163,0.00433651743508468
2453062.5,545768.7381409439,-334739.9332764273,-156398.2093744715,0.006348283984061657,0.01072163338984073,0.004376554533264063
2453072.5,551177.432481764,-325440.8063281057,-152599.9519565391,0.006170984449314455,0.01080367740913893,0.004415586738825381
2453082.5,556430.439213647,-316071.6359080307,-148768.056222897,0.005987272612662791,0.0108840516871883,0.004454673116879544
2453092.5,561519.7082996713,-306634.3039626707,-144902.3531030595,0.005791015463871985,0.01096003204908584,0.004493216858006421
2453102.5,566434.2879657428,-297136.7375299672,-141005.415481074,0.005584453609541744,0.01102249127273949,0.004526316187058878
2453112.5,571169.1872532407,-287591.5945803114,-137082.796060389,0.005376087527172346,0.01107056192320636,0.004552800801573284
2453122.5,575724.7704699234,-278010.2876465967,-133139.8049931114,0.005169778515435749,0.0111065101893412,0.004573611487959053
2453132.5,580103.7849167722,-268402.6015420413,-129181.0392952861,0.004967709066041026,0.01113184408324858,0.004589405892428773
2453142.5,584310.8043401376,-258777.1168821327,-125210.5984476101,0.004772007714426318,0.01114797491517104,0.004600739638807971
2453152.5,588352.2962848577,-249140.9895835687,-121232.0218978936,0.004584921795359196,0.01115690075307792,0.004608414328128905
2453162.5,592236.5972638258,-239499.0811935338,-117247.867770732,0.004408315709475302,0.01116214067376251,0.004614033354916914
2453172.5,595972.3910312337,-229852.3207266856,-113258.7204008489,0.004240131164343901,0.01116886294095388,0.00462044513814937
2453182.5,599563.7286946567,-220199.1420950151,-109263.474593333,0.004073177836478411,0.01117582454354356,0.004627572498508207
2453192.5,603011.997049381,-210542.0321742112,-105263.0615549733,0.003910188640411393,0.01117788163780243,0.004632203054906065
2453202.5,606323.1026353209,-200884.3055418862,-101259.4857062857,0.003755923560421311,0.01117801781119889,0.004635244183545629
2453212.5,609504.665540079,-191225.8739763001,-97253.27903816414,0.003610072550020236,0.01117998309449841,0.004638537898064499
2453222.5,612563.2302560917,-181564.1450382339,-93243.68774671435,0.003470897708135474,0.01118591312913371,0.004643221929691196
2453232.5,615503.7883401945,-171895.1047198204,-89229.18805595474,0.003336635249167394,0.01119708400744953,0.004649997501983648
2453242.5,618329.9245173257,-162213.7583915388,-85207.71567675946,0.003205809707802061,0.01121462390389208,0.00465948594589945
2453252.5,621043.9409499018,-152513.8157943084,-81176.48188928081,0.003076630839073855,0.0112406282321753,0.004672894681913577
2453262.5,623645.0887558969,-142786.7507949519,-77131.25343134189,0.002942845617564522,0.01127736834857516,0.00469203054410124
2453272.5,626125.2726607923,-133025.2613586889,-73067.71681938537,0.002796201365804878,0.01131848238811351,0.004714342026505394
2453282.5,628474.315975059,-123229.2670103931,-68985.18809114076,0.002640337744490612,0.01135694942699228,0.004735738195898382
2453292.5,630686.1718379415,-113401.1055507568,-64884.65287968438,0.00247879093796095,0.01139309309956987,0.00475610416144082
2453302.5,632756.0522097735,-103542.6432805138,-60766.89172017552,0.002311649320090885,0.01142697261459089,0.00477557581644274
2453312.5,634679.1004144312,-93656.25530800092,-56632.84072317761,0.002138978192257734,0.01145752086644694,0.004793713455679304
2453322.5,636450.8756044969,-83745.35799144929,-52483.91129350095,0.001961718297503145,0.01148354178571038,0.004809928387141152
2453332.5,638068.154132459,-73814.13513531213,-48321.92360983918,0.001781702464950452,0.0115046348986854,0.004823961544640559
2453342.5,639529.3217245997,-63866.30305954883,-44148.49559450628,0.00160032321647401,0.01152248577587002,0.004836698554867222
2453352.5,640832.0058723768,-53903.64421724127,-39964.03177212239,0.001413616038025755,0.0115386004514739,0.004849459538711185
2453362.5,641969.504808124,-43930.19375966158,-35769.61402784263,0.001218680730184431,0.01154598709381428,0.004858883432398557
2453372.5,642937.862012005,-33955.70225884563,-31569.61354761611,0.00102340772454256,0.01154135286688097,0.004862431923751565
2453382.5,643739.24676469,-23989.26100190667,-27368.66558941265,0.0008325245939391541,0.01152789981445612,0.004861330716313107
2453392.5,644378.087785754,-14037.26847434776,-23170.20974345397,0.0006472649871112172,0.01150825098049017,0.004856828747137148
2453402.5,644859.5127289232,-4104.261127083801,-18976.79538589436,0.0004682286098573812,0.01148423233385448,0.004849790553156198
2453412.5,645189.1485588308,5806.724470141035,-14790.27270006816,0.0002960071611588494,0.01145759215924651,0.004841022213863019
2453422.5,645373.1493545602,15694.38247061004,-10611.68456299214,0.0001311680074079985,0.01143075664028808,0.00483168379891493
2453432.5,645417.6444094174,25560.2084159491,-6440.643416014367,-2.757295008849417e-05,0.01140785816730104,0.004824035507027612
2453442.5,645325.0115266314,35408.88387647598,-2274.738965486954,-0.0001878829855529091,0.01139040753358577,0.004819603234598396
2453452.5,645091.4901856928,45242.20125287758,1887.470899831197,-0.0003529640879317482,0.01137118146890489,0.0048147958295666
2453462.5,644715.3460153008,55057.34359894017,6044.707568781189,-0.000517408853479192,0.01134876734942643,0.004808251707240395
2453472.5,644197.8983700938,64852.69572968318,10195.98803135555,-0.0006802072609974966,0.01132567176995436,0.004801183615547938
2453482.5,643540.0469315156,74628.18282862267,14341.18967394469,-0.0008426511473461461,0.01130281201318857,0.004794223913158983
2453492.5,642741.5610382596,84383.96083453753,18480.45173096982,-0.00100589018496931,0.011279962064163,0.00478741244767339
2453502.5,641801.5060498735,94119.80086988861,22613.83106290622,-0.001170360121077002,0.01125658933795135,0.004780584489601508
2453512.5,640718.893131851,103835.2290163649,26741.3370219859,-0.001335856294387838,0.01123288500017323,0.004773925522568367
2453522.5,639492.4397097984,113530.6938324346,30863.60314062596,-0.001504111383066453,0.01121070655735243,0.004768735087920552
2453532.5,638116.8500266353,123207.1336938756,34982.05733500133,-0.001682139767812805,0.01118741133708738,0.0047644691441314
2453542.5,636583.2983930395,132859.4678912694,39095.40029132449,-0.001868328010452649,0.01115393722698721,0.004756259396380455
2453552.5,634888.3076055293,142477.9400902403,43199.39589983793,-0.002054975408060791,0.0111093932241348,0.004742956418831884
2453562.5,633033.0925147537,152053.8926937409,47290.0052146564,-0.002238905186743022,0.01105576091099107,0.004725386217834355
2453572.5,631020.7483565001,161580.0067486315,51363.77684622732,-0.002418421660780013,0.01099418157919142,0.004704040319488526
2453582.5,628855.8468662932,171049.8396655591,55417.60456559703,-0.002591723907754827,0.01092568118955782,0.004679291201465239
2453592.5,626544.6305235637,180458.0469181735,59448.78380312617,-0.002756758059026045,0.01085189374069948,0.004651760471823163
2453602.5,624095.0863930351,189801.286997169,63455.44502506435,-0.002911766863243464,0.01077603257964178,0.004622896204500878
2453612.5,621515.456574434,199079.9032277949,67437.5672211434,-0.003058926998095857,0.01070297207877237,0.004595399094480463
2453622.5,618809.2960398613,208296.4299387161,71396.65904002225,-0.003205362176710118,0.01063108520655694,0.004568975671257588
2453632.5,615977.6679696793,217449.1315094125,75332.0545768838,-0.00334811631601311,0.01055515441026669,0.004540345230549354
2453642.5,613026.2281477363,226535.4304623935,79241.99403352028,-0.003482458703587426,0.01047812281950833,0.004510389611237146
2453652.5,609962.3195510561,235556.0758656329,83126.14583452394,-0.003608707427170371,0.0104036324550518,0.004480886748418691
2453662.5,606792.2145018046,244514.2394447473,86985.41423126985,-0.003728591407543806,0.01033374081544337,0.004452925520769842
2453672.5,603520.6323970978,253414.4576949561,90821.43875022429,-0.003843886091203559,0.01026966786199814,0.004427174738445411
2453682.5,600150.8629648312,262262.2042347954,94636.3771015792,-0.003956109845941545,0.010212496363567,0.00440423646531089
2453692.5,596684.8539316155,271064.2122065859,98433.10120139082,-0.004067157952880652,0.01016428014515307,0.004385313267841276
2453702.5,593121.3599947345,279829.3838926594,102215.9153959722,-0.004183499218907033,0.01012714028606731,0.004372168322605463
2453712.5,589451.659484317,288565.1815516936,105989.1187252568,-0.00431340232327229,0.01009442421080223,0.004362120384102995
2453722.5,585664.9893978663,297271.6923253001,109753.320008115,-0.004453235691553,0.01005903970163985,0.004351076651883871
2453732.5,581754.6007866124,305946.4785374645,113507.4496070867,-0.004599660436135369,0.01002108243489341,0.004338869155590904
2453742.5,577714.8730034488,314587.3045402848,117250.5600332777,-0.004752678789208372,0.009980244622228211,0.004325508784474405
2453752.5,573540.0877547746,323191.0858398314,120981.4284653769,-0.004912204052141384,0.009935043415082005,0.004310405945378147
2453762.5,569225.0112642754,331753.3240109218,124698.219652456,-0.005077154463329315,0.009883840250078851,0.0042928059015888
2453772.5,564765.8067389793,340268.3724507995,128398.5441402577,-0.005245421532302775,0.0098258042489197,0.004272282647091697
2453782.5,560160.5340549278,348730.7030499126,132080.0785832642,-0.005415236805147327,0.009762246160822746,0.004249575394625377
2453792.5,555406.8421867788,357136.3961076647,135741.581624092,-0.005590112341134466,0.009694265055082349,0.004225827709187563
2453802.5,550498.5934622458,365478.9369740312,139380.9668042256,-0.005772117670090744,0.009614578143298316,0.004197513368210963
2453812.5,545433.1412945348,373746.0383288276,142992.8095309053,-0.005952578436280448,0.009520002162566798,0.004162130862162274
2453822.5,540214.5633029935,381926.1894877006,146571.4644147142,-0.006126106225812658,0.00941388267810579,0.00412095264092685
2453832.5,534849.785118832,390010.7411333639,150112.5341675037,-0.006290776124994978,0.009299109734623463,0.004075313983445492
2453842.5,529347.0097845213,397993.2069236225,153612.615568469,-0.006445352949281185,0.009177935309582512,0.004026232918669066
2453852.5,523715.4451060054,405869.0270116231,157069.1632112706,-0.006588716070501677,0.009052664370490024,0.003974727528883367
2453862.5,517965.2256896197,413635.9007407305,160480.6446600867,-0.00671990821112485,0.008926386539637269,0.003922221382465082
2453872.5,512106.7159566629,421294.936583911,163847.2050257052,-0.006840030305343041,0.008803961655416694,0.003871276919078362
2453882.5,506146.5952717954,428851.0195424184,167171.2563887886,-0.006956728098756539,0.008687509297164768,0.003823662044215642
2453892.5,500085.4841544116,436306.6741485982,170454.4421829108,-0.007073057284869984,0.008570514423745715,0.003776057467149239
2453902.5,493926.0292214053,443660.5335865971,173695.9864655507,-0.007183821455261463,0.008452430808612098,0.003727487813173207
2453912.5,487673.6285434334,450913.1014981291,176895.7103180847,-0.007288438027893755,0.00833645011741955,0.003679473400122445
2453922.5,481332.8568569251,458066.9749407244,180054.5430295463,-0.007388713163204399,0.008224095566249876,0.003632919707814532
2453932.5,474906.6614346824,465125.4744755675,183173.9013955656,-0.007486435572429346,0.008115670381320871,0.003588113754848386
2453942.5,468396.6791976428,472091.9481141508,186255.3171655667,-0.007582803422129779,0.008011062329313343,0.003545098294843089
2453952.5,461803.7851052198,478969.8066441236,189300.4332092571,-0.007678488367027557,0.007910751649768916,0.003504217564736148
2453962.5,455127.7442490928,485763.560294251,192311.6265411962,-0.007776242145281664,0.007816693323657186,0.003466855851656645
2453972.5,448363.4118904286,492478.1414931799,195292.0695139171,-0.007884055378463256,0.007725984836641463,0.003432375673372382
2453982.5,441501.409511173,499112.201136596,198242.1002080098,-0.008001026815851263,0.007629298209095972,0.003395804596488343
2453992.5,434537.0246959822,505659.4772270796,201159.0420234596,-0.008120328707862797,0.007525370714829945,0.003355870529664072
2454002.5,427469.5203191743,512114.3504642176,204040.2428387773,-0.00823951937376047,0.007415530229991831,0.003313133102955375
2454012.5,420299.5059613959,518471.9194937733,206883.3762146867,-0.008357408417001236,0.00730015150044055,0.003267753024692796
2454022.5,413028.7225028908,524727.4716554249,209686.1595870916,-0.008472489715248168,0.007179442464421375,0.003219739649604089
2454032.5,405660.4159997854,530876.6797626639,212446.3921665606,-0.008582799626267217,0.007054214000189643,0.003169341334735055
2454042.5,398199.5782014681,536916.5247140273,215162.3909765106,-0.008686498599141383,0.0069269010308788,0.003117649447736688
2454052.5,390651.5689057063,542847.0157121033,217834.0210749998,-0.00878559387407606,0.006801613045438122,0.003067013801378706
2454062.5,383017.3024722901,548669.6510104005,220462.3445753938,-0.008886744504121715,0.006675894911874799,0.003016730824726914
2454072.5,375295.7609271965,554381.0789746349,223045.9522158742,-0.00898627539742431,0.006544059749184394,0.002963278102180472
2454082.5,367491.0646684395,559976.7750767962,225582.1802380377,-0.009078884920432958,0.006408678020582362,0.002907363879683928
2454092.5,359609.5555013429,565455.2174232997,228069.6375673515,-0.00916420528087494,0.006273046555486266,0.002850594222406457
2454102.5,351657.1427095544,570817.0689099801,230508.0466582474,-0.009243187775477902,0.006139023558941527,0.002793951022106446
2454112.5,343638.8711057208,576064.253454506,232897.8050695437,-0.00931679901226675,0.006007788691737449,0.002738071316932307
2454122.5,335559.0534545673,581199.668040987,235239.835066164,-0.009385758892243736,0.005880549913338842,0.002683605180163552
2454132.5,327421.323292657,586227.6517113586,237535.8517938883,-0.009451244394377745,0.005759656001152236,0.002631889317216171
2454142.5,319226.6673758429,591155.0087496894,239789.1419270606,-0.009519176706024911,0.005647580503684605,0.00258485392457234
2454152.5,310969.0850628729,595987.3937094666,242003.1145323052,-0.00959718116347576,0.005538048976572507,0.002539971361109838
2454162.5,302641.0759369774,600723.5735024984,244177.7009704717,-0.009681139762069049,0.005424704501871978,0.002493492084444454
2454172.5,294239.3843454524,605360.4257824364,246311.4634112317,-0.009767608446901338,0.005308321578153754,0.002445584646810539
2454182.5,285761.917700723,609895.5737348907,248403.353789006,-0.009856604902935258,0.005189191271006546,0.002396552969538833
2454192.5,277206.4167436992,614326.29062252,250452.2934291785,-0.009948189576349596,0.005066381126573989,0.002346078891731767
2454202.5,268570.9256772383,618648.8762238238,252456.8100961664,-0.010041546707782,0.00493871628972547,0.002293640063635096
2454212.5,259854.6192354574,622858.8378603336,254415.0571946022,-0.01013491225651029,0.004805725255991345,0.002238994142532075
2454222.5,251058.2432037327,626952.0671651184,256325.3925667064,-0.01022693204368098,0.004668970508765705,0.002183015523563139
2454232.5,242181.7445979943,630926.1969930775,258187.3320665618,-0.01032156556786428,0.004529575233132934,0.002126868075461963
2454242.5,233221.0248870722,634776.2098034415,259999.5115022835,-0.01042099998284633,0.004380199410834388,0.00206697162763547
2454252.5,224175.3985906804,638491.3729745555,261757.2378300903,-0.0105167242673811,0.004217801057520306,0.002000883964958406
2454262.5,215050.7091332891,642061.7953328796,263455.6239675862,-0.01060357189500158,0.004045722578419247,0.001929866594752084
2454272.5,205855.5137122384,645480.4244446898,265091.0046445751,-0.01067971256696541,0.003866830276203171,0.00185521882782288
2454282.5,196599.5969908787,648742.3703003956,266660.6840676271,-0.01074394151061706,0.003683400940856535,0.001777939770066329
2454292.5,187293.7347001026,651844.7143975107,268162.817875245,-0.01079514426383217,0.003497819769309319,0.001699052494461924
2454302.5,177949.6234102953,654786.8933848477,269596.5917356141,-0.01083237840752391,0.003313319940470807,0.001620016663641279
2454312.5,168579.1477312359,657571.9021126236,270962.9148304862,-0.01085684469268932,0.003134950159844388,0.001543460155566706
2454322.5,159190.3795927638,660206.6356082286,272265.0015242073,-0.01087633383220164,0.002964900898965675,0.00147115456990716
2454332.5,149785.312188266,662695.702948064,273505.2956058508,-0.0108938253986311,0.002796853714119113,0.00139982568761761
2454342.5,140367.9371657349,665040.1069839029,274683.9307449041,-0.01090432618309889,0.002630638097050648,0.001328665821158951
2454352.5,130944.7364516997,667242.9796837663,275801.7556636172,-0.0109075968213472,0.002469674934569223,0.001259298318399271
2454362.5,121521.06394896,669309.7230899914,276860.8059064823,-0.0109058151084634,0.002315677966455001,0.00119271470607371
2454372.5,112100.293454268,671246.6142848626,277863.6762949507,-0.01090121875241164,0.002169105415160455,0.001129280186435583
2454382.5,102684.0630109918,673060.064652367,278813.1360228059,-0.01089554118150329,0.002029932522797588,0.001069094814150038
2454392.5,93272.74959804103,674756.585794494,279712.1024187394,-0.01089007613252703,0.001898634983232351,0.001012530125198942
2454402.5,83865.03233322897,676343.7267358023,280564.2307196205,-0.01088832126038535,0.001777003930828806,0.0009609400268176245
2454412.5,74454.02927229484,677829.1765665688,281373.8787740974,-0.01089894731672937,0.001661642701192908,0.0009134924179684483
2454422.5,65028.18361387571,679213.8913048813,282142.3833105244,-0.010921456293236,0.001542751068427599,0.0008650260875822494
2454432.5,55580.19657773874,680493.5023694154,282867.9182827083,-0.0109495619908154,0.001418496790278259,0.0008140677486500327
2454442.5,46106.33137204629,681663.6641742777,283548.4454920465,-0.01098118598621985,0.00128937465576034,0.0007608419622546047
2454452.5,36604.00553604827,682719.9841904698,284181.9364998337,-0.01101522305619678,0.001154840289630814,0.0007051227618504554
2454462.5,27071.81012900018,683657.4561670291,284766.064643466,-0.01104998421574634,0.00101417406408419,0.0006465190748121011
2454472.5,17510.11403264803,684470.6790763988,285298.244181974,-0.01108306018416548,0.000867320947391984,0.0005848964864856806
2454482.5,7921.517221068358,685154.8662848617,285776.0975477921,-0.01111194711327667,0.0007159872119059482,0.0005210184345477162
2454492.5,-1690.384849002859,685707.6934153059,286198.5391461444,-0.01113787811851318,0.0005636796899650693,0.000456958816679475
2454502.5,-11325.67703730295,686127.8188725549,286565.4353137535,-0.01116644718412784,0.0004074104267672367,0.0003917337839803469
2454512.5,-20985.32104103839,686408.7877170922,286874.0226732652,-0.01119272195079774,0.0002414562535929145,0.000321768021531562
2454522.5,-30664.16835293689,686543.0657808278,287120.3066911661,-0.01121038565621385,6.856379322477e-05,0.0002478325315828061
2454532.5,-40353.98460216613,686526.3176702098,287301.633337204,-0.01121807142914753,-0.0001076651617766242,0.0001716403093797289
2454542.5,-50046.12786223126,686356.7475618236,287416.5936461153,-0.0112158022395402,-0.0002848567018815558,9.437212710138223e-05
2454552.5,-59732.07779610194,686034.3476956107,287464.6630755664,-0.01120376175644604,-0.0004611334748852646,1.694811250748127e-05
2454562.5,-69403.4476154324,685560.7514379846,287446.1175929888,-0.01118207374542977,-0.0006344440988560401,-5.96281866423505e-05
2454572.5,-79052.11367734207,684939.8141739568,287362.3583345813,-0.01115156243792709,-0.0008014865049649284,-0.0001336070528863566
2454582.5,-88672.43001719438,684178.682294257,287216.7206860744,-0.01111810235196809,-0.0009588720407639473,-0.0002026548635741011
2454592.5,-98265.7256396016,683284.0817610673,287012.9736107197,-0.01108927353323201,-0.001112043433708171,-0.0002689567784911794
2454602.5,-107834.8407223844,682256.6781481078,286751.7622562808,-0.01106114785890394,-0.001266294543114255,-0.0003357832278497008
2454612.5,-117378.7404472561,681096.1077081226,286432.7637328738,-0.01103088281706783,-0.001419977743929467,-0.0004025509451632843
2454622.5,-126895.8060978599,679803.4108744266,286056.3579986165,-0.010999222715866,-0.001572129873906063,-0.0004686352709889962
2454632.5,-136385.2634976045,678379.7904264022,285623.1425451757,-0.01096706993754473,-0.0017231738008641,-0.000534101987693234
2454642.5,-145846.8026432668,676825.835236755,285133.5052248726,-0.01093453517648351,-0.001873965280260214,-0.0005993020930251671
2454652.5,-155279.8002088958,675141.5315323039,284587.5702040866,-0.01090081124850139,-0.002024854118808651,-0.0006643926119141795
2454662.5,-164682.8918013288,673327.2736508966,283985.7047191425,-0.01086551164351499,-0.002174347331393648,-0.0007284959765926656
2454672.5,-174056.3470640749,671385.0190197903,283329.3820352645,-0.01083352168674098,-0.002321693810272888,-0.0007905916545728631
2454682.5,-183405.1158664049,669313.653523958,282619.0091479602,-0.01080753976137412,-0.002474737083075022,-0.0008544981966309149
2454692.5,-192731.120038762,667105.9998948401,281851.505690286,-0.01077953196475612,-0.002636871358221066,-0.00092280358494876
2454702.5,-202030.1766330067,664755.3459045799,281023.4393053349,-0.01074476927663153,-0.002805280127178268,-0.0009944774390637794
2454712.5,-211295.6694928322,662257.338895543,280132.3799674061,-0.01070164031613,-0.002977653006659949,-0.001068482652246684
2454722.5,-220519.8749103003,659609.3281206868,279176.6460426632,-0.01064900934383853,-0.003152219197644076,-0.001144066912857673
2454732.5,-229694.0904712421,656810.2247021126,278155.2048484328,-0.01058572752377437,-0.003327033710391325,-0.001220427654224178
2454742.5,-238808.6321958218,653860.9477616524,277067.8780172224,-0.01051075457664869,-0.003499224478447939,-0.001296289508497198
2454752.5,-247853.5434270056,650765.695007643,275916.068840091,-0.0104252116857529,-0.003664042050653663,-0.001369173744620581
2454762.5,-256822.6222336484,647532.2726996095,274703.3405873185,-0.01033678179580014,-0.003819696614694576,-0.001437514415950032
2454772.5,-265715.5148006739,644165.8816241805,273432.308794673,-0.01024804507742297,-0.003972749764491736,-0.001504736058222155
2454782.5,-274529.5890491451,640668.0313674781,272103.2235774978,-0.01015381831976006,-0.004123413901213574,-0.001571665057765869
2454792.5,-283259.6056944261,637042.273866943,270717.0131343296,-0.01005372316180725,-0.004268416590573118,-0.0016367452805556
2454802.5,-291901.303850454,633294.3058415247,269275.7344744958,-0.009949739664759212,-0.004406171998390857,-0.001699043912623718
2454812.5,-300452.226195118,629430.6083015003,267781.9647675584,-0.009843899769864786,-0.004536305332355731,-0.001758227721727369
2454822.5,-308911.4772107808,625457.7410734574,266238.4388304942,-0.009737742121010369,-0.004658886863328532,-0.001814203473041694
2454832.5,-317279.2656526489,621382.3414679336,264648.0453304836,-0.009632399034590788,-0.004773447857676932,-0.001866578842377865
2454842.5,-325557.3978320869,617212.0834239228,263014.4370966948,-0.009531310208887889,-0.00487821500206688,-0.001913970912918207
2454852.5,-333753.2006089406,612954.6934808089,261341.9584394357,-0.009443035254862077,-0.004976770971411675,-0.00195727515313144
2454862.5,-341878.4596076153,608611.054479426,259631.8932686257,-0.00936676182090964,-0.005078910986441367,-0.002001632558840233
2454872.5,-349940.5395104135,604176.786241743,257882.4229194265,-0.009296144312989998,-0.00518642204209254,-0.002048446414934619
2454882.5,-357943.1988921153,599647.4965660934,256091.5385189025,-0.009229017176899272,-0.005298908447032424,-0.002097501727696943
2454892.5,-365888.92367041,595018.6534097882,254257.2237686602,-0.009164095454440637,-0.005417019621050674,-0.002149048551915323
2454902.5,-373778.8412896633,590285.0302894597,252377.1438470649,-0.00909944311022061,-0.005541553855328253,-0.002203499577654206
2454912.5,-381612.0608850754,585440.9578876898,250448.6907936559,-0.009032342953141953,-0.005672593443147879,-0.002260997708080126
2454922.5,-389385.1777751726,580481.3923426495,248469.469560619,-0.008959955651075196,-0.005808374851206874,-0.002320757085381148
2454932.5,-397093.5235390405,575403.8276577372,246438.4066796498,-0.008883237377328898,-0.005945300979278692,-0.002380671896258464
2454942.5,-404735.8327972488,570206.7830168711,244355.3783971361,-0.008807343460943279,-0.006086316557348242,-0.002441751999738246
2454952.5,-412311.2520530202,564883.8424533512,242217.6679518309,-0.008726821080225178,-0.006236741530800681,-0.002507431418320758
2454962.5,-419812.5124195003,559427.914317778,240021.4870022629,-0.008635134508895893,-0.006393374963888409,-0.0025767552087125
2454972.5,-427229.092200631,553835.4751706881,237764.5302532013,-0.008530730965330597,-0.006552186544128951,-0.002647851173732993
2454982.5,-434549.9193628381,548105.9371968604,235445.8852086834,-0.008413499746844928,-0.006710313227304064,-0.002719353787762949
2454992.5,-441763.966187357,542240.9445931753,233065.6943341674,-0.00828358225233639,-0.006865342658008318,-0.002790134097468434
2455002.5,-448860.3460500642,536244.2590079075,230625.0896613193,-0.00814116428378216,-0.0070146570235509,-0.002858959778241453
2455012.5,-455828.5450616276,530122.364805213,228126.535332367,-0.007987273600704928,-0.007154365954740873,-0.002923831599206958
2455022.5,-462660.7898056572,523885.519093959,225574.6383774199,-0.007828178904672021,-0.007280592362415825,-0.002982203816590924
2455032.5,-469356.5967881078,517543.906322371,222974.5793415055,-0.007671734686117062,-0.007398396263210303,-0.003036120411498167
2455042.5,-475917.2386778415,511102.0888710896,220328.5950971392,-0.00751442531762534,-0.007512459775332682,-0.003088573987570673
2455052.5,-482340.6326475134,504564.0742847066,217638.1833746385,-0.007354135614145528,-0.007620697318021168,-0.003138761313185268
2455062.5,-488624.7670299207,497935.5728478912,214905.6969661963,-0.007192391532529814,-0.007721870611872423,-0.003185913822441873
2455072.5,-494769.1793249408,491222.6444694632,212133.8102152751,-0.007030948365631016,-0.007816248303821886,-0.003230001638070415
2455082.5,-500774.6378047746,484430.8044462313,209325.044715658,-0.006870833482899542,-0.007904685040592585,-0.003271342255989852
2455092.5,-506642.4041103487,477564.8924206954,206481.6564401469,-0.006712184486617779,-0.007987701979777452,-0.003310131304179256
2455102.5,-512373.8214632607,470629.9308787228,203606.0791755875,-0.00655557844208051,-0.008064162935366364,-0.003345606315396266
2455112.5,-517972.7008239321,463632.0728956196,200701.6968540403,-0.006406823492478997,-0.008133993272143676,-0.003377013895768521
2455122.5,-523448.1596010249,456573.7067068137,197770.5307196431,-0.006269113187588942,-0.008205865979950485,-0.003408542043319896
2455132.5,-528806.6513678482,449450.5113205817,194810.8365864302,-0.006134852245229491,-0.00828389540146808,-0.00344307272194552
2455142.5,-534048.890361091,442257.9182875545,191820.2236946289,-0.005999647236520149,-0.00836619735994935,-0.003479973126503109
2455152.5,-539173.3156829353,434992.8781072873,188796.9352725038,-0.005861921041550104,-0.008451445192223416,-0.003518645531384024
2455162.5,-544177.1768949877,427653.2105615498,185739.5868075793,-0.005720321657801773,-0.008538803600247568,-0.003558764469569455
2455172.5,-549056.4631328443,420237.5255082236,182647.0875449061,-0.005573269566009103,-0.008627171651041458,-0.003599919183787594
2455182.5,-553805.7305927417,412745.7667649132,179518.8858959889,-0.005419119710240101,-0.008714386116271997,-0.003641167795065856
2455192.5,-558418.6962475142,405180.6114702455,176355.7553970836,-0.005258307633096371,-0.008796259787336393,-0.003680295167731905
2455202.5,-562892.2122200128,397547.872202635,173160.4042665924,-0.0050977168002236,-0.00887155494260891,-0.003716009485412929
2455212.5,-567228.1250139099,389850.3668519597,169934.3828840247,-0.004938787137974023,-0.008947083684346187,-0.003751891836132346
2455222.5,-571425.0773555757,382087.1923827697,166676.8419060625,-0.004775393977601064,-0.009022964600721321,-0.00378873278054815
2455232.5,-575478.3431320974,374259.5857947006,163387.6486019359,-0.004606287192090487,-0.0090957804833754,-0.003824921988503614
2455242.5,-579383.4176838271,366371.1247897147,160067.8751340304,-0.004432583362197409,-0.009163625033697591,-0.003859397214410884
2455252.5,-583136.892098896,358426.5298799994,156719.2638584219,-0.004255551142297384,-0.009225618425290133,-0.003891608830998952
2455262.5,-586736.3239617678,350431.1057407839,153343.9352206809,-0.004076122359661398,-0.009281171332768283,-0.003921171742394533
2455272.5,-590179.93676695,342390.860106873,149944.4443061501,-0.003895032827267312,-0.009329032508911842,-0.003947337325448835
2455282.5,-593467.3332651767,334313.5403498763,146524.4362053374,-0.003715628615197018,-0.009366614654073159,-0.003968339092323058
2455292.5,-596603.6529796866,326207.5798256506,143088.5439030443,-0.003546524881291886,-0.009396855055059626,-0.003984780634372904
2455302.5,-599598.5133784949,318075.1624469339,139638.6032599618,-0.003386975087601916,-0.009428754221129534,-0.004001441946055703
2455312.5,-602457.3627686438,309913.9112792498,136173.6851561999,-0.003231146098617207,-0.009463367779811377,-0.004019358320842343
2455322.5,-605182.5625424606,301721.9389964226,132692.9264115944,-0.003077512687672279,-0.009499848581454456,-0.004038082362859929
2455332.5,-607775.7657808122,293497.5301564094,129195.6187887011,-0.002925454844278312,-0.00953856991699562,-0.004057716802190079
2455342.5,-610237.8437150703,285238.4422921148,125680.8290489942,-0.002773698362356381,-0.009580217494785232,-0.004078604904081937
2455352.5,-612568.2014111883,276942.0233588798,122147.3794956784,-0.002620134753716046,-0.009624903102587875,-0.004100890013739417
2455362.5,-614764.223411664,268606.1762716498,118594.2824922769,-0.002462460791087115,-0.009670989327595723,-0.004123834573730655
2455372.5,-616822.4794841902,260231.1888213975,115021.8095093904,-0.002302137057830787,-0.009715129862236094,-0.004145441532733603
2455382.5,-618743.2867581828,251818.0674924219,111431.0333730463,-0.002144534504868803,-0.009760683865550896,-0.004166940273753469
2455392.5,-620527.4194655004,243362.6308086504,107820.2875938516,-0.001984206472716617,-0.009813105550481703,-0.004191852805502086
2455402.5,-622169.3255500934,234859.9348978669,104186.7829716552,-0.001814782451876009,-0.009869329266303248,-0.004219295359624987
2455412.5,-623660.3063250311,226308.4566924608,100529.1313419427,-0.001634775314753853,-0.009925498689286825,-0.004247499168334657
2455422.5,-624991.1366250255,217709.486060223,96847.25830148249,-0.001444077509436694,-0.009978857163926278,-0.004275175035323433
2455432.5,-626152.6328852493,209066.482458958,93142.09235103847,-0.001242826749582453,-0.01002703218501706,-0.004301238547493547
2455442.5,-627135.7569272562,200385.0143272588,89415.52642170744,-0.001031227271161295,-0.010067386077299,-0.004324470664885624
2455452.5,-627931.8848108184,191673.4145571121,85670.7887917521,-0.0008103984047321698,-0.01009595605697101,-0.004342852113700362
2455462.5,-628535.272645296,182943.8370819672,81913.26593790941,-0.000586829571590634,-0.01010886438315607,-0.004353843363821693
2455472.5,-628947.604625067,174208.304119515,78148.87511655128,-0.0003684165084781614,-0.01011124010944031,-0.004359550327962644
2455482.5,-629172.3457523366,165473.2781753212,74380.60118030263,-0.000151778731417296,-0.01010757552571571,-0.004362877430087253
2455492.5,-629209.8608535023,156744.7885593173,70610.7595112603,6.480683295956146e-05,-0.01009573887462727,-0.004362978860502075
2455502.5,-629060.9279158677,148030.5450452097,66842.5274336521,0.00027942087825187,-0.01007456705975537,-0.00435910076050203
2455512.5,-628728.2217621473,139338.5110789891,63079.37979195421,0.0004898927447250723,-0.01004447876312633,-0.004351254826758849
2455522.5,-628216.0166776173,130675.9342839062,59324.58755782712,0.0006947609553767882,-0.01000657880994065,-0.004339837212633019
2455532.5,-627529.45302854,122049.1218258768,55581.06938503744,0.0008934638169954747,-0.009961751416353578,-0.004325165672794442
2455542.5,-626674.1121774804,113464.2003016334,51851.79761920395,0.0010850108458329,-0.009909344826502794,-0.00430664538176341
2455552.5,-625658.3906364663,104927.9125378448,48140.50697846506,0.001263246869874959,-0.009850021471632027,-0.004283810970305582
2455562.5,-624496.1113897094,96442.52512359788,44449.27113446444,0.00142507460830973,-0.009793263482122118,-0.004261202509459024
2455572.5,-623198.2871611202,88002.99994885841,40776.15063733481,0.001578242511756736,-0.00974380956983401,-0.004241944168872705
2455582.5,-621770.043628904,79603.45832059138,37118.3253270724,0.001727401732127961,-0.009700523772399461,-0.004225710978437511
2455592.5,-620213.8842150355,71238.90175601342,33473.33658411179,0.001874667499506279,-0.009662779145979836,-0.004212212198822575
2455602.5,-618530.5636385215,62904.65856140594,29838.85502132306,0.00202213592398229,-0.009630287742616182,-0.004201373392589856
2455612.5,-616718.8679222949,54596.45581041435,26212.66031336529,0.002172271462701714,-0.00960230090712646,-0.004192957161637751
2455622.5,-614775.3498221051,46311.1468943357,22592.96185095131,0.002327671983923358,-0.00957677906605799,-0.004186098547554018
2455632.5,-612694.9129376389,38048.3114735123,18979.27246248974,0.002488798380405093,-0.009549441599623629,-0.004178561137996946
2455642.5,-610474.8604780214,29810.77675549626,15373.06753444033,0.002649622701330539,-0.009518908570575003,-0.004169028049810309
2455652.5,-608116.6612030305,21598.59227677059,11774.71542179162,0.002809727268285538,-0.0094915415534487,-0.004160935289418113
2455662.5,-605617.8324970598,13408.64473925516,8182.402798254043,0.002975889837811172,-0.0094667132184246,-0.004154758766336621
2455672.5,-602972.0739164246,5240.5896105896,4595.297632020749,0.003149799795492362,-0.009440289151619949,-0.004148591034863859
2455682.5,-600172.9771839232,-2902.932338332294,1014.038575739549,0.003330652461968752,-0.009409581286965864,-0.004141046331559533
2455692.5,-597215.0358676171,-11017.43673470349,-2559.77252249832,0.003517311486195283,-0.009372876078265419,-0.004131222768039625
2455702.5,-594093.6787955097,-19097.12600107762,-6123.844298896925,0.003708784170777278,-0.009328735560205394,-0.004118368638642901
2455712.5,-590805.1405423355,-27134.76930792672,-9675.130970532957,0.003904066583116868,-0.009275070974284172,-0.004101362633544853
2455722.5,-587347.3774566224,-35120.69856143407,-13209.17965596948,0.004099277796262592,-0.009208545595931124,-0.004078090076549403
2455732.5,-583724.415659759,-43044.02511660501,-16720.30230043147,0.004285182395552241,-0.009131609390984669,-0.004048938086694877
2455742.5,-579945.2388376838,-50899.68153060778,-20205.42146513543,0.004461958408079296,-0.00905269312642383,-0.00401842731591862
2455752.5,-576015.3182415813,-58686.67928172468,-23663.98542862528,0.004634494179626689,-0.008972401456171238,-0.003987349164612571
2455762.5,-571937.9017339557,-66403.29505689564,-27095.23259465427,0.004803306741115977,-0.008889746755536453,-0.003955158252072178
2455772.5,-567716.3885345395,-74047.60144475289,-30498.20342553149,0.004968033888129689,-0.008805161841235755,-0.00392195177718643
2455782.5,-563354.2276263465,-81618.33095031572,-33872.19556076314,0.00512901408319854,-0.008719579542509681,-0.003888152944228714
2455792.5,-558854.1731829785,-89114.91436719254,-37216.85535631562,0.005287513558529782,-0.008633527276198672,-0.003854064303024386
2455802.5,-554217.635905774,-96536.64423319782,-40531.80408391674,0.00544510832976072,-0.0085459095090197,-0.003819167236781716
2455812.5,-549445.8049609793,-103880.9543361097,-43815.61995790701,0.005599692813666979,-0.008454078971046133,-0.003781758760506546
2455822.5,-544544.0553270127,-111145.2650086221,-47066.39398511849,0.005745603682978126,-0.00836228095065201,-0.003743484723901079
2455832.5,-539518.3057095669,-118332.8528402713,-50285.27669591486,0.005888262902878491,-0.008276596422638673,-0.003708162159327083
2455842.5,-534368.2211425147,-125448.2787331555,-53474.77700269057,0.00603393551884968,-0.008194606243924887,-0.003675197018074851
2455852.5,-529090.3394702805,-132493.2731762755,-56636.27521256746,0.006184183440125988,-0.00811314100783236,-0.003643145504173526
2455862.5,-523680.5393956408,-139467.3180404484,-59770.10851948251,0.006339333717927263,-0.00803005849032166,-0.003611016161625997
2455872.5,-518134.5089694993,-146368.2215992209,-62875.85301030702,0.006499561722636274,-0.007943519934412342,-0.003577986123568721
2455882.5,-512447.7796547645,-153192.1082570859,-65952.32921213555,0.006665044992629522,-0.007851336267984479,-0.003543056978013087
2455892.5,-506615.9524392883,-159932.6851712953,-68997.19183207325,0.00683506681219276,-0.007749901730156871,-0.003504380896656961
2455902.5,-500637.1791453524,-166580.138839144,-72006.07833445609,0.007003509219270222,-0.007635712349210105,-0.003459593480721159
2455912.5,-494516.6231348423,-173125.1360296259,-74974.26973576285,0.007163124037114749,-0.007514256444425475,-0.003410995498027275
2455922.5,-488260.6243755053,-179564.0486456306,-77900.06428977268,0.007317922515453681,-0.007390025908391993,-0.00336149257746594
2455932.5,-481871.9838369777,-185893.6717241453,-80782.41532053308,0.007470073016850964,-0.007260905250636031,-0.003310231876920256
2455942.5,-475353.5151843754,-192109.1304836908,-83619.4095895944,0.00761813767447822,-0.007125714194688806,-0.003256442529777643
2455952.5,-468709.5189064391,-198205.2401848505,-86408.8013543663,0.007760402262390321,-0.006984759462320486,-0.003200071982136809
2455962.5,-461945.5286698806,-204177.400768782,-89148.47502024709,0.007895792188200641,-0.006838958196113882,-0.00314141175864808
2455972.5,-455067.6485265715,-210021.7653957209,-91836.562880346,0.008024038982007806,-0.006688951736688444,-0.003080643601039462
2455982.5,-448082.2268674542,-215734.4432638848,-94471.01559439235,0.008144300464314226,-0.006533823410571518,-0.003017017395098553
2455992.5,-440998.3714109376,-221310.7467939408,-97048.9085522802,0.008250441514322073,-0.006374120618762664,-0.002949985891338433
2456002.5,-433830.5140342558,-226750.4101724061,-99568.94270340056,0.008339602151151213,-0.006219222691188906,-0.002884041822982834
2456012.5,-426590.1136771359,-232060.2792248538,-102033.7331386964,0.00841958368042244,-0.006073591336445732,-0.002822154337981159
2456022.5,-419282.7766948359,-237247.8787880137,-104446.6767353649,0.008494976599254194,-0.005936000439226148,-0.002763935614041562
2456032.5,-411911.5013140772,-242319.812419955,-106810.7800304581,0.008567922427177436,-0.005805795465458745,-0.002709078915683653
2456042.5,-404477.4880735597,-247282.3336400538,-109128.9117506073,0.008640600587447686,-0.005682658582084861,-0.002657503776039362
2456052.5,-396979.8771499364,-252141.2630997872,-111403.8266593948,0.00871560288669835,-0.005565788234651373,-0.002608965458255434
2456062.5,-389415.4523838822,-256901.229968848,-113637.8375772516,0.00879567837618801,-0.005453042135045223,-0.002562574980999181
2456072.5,-381779.2325332186,-261564.0242304264,-115831.9221657386,0.00888138725836976,-0.005339993350152411,-0.002516051338035211
2456082.5,-374068.5702272573,-266128.1000422483,-117985.0788487225,0.008966811123457192,-0.005225222922110804,-0.002468099633453119
2456092.5,-366284.7673019229,-270594.6171186446,-120097.4275822973,0.009051883938643729,-0.005114870940844574,-0.002422113244427731
2456102.5,-358424.9659609901,-274967.5876403913,-122171.1627495859,0.00914346508682051,-0.005007904119695477,-0.002378405835541301
2456112.5,-350482.4839678755,-279247.9544702998,-124207.3800945694,0.009243230845651242,-0.004899884684753047,-0.00233495866195954
2456122.5,-342450.5413148515,-283433.4098257364,-126205.6091235303,0.009350355440303444,-0.00478780271837558,-0.002290268902081778
2456132.5,-334323.3023613657,-287519.5096376641,-128164.3064759733,0.009463619780418243,-0.004669591574538611,-0.00224329850462177
2456142.5,-326095.9729404951,-291500.1832525542,-130081.1149710042,0.009581865387269616,-0.004543442591095659,-0.002193144607427143
2456152.5,-317764.7521110587,-295367.6012286238,-131952.7859243055,0.009703812187002121,-0.004406885493681936,-0.002138519415567985
2456162.5,-309327.8743280772,-299111.1788883891,-133774.5184546221,0.00982511683894726,-0.004256255549013315,-0.002077151428577724
2456172.5,-300790.0836872469,-302718.9215310048,-135540.1864336211,0.00993606392984644,-0.004093889431714341,-0.002009382076844331
2456182.5,-292161.4227765938,-306184.5260472659,-137246.2237746467,0.01003643765561969,-0.003927968274386039,-0.00193961767963064
2456192.5,-283448.9176101363,-309505.5460499509,-138891.4683249688,0.01013037966940869,-0.003758926696703491,-0.001868532713573239
2456202.5,-274658.0572829188,-312678.7800837327,-140474.5051547296,0.01021760678155447,-0.003585877879063806,-0.001795591108671083
2456212.5,-265795.163478855,-315700.987279307,-141993.7647116622,0.0102969787566241,-0.00340953165832517,-0.001720978336526117
2456222.5,-256867.2650062895,-318569.9034029081,-143448.0447067089,0.01036809816924283,-0.003231278748768906,-0.001645285294021706
2456232.5,-247881.2936784624,-321284.4359589436,-144836.6715477762,0.01043159300194691,-0.003052281223036914,-0.001569062292307052
2456242.5,-238843.3310806735,-323843.9674785218,-146159.1902840931,0.01048853681463259,-0.002872222548554113,-0.001492104026965838
2456252.5,-229759.6191692849,-326246.7619451006,-147414.4040819567,0.01053644846388379,-0.00268941253398314,-0.001413104422325517
2456262.5,-220640.7610183311,-328492.0020963088,-148601.0338902008,0.0105697146801228,-0.002509244903940568,-0.001334230894199593
2456272.5,-211497.6613059162,-330585.6160578126,-149721.2686025072,0.01059415291159726,-0.002338675532934131,-0.001259694695525931
2456282.5,-202334.638953772,-332535.5398036517,-150778.9725372129,0.01061644185459477,-0.002176142942606437,-0.001189277520758876
2456292.5,-193152.4152027652,-334347.6206712118,-151777.2156699523,0.01063883021168015,-0.002019298684367568,-0.001121915308457803
2456302.5,-183950.3573043613,-336026.0936594431,-152718.3247506226,0.01066255006456157,-0.001866642851365106,-0.00105692525693513
2456312.5,-174726.7955425795,-337573.9850620985,-153604.0936181753,0.01068882004564629,-0.001716766959072351,-0.000993702037220176
2456322.5,-165478.9651081614,-338992.9100287716,-154435.7048390717,0.01071893567241075,-0.001567679497662862,-0.0009313615388428589
2456332.5,-156203.203246059,-340282.1310808975,-155213.2249103579,0.01075328055042355,-0.001415729266809795,-0.0008680566738610304
2456342.5,-146897.4980394091,-341437.2810226655,-155934.670424373,0.01078672623550987,-0.001257243270436872,-0.0008013682278405929
2456352.5,-137565.945147709,-342454.295445579,-156597.6529883725,0.01081317376288223,-0.0010973960336186,-0.0007335061455981476
2456362.5,-128212.8481358303,-343334.3347913005,-157202.620055471,0.01083760355509467,-0.0009399131668456423,-0.0006670512305723816
2456372.5,-118838.3131993588,-344078.2857139294,-157750.3678871407,0.01086279737918444,-0.0007818753321742072,-0.0006007955677348392
2456382.5,-109441.9926169503,-344684.6551613938,-158240.5157936183,0.01088778221272195,-0.0006212444696011261,-0.0005335945365710807
2456392.5,-100024.7100661922,-345150.8639557879,-158672.0101029521,0.01091109923123483,-0.0004573961544763983,-0.0004649837218951958
2456402.5,-90588.40535251978,-345474.1015107808,-159043.562883568,0.01093168757608452,-0.0002902992874109516,-0.0003948271446907511
2456412.5,-81135.68272136147,-345651.5031856253,-159353.7662059449,0.01094904680001692,-0.000119682558697913,-0.0003228855523702905
2456422.5,-71669.70458632485,-345679.4063786515,-159600.6767442683,0.01096183128418114,5.618707581155767e-05,-0.0002480176005061704
2456432.5,-62196.9421546461,-345552.7545706981,-159781.1841486251,0.01096318412080753,0.0002372879049057973,-0.000169417106904146
2456442.5,-52729.75498776074,-345270.5652649433,-159893.6404408438,0.0109496839554197,0.0004146111096456748,-9.141061437502574e-05
2456452.5,-43278.07364013368,-344838.6115818716,-159940.1380241706,0.01092835695102093,0.0005840784778408594,-1.675993411893893e-05
2456462.5,-33846.71908442636,-344263.1604910037,-159923.4359452062,0.01090292671814364,0.000746957738845138,5.497239160307742e-05
2456472.5,-24438.59463238648,-343549.6199976489,-159845.9114055933,0.01087480683034169,0.0009037424108930509,0.0001240367336301564
2456482.5,-15055.37510451379,-342703.2420580654,-159709.8810580315,0.01084558788090044,0.001054469833883103,0.000190394717329865
2456492.5,-5697.120020175335,-341729.1231816387,-159517.6696732548,0.01081742164938972,0.001199588489657464,0.000254131249969345
2456502.5,3638.150253614281,-340631.4847038613,-159271.3062682565,0.01079275766706013,0.001340871209117506,0.0003159618237901519
2456512.5,12953.95797275028,-339412.022546148,-158971.6326529381,0.01077192250019438,0.001482379491984734,0.000377995151400451
2456522.5,22251.32083458306,-338069.4595385871,-158617.687299324,0.01074889316014714,0.001625044411953598,0.0004412775556875168
2456532.5,31527.38375146214,-336605.602065946,-158209.8388531712,0.01072383869001968,0.00176243380355727,0.0005022365245630941
2456542.5,40783.59330818732,-335025.2388469541,-157750.6139355703,0.01070366505836516,0.001895481664368815,0.0005605003700378095
2456552.5,50025.23213955958,-333330.2167464673,-157241.5107975674,0.01069007881318268,0.002028445477334173,0.0006179862714486815
2456562.5,59257.73588974589,-331519.2744393598,-156682.5458708693,0.01068233949812361,0.002164195990333831,0.0006761100866207489
2456572.5,68485.67074698264,-329589.111359366,-156072.725997179,0.01067931049842742,0.002304711500424463,0.0007358495879872133
2456582.5,77712.6235532542,-327534.8603718161,-155410.2864896051,0.01067989247690255,0.002451748501827789,0.0007980696332664487
2456592.5,86941.22193624939,-325349.9267469365,-154692.5940401271,0.01068281779794519,0.00260775648373641,0.0008640436652548233
2456602.5,96172.02324137009,-323024.9798648443,-153915.4700734286,0.01068363888329023,0.002776350385029395,0.0009360291459309848
2456612.5,105398.9799701924,-320549.4012254194,-153073.4623837575,0.01067260157529173,0.002954968226112765,0.001013575570819801
2456622.5,114610.818517871,-317918.400496017,-152163.7499054855,0.01064960795027972,0.003135401269447808,0.001092264404226695
2456632.5,123799.2578810609,-315131.0343581018,-151185.8911378218,0.01061863572176818,0.003317174235935107,0.001171440666935288
2456642.5,132957.399845809,-312185.7267917347,-150139.215491073,0.0105792467575636,0.003500957268531019,0.001251576315446783
2456652.5,142077.4079343351,-309081.0805403708,-149022.9671244827,0.01053020587978747,0.003685757503049468,0.00133239302126919
2456662.5,151150.6786084386,-305816.9457344236,-147836.8480680954,0.01047107495666724,0.003869839992047935,0.001413182452917455
2456672.5,160168.7029595998,-302394.6660961033,-146581.201120836,0.01040252188040752,0.004051645349665209,0.001493253495042879
2456682.5,169123.8966613784,-298816.4159998631,-145256.7150005589,0.01032574838869551,0.00423106899372849,0.001572660123789643
2456692.5,178008.6472590897,-295083.6344215911,-143863.4762216452,0.01023845400332726,0.004409309961170288,0.001652521816666423
2456702.5,186811.2488068858,-291199.1652196429,-142401.6934480708,0.01013554012588708,0.004580393179912942,0.001730404048472699
2456712.5,195520.2830434278,-287172.9580710253,-140875.2145098316,0.01002355365556843,0.004737137204490591,0.001801992331478267
2456722.5,204131.4793408168,-283017.1104638591,-139289.6194573524,0.009909784987832168,0.004880945295767935,0.0018674395319269
2456732.5,212644.7431128118,-278741.7525972829,-137649.7541329392,0.00979721822755287,0.005014076930699388,0.001927752232699241
2456742.5,221062.0019649448,-274355.4036387152,-135959.742491364,0.00968787973501459,0.005138122008961992,0.001983624664188207
2456752.5,229386.9025261767,-269865.2181351911,-134223.1334041189,0.0095837628983191,0.005254757859628863,0.002035747982493871
2456762.5,237624.828380039,-265276.6345450706,-132442.7589713784,0.00948686563903683,0.00536641107660351,0.002085164562044243
2456772.5,245782.6127440842,-260592.2968042128,-130620.167532668,0.009398129028692264,0.005477313071620339,0.002133949393871997
2456782.5,253865.8251622212,-255810.7010112413,-128754.650980915,0.009312777489246976,0.005591714196771418,0.002184748549052666
2456792.5,261874.2573651053,-250930.1729072259,-126844.924440014,0.009225172885917437,0.005705030930625862,0.002235557252139644
2456802.5,269807.8516816014,-245953.6035486841,-124892.2844419928,0.00914054801847484,0.005814437537323592,0.002284172019886522
2456812.5,277670.7952329747,-240882.8606396689,-122898.052623649,0.009061608278308573,0.005923650019730943,0.002332145821745915
2456822.5,285467.6228301437,-235716.7802891856,-120862.0945502451,0.008987213340705215,0.006035440476668573,0.00238093621319554
2456832.5,293201.5007535284,-230452.4855158115,-118783.333245656,0.00891560885695113,0.006151147412936358,0.002431318126868133
2456842.5,300874.1609080342,-225086.2691425481,-116660.1934603684,0.008845292292764383,0.006271469353373717,0.002483726297306803
2456852.5,308486.2253667619,-219613.8218476601,-114490.7301704778,0.008775172458680723,0.006397275930323882,0.002538678530334355
2456862.5,316037.1722508994,-214029.5591620723,-112272.233894414,0.008703126845810854,0.00653079327180014,0.00259756263459933
2456872.5,323522.4171499432,-208326.1833648831,-110000.6601510496,0.00862137610836308,0.006672208452501275,0.002661303170887241
2456882.5,330930.7739889777,-202500.3858454981,-107673.3790298108,0.008525784849218159,0.006812593217383949,0.002725614584683872
2456892.5,338252.8168952988,-196555.5023527888,-105291.4310905303,0.00842246785030989,0.006947971815611026,0.002787824672266084
2456902.5,345483.377408763,-190495.4192145576,-102856.5088262615,0.00831416345800925,0.007079374826764313,0.00284830604142387
2456912.5,352618.41522846,-184323.4694441821,-100370.0301698074,0.00820144597612509,0.007206847153907787,0.002907137027830369
2456922.5,359654.457662272,-178043.2823254601,-97833.53324378551,0.008085218073133477,0.007329833100934825,0.002964035405385834
2456932.5,366589.1268294014,-171658.8935879666,-95248.80045283368,0.007967118817361951,0.007448081109609317,0.003018786543549779
2456942.5,373421.7218564445,-165174.0958405034,-92617.59256388422,0.007849269894342287,0.007562610864682516,0.003071775978089602
2456952.5,380152.8631815567,-158590.8163760069,-89940.77337582609,0.007731798336822872,0.007676701064494839,0.003124767303307325
2456962.5,386780.5611287361,-151908.7443556533,-87217.73490547719,0.007608697867960335,0.007790354670876871,0.003178372437142843
2456972.5,393299.1752877308,-145131.4099067395,-84449.5688320846,0.007480585529750907,0.007896411681423663,0.003228654643639722
2456982.5,399707.7326259789,-138265.8296321012,-81639.76811437467,0.007354723612882234,0.00799527830035879,0.003274999912222484
2456992.5,406009.4235947764,-131316.5624492916,-78791.02214158779,0.007233269285825539,0.008090639793137781,0.003319053061080041
2457002.5,412208.0549742071,-124285.5155328047,-75904.760372867,0.007116090628673783,0.008184896305240545,0.003361997103824581
2457012.5,418307.1329098877,-117172.906091612,-72981.57770409844,0.007002751856003922,0.008279689289100615,0.003404638474981762
2457022.5,424309.8168765895,-109977.6150615721,-70021.4169029327,0.006892912175169384,0.008376581330858612,0.003447738336347831
2457032.5,430218.9728024616,-102696.8951616516,-67023.4085337431,0.00678607470261293,0.008477988489209906,0.003492545376361826
2457042.5,436036.031548895,-95325.23147911744,-63985.12721429263,0.006678475552360084,0.008587608769226656,0.003541354914089182
2457052.5,441756.4078290534,-87855.7602417566,-60902.85166649021,0.006561111171906314,0.008702950301709162,0.003593728625653247
2457062.5,447371.0250662726,-80287.25110621742,-57775.4245997953,0.006434734477884751,0.00881624529490561,0.003645433372476775
2457072.5,452874.3689362418,-72621.8395250925,-54603.84435976327,0.006303796271145726,0.00892759971100132,0.003696097354884072
2457082.5,458262.6479667989,-64860.54896088721,-51388.64796948074,0.006168201147894372,0.009038234298486509,0.003746455952582555
2457092.5,463531.3787080102,-57004.08546507057,-48130.05049778652,0.006026929402811616,0.009147752671173556,0.003796516092119462
2457102.5,468675.425524113,-49053.88092707618,-44828.4737108113,0.005879591956515128,0.00925502170836463,0.003845861487591349
2457112.5,473689.7198397052,-41012.35603500828,-41484.73313482598,0.005726746827954425,0.00935904247236286,0.003894077797102333
2457122.5,478569.9582570593,-32882.30674960468,-38099.7624695477,0.005569334132200097,0.009460198596960375,0.00394146745395258
2457132.5,483311.5079383275,-24665.43423671381,-34673.7050149343,0.005404626721771891,0.009559997684391737,0.003989317974005866
2457142.5,487905.3089817818,-16364.70333744128,-31206.75122415516,0.005227263842756105,0.009652531868433485,0.004035218273983917
2457152.5,492342.4468478216,-7990.061321563395,-27702.68303016452,0.00504361343813698,0.009730857502445676,0.004074962896770873
2457162.5,496620.9011048136,446.5662897042835,-24166.92785588525,0.004860611473678115,0.0097964739080696,0.004108759491446911
2457172.5,500742.5680945919,8935.233792843137,-20604.17299451634,0.004681012785976824,0.009851609223054046,0.004137590719001726
2457182.5,504711.2194592863,17467.57566167482,-17018.41138135718,0.004506723624157927,0.009897821215126886,0.004162115940711076
2457192.5,508532.2744536178,26036.57377482926,-13413.08898521333,0.004339687881744599,0.009936782873223776,0.004182998079572479
2457202.5,512212.8676667597,34636.94206487861,-9790.951973480027,0.004181897348555795,0.009970966054177894,0.004201270950926786
2457212.5,515761.5774622795,43266.25619217481,-6153.456460131621,0.004034269363558699,0.01000471015423984,0.00421903299723352
2457222.5,519185.6601999163,51926.32461569525,-2499.784023519649,0.003891932490497944,0.01004231738589134,0.004238927387769389
2457232.5,522486.5938258844,60619.13575014836,1171.42897783761,0.003749388956151095,0.01007925388671491,0.004258916848305441
2457242.5,525666.1333199863,69342.30281909616,4859.013217316391,0.003611906631654367,0.01011304765685783,0.004276935139538962
2457252.5,528730.1845825431,78094.74241620813,8561.890634732063,0.003482003209569437,0.0101476754775288,0.004294642766053981
2457262.5,531684.8377019793,86878.60289162448,12280.51775258,0.003358346634691421,0.01018613464683991,0.004313583835880449
2457272.5,534534.6282671889,95697.94642114479,16016.37317566408,0.00323893538268746,0.01023000073332188,0.004334630669254573
2457282.5,537282.4083345453,104557.8673622674,19771.52012543611,0.003121934963860467,0.01028019878564677,0.004358318929104987
2457292.5,539929.5920365214,113464.2459603744,23548.47765003014,0.003005823355929583,0.01033779452095947,0.004385264022254813
2457302.5,542476.0194766237,122424.3839626116,27350.60949774049,0.002887899896412636,0.01040514293226534,0.004416936487690423
2457312.5,544916.9009922408,131447.3156715142,31182.64759607186,0.002759696364941519,0.01048230983304632,0.004454231076229366
2457322.5,547240.3463943306,140537.9037824829,35047.8377656267,0.002616621123694357,0.01056015840886707,0.004492775703818994
2457332.5,549435.7835195413,149694.2385498065,38945.72113698257,0.002464147243348738,0.01063454667191256,0.004529872094985124
2457342.5,551496.2898153025,158913.5781469114,42875.10575255901,0.002304323930163063,0.01070601754040398,0.004565722529773876
2457352.5,553415.5484989445,168193.2193690645,46834.8803479964,0.002137209512192223,0.01077393286214671,0.004600137823499853
2457362.5,555187.4444773913,177529.5138747537,50823.55384983595,0.001963380581913232,0.01083692391908467,0.00463250485498719
2457372.5,556806.7713133777,186917.6636840422,54839.08388368099,0.001784377741875707,0.01089384154079929,0.004662233208847242
2457382.5,558270.0219454026,196352.3266523862,58879.11647828935,0.001602471753449105,0.01094479394113833,0.0046893191701606
2457392.5,559575.2294141288,205829.2539814379,62941.86353296648,0.001418131687733426,0.01099218013846952,0.004715147318871226
2457402.5,560718.2064550282,215345.652256747,67026.66235244246,0.001225971876284801,0.01103506763573757,0.004739897473294758
2457412.5,561691.8754509401,224894.1752967748,71130.80503253247,0.001027690813552281,0.01106568355088967,0.004759322892678296
2457422.5,562494.739163124,234463.6386725956,75249.00787986955,0.0008315382369728229,0.01108414579360386,0.004772672596756684
2457432.5,563130.3248744681,244045.098431998,79376.68180500073,0.0006407172196914408,0.01109394702995792,0.004781482659051408
2457442.5,563603.7201812427,253632.1923174924,83510.44176035919,0.0004562145144994854,0.01109752867450674,0.004786922635790855
2457452.5,563920.6703718858,263220.3904715445,87647.77260545029,0.0002786807317938428,0.01109681713214607,0.00478989327708002
2457462.5,564087.4745863222,272806.8424306414,91786.93663930778,0.0001087638311923611,0.01109388052341959,0.004791350253688488
2457472.5,564110.9286029411,282390.8503063454,95927.21763196692,-5.320634307548354e-05,0.01109183875664415,0.004792831266442139
2457482.5,563996.9992377487,291975.1529098786,100069.7368674271,-0.00021043224756028,0.01109520320314965,0.004796979345107102
2457492.5,563746.0491006407,301564.5125968733,104217.1934763014,-0.0003714505986144182,0.01110223842573589,0.004803658120934712
2457502.5,563354.372229394,311158.8167083724,108370.0277949696,-0.0005350943553088433,0.01110622793683043,0.004809077583728041
2457512.5,562821.9643940174,320755.5476026064,112526.9501395382,-0.0006969898578864563,0.0111083567402347,0.004813357246629408
2457522.5,562150.3736564568,330354.1586138604,116687.5224441067,-0.0008575173125459464,0.01111077604347874,0.004817653405404015
2457532.5,561340.1372671463,339955.1911893794,120851.978680939,-0.001018156144479875,0.01111394110689834,0.004822363088459835
2457542.5,560390.6622739835,349559.1495102354,125020.6655423248,-0.001179939072299403,0.01111745305829234,0.004827415717231173
2457552.5,559300.798094582,359166.1177554663,129193.8086078156,-0.001343104011074307,0.01112089063472424,0.004832680162045
2457562.5,558069.4166945764,368776.2287078967,133371.7298437463,-0.001507633887825195,0.01112503701417702,0.004838671039517312
2457572.5,556694.2040377519,378390.9496637894,137555.6811129853,-0.001677303130861588,0.0111315212905782,0.004846767829853127
2457582.5,555167.5738330372,388010.4268573743,141746.8614292839,-0.001858297686062934,0.01113423409309199,0.004854474137436404
2457592.5,553481.4796023255,397627.6832391878,145942.819562881,-0.002044936000000039,0.01112612476365281,0.004857554539430758
2457602.5,551634.1103726348,407233.6036581894,150139.4117000594,-0.00223106341129239,0.0111083756553953,0.004856102578413134
2457612.5,549626.9809154808,416820.6875663089,154333.0849738737,-0.002414495512950547,0.01108272443741279,0.004850887723002942
2457622.5,547463.0775436161,426382.5719122298,158520.7827167761,-0.002593699049767754,0.0110502050799685,0.004842329676839241
2457632.5,545146.782810543,435913.7904981545,162699.7855881966,-0.002766943691406074,0.01101197729152345,0.004830848735908199
2457642.5,542684.0682146767,445410.1828941388,166867.8697500758,-0.002932323247806132,0.01097004530767853,0.004817251748248532
2457652.5,540082.3084764865,454870.0761941451,171023.9188073177,-0.003088946243746376,0.01092834855688374,0.00480344217795922
2457662.5,537347.5278679508,464295.6795637942,175168.9206536913,-0.003241708104923279,0.0108907412046961,0.004791842966250579
2457672.5,534480.065677582,473688.9674493026,179304.1916648377,-0.003395823583886526,0.01085225872882396,0.004780174316122425
2457682.5,531480.8126098034,483047.3202457908,183428.3847199029,-0.003545787846348999,0.0108103134856576,0.004766301221555069
2457692.5,528354.9236735285,492369.3012237959,187540.1836177869,-0.003688991841731373,0.0107686883919414,0.00475179024542942
2457702.5,525107.849214274,501656.523462821,191639.7155119876,-0.003826602186834898,0.01073017695043773,0.004738081035016957
2457712.5,521743.6436047278,510912.3579786245,195728.0499397267,-0.00396042606535214,0.01069619751659525,0.004725966673187458
2457722.5,518264.8485735212,520141.0900976368,199806.7835539726,-0.004092098626997225,0.01066755881550089,0.004715928861432717
2457732.5,514672.7377698385,529347.708592345,203877.9339363152,-0.004222952113116277,0.01064525333083206,0.004708557317668892
2457742.5,510967.1525324887,538538.5779805351,207944.3547054116,-0.004355564600341673,0.01063159351703507,0.004705324568644713
2457752.5,507143.3722408295,547721.717535295,212010.253222085,-0.004498326609694701,0.01062647564007427,0.0047070683438564
2457762.5,503189.7561640306,556900.8157800972,216078.2847121225,-0.004655489835628854,0.01062065948376363,0.004709371695711242
2457772.5,499096.2230291416,566072.8176662558,220147.4311848051,-0.004821440429746947,0.0106100948643458,0.004709620224158308
2457782.5,494856.3921247713,575233.8471835421,224215.9864219975,-0.00499408504545111,0.01059525730127289,0.004708028423634084
2457792.5,490464.5586253773,584379.9823215388,228282.319226393,-0.005173250954148633,0.01057539706533983,0.00470439101734441
2457802.5,485915.338251466,593506.2566565131,232344.4017224085,-0.005358202044176276,0.01054902786243695,0.004698072107353109
2457812.5,481204.4144232929,602606.4526238913,236399.632664716,-0.005547186991392492,0.01051488613649381,0.004688453924138691
2457822.5,476329.3759111707,611673.7206086589,240445.0774822267,-0.005737672132786958,0.01047299693339843,0.004675512734638587
2457832.5,471289.5820259817,620702.2509511247,244478.3567599305,-0.00592893258367685,0.01042570678645475,0.004660622809442259
2457842.5,466082.4054763719,629687.6053133504,248498.1810864576,-0.006126005091146918,0.01037193288158453,0.004643880761134445
2457852.5,460702.7777134857,638620.7305311323,252501.1590073636,-0.006326557964102189,0.01030400065220755,0.00462104598660225
2457862.5,455151.6700258199,647488.9484584386,256481.3993950109,-0.006521946544252686,0.01022233214676192,0.004591492258038195
2457872.5,449435.3803300631,656282.0599283152,260433.7973120507,-0.006708618633994998,0.01013068756583533,0.004556848695161203
2457882.5,443562.0751796527,664992.7118413458,264354.5421181229,-0.006885236847210867,0.01003186137486031,0.00451840694517024
2457892.5,437540.8575167357,673615.7282838761,268240.8156877192,-0.007050862544927038,0.00992822135174003,0.004477228485205082
2457902.5,431381.5962060759,682148.024851737,272090.7306941781,-0.007204647878596143,0.00982234578366266,0.004434462650201898
2457912.5,425094.7825637081,690589.136633665,275903.6026783747,-0.007346179816372337,0.009717923517157143,0.004391873695842373
2457922.5,418690.0733271487,698942.5340199876,279680.7884875608,-0.007478766886954747,0.009620022997885893,0.004352336187280837
2457932.5,412171.399704176,707214.121646893,283425.3853880769,-0.007611042898648404,0.009527317129067663,0.004315858685312605
2457942.5,405538.6051208623,715405.3590405561,287138.3895595453,-0.007741886139045783,0.00943373041822835,0.004278910725336551
2457952.5,398795.0270657311,723515.8864625863,290819.3247174574,-0.007867341784456718,0.00934107542133066,0.004241900428104888
2457962.5,391945.1391480838,731547.7800830706,294468.7795148243,-0.00798830483055572,0.009251977502039677,0.004206200158158646
2457972.5,384991.9285584238,739504.5862690534,298088.1903874843,-0.008106850234826903,0.009167303362379009,0.004172399716626913
2457982.5,377936.6905652204,747390.1351703949,301679.2613838399,-0.00822471611429751,0.009086979817972166,0.004140591691354106
2457992.5,370779.5080920226,755208.0694026237,305243.6983255334,-0.008342948190539693,0.009010793730140666,0.004110764350111285
2458002.5,363519.7464404245,762962.2010640805,308783.3845611843,-0.008462438745214093,0.008939594660509165,0.004083498991604469
2458012.5,356154.7442880057,770657.639739607,312301.1531028293,-0.00858798775512682,0.008874822831051878,0.004060134043525759
2458022.5,348675.7435311141,778297.8540277119,315799.6670172919,-0.00872658223069344,0.008809869142858001,0.004037962895841934
2458032.5,341072.9363983038,785878.7888422858,319277.7733059677,-0.00887321318598531,0.008737266657246738,0.004012593906396404
2458042.5,333342.1084188677,793393.8098631748,322732.4644753013,-0.009022478509461718,0.008657538823860436,0.003983866821233561
2458052.5,325481.8178093485,800837.2221321721,326161.0480881843,-0.009172702075992887,0.00857155608785303,0.00395218373809904
2458062.5,317491.7670921659,808203.6839616783,329560.9894291865,-0.009322604101091708,0.00847941564378682,0.003917554235842615
2458072.5,309372.9411828549,815487.9311966539,332929.7283561433,-0.009470465052189776,0.008381326046791858,0.003879973089985984
2458082.5,301128.0061788539,822685.1973938996,336264.835480231,-0.009614158361002241,0.00827838222770053,0.003839833408162247
2458092.5,292761.3040690875,829792.4558157419,339564.6473011723,-0.009752398415961448,0.008173705189763918,0.003798664546125452
2458102.5,284276.211592396,836809.8697987583,342829.2872117372,-0.009889566430223661,0.008070334948134682,0.003758509991799601
2458112.5,275671.0280662757,843736.673827301,346058.8678578027,-0.01002994732751525,0.007962601882440036,0.00371672633345677
2458122.5,266945.472836961,850567.0993215619,349250.6232426927,-0.01016707268910332,0.007847638520735344,0.003671035264401149
2458132.5,258104.3009350739,857296.3544391011,352401.7169273109,-0.01029745084796228,0.007729005449310984,0.003622891700037024
2458142.5,249153.3709365825,863922.55736903,355510.6778898564,-0.0104212675959746,0.007609420052350024,0.003573680034649446
2458152.5,240098.0043781104,870445.6086353752,358576.9703240213,-0.01053933671075794,0.007490433683779609,0.003524233047544646
2458162.5,230942.8491918956,876866.526126607,361600.660943513,-0.0106523536002486,0.007373190418081062,0.003475166793790812
2458172.5,221692.0539332094,883187.4050830797,364582.3936681511,-0.01076082194484273,0.007259211475586895,0.003427298395929664
2458182.5,212348.9697861625,889412.2481421368,367523.8832579511,-0.01086670059127815,0.007151496519285224,0.003382410763667841
2458192.5,202912.8104159677,895547.308969151,370428.4690158189,-0.01097797685756374,0.007050597901350369,0.003341634349413859
2458202.5,193376.2470695845,901595.0960574073,373298.1884350458,-0.01109843833825861,0.006948063156429617,0.003300887308810987
2458212.5,183733.7633946318,907552.1803176658,376131.7695372144,-0.01122242597991333,0.00684083203876501,0.003258023752011178
2458222.5,173983.4211259226,913415.0863235426,378927.6245493453,-0.01134810807767405,0.006730175394984067,0.003213641581404102
2458232.5,164123.6749163106,919180.9212864218,381684.5431877956,-0.01147570584124884,0.006616011842782502,0.00316785791468821
2458242.5,154152.9018086168,924846.2699589194,384401.1726551115,-0.01160500609860303,0.006497388771350606,0.003120299995995938
2458252.5,144070.0553443463,930406.8583268728,387075.7832198658,-0.0117348616551256,0.006373415267606044,0.003070540357711558
2458262.5,133875.4573458637,935858.0335514843,389706.4446472292,-0.0118633721028853,0.00624433320670674,0.003018674087686525
2458272.5,123570.6411100239,941196.3041583223,392291.8551080397,-0.01199047852536753,0.006112540862056552,0.002966120225629375
2458282.5,113154.6013965475,946419.4738571538,394831.7791858479,-0.01212175588940596,0.005976723687657634,0.00291286624382872
2458292.5,102623.6037091797,951520.5300290879,397323.7702153514,-0.01225505483123297,0.005829067178611517,0.002854583735303764
2458302.5,91979.75183662046,956488.7809427415,399762.8492860477,-0.0123820424643786,0.005669922937966662,0.002790615791959237
2458312.5,81230.22510823404,961315.8864747977,402144.7615055751,-0.01249939069937169,0.005502853478886268,0.00272248737115719
2458322.5,70383.94260525728,965996.1888592792,404466.4539066156,-0.01260585053970146,0.00533048593263315,0.002651388961649556
2458332.5,59450.71548959311,970526.0899686605,406725.789340671,-0.01270050564862816,0.005155084226512676,0.002578306709431025
2458342.5,48441.11580576788,974904.0223264105,408921.509283678,-0.01278250315279272,0.004979190492263203,0.002504345399398743
2458352.5,37366.33935748499,979131.0382721158,411053.535438821,-0.01285144317135522,0.004806530610294153,0.0024312626196113
2458362.5,26236.69500581879,983212.1731931198,413123.8363872608,-0.0129107539914526,0.004642218508856439,0.002361938810481718
2458372.5,15056.66695596486,987154.876089759,415136.0926277328,-0.01296910276714212,0.004484851499538245,0.002296312331713726
2458382.5,3826.712641428208,990962.1777826366,417091.8621915727,-0.01302529518986789,0.004328543134717889,0.002230911513528689
2458392.5,-7449.298728283421,994635.493175247,418991.3177485569,-0.0130756202107439,0.004175301535622458,0.002166239578681881
2458402.5,-18766.60115109804,998178.7773950478,420835.748166771,-0.01312125486160689,0.004027824161276923,0.002103703866065112
2458412.5,-30122.1664062687,1001597.50394475,422627.3152150206,-0.01316458331630478,0.003887018664374161,0.002043919575840599
2458422.5,-41514.94944347059,1004897.446198642,424368.4652792599,-0.01320770945630996,0.003752803127798158,0.001986991192396793
2458432.5,-52945.45647811164,1008084.151476886,426061.6469440415,-0.01325209603770944,0.003624880882100849,0.001932894837496988
2458442.5,-64415.29351799953,1011163.22648487,427709.4637358465,-0.0132991078947706,0.003503925812988052,0.001882170478897725
2458452.5,-75928.5386643376,1014141.352005088,429315.4061790752,-0.01335409263142391,0.003391000365781243,0.001836032825132659
2458462.5,-87495.76031568265,1017023.111633752,430882.6190826699,-0.01342432091088966,0.003278872634421558,0.00179151382760991
2458472.5,-99128.7106866994,1019805.088945303,432410.2362248023,-0.01350492152004989,0.00315960379639265,0.001744047777140504
2458482.5,-110833.7191434227,1022480.826665304,433895.3722812164,-0.01359068693461652,0.003033069734656023,0.001693233486448027
2458492.5,-122614.4064033309,1025044.176069057,435335.207994292,-0.01367987782064801,0.002899366388261419,0.001639155522621064
2458502.5,-134473.0810577398,1027488.675312382,436726.8030982479,-0.01377089543626707,0.002757835712933502,0.001581502217688097
2458512.5,-146410.3935767146,1029807.319442107,438066.923845606,-0.01386147341763311,0.002608015069770508,0.001519973667608137
2458522.5,-158424.7536792711,1031993.080454063,439352.2345835012,-0.01394874519943013,0.002450476002462678,0.001454724416451753
2458532.5,-170512.2008021112,1034040.302050677,440579.9945769233,-0.01403057999264137,0.002288013483365887,0.00138712894392912
2458542.5,-182669.0055142882,1035946.293497411,441749.1390543393,-0.01411049194319279,0.00212344083097786,0.001319108808756466
2458552.5,-194895.6553872499,1037707.286624409,442858.4911846041,-0.01419161157617763,0.001951056477934899,0.00124794977549682
2458562.5,-207190.2266319102,1039314.706399223,443904.043244091,-0.01426644924122714,0.001768431497223837,0.001171541455945474
2458572.5,-219545.0102800764,1040761.373767623,444881.885534409,-0.01433073969870991,0.001579628844449182,0.00109153877203056
2458582.5,-231950.5540450102,1042043.495869606,445789.6602212889,-0.01438396819675887,0.001387983325544041,0.001009568014550221
2458592.5,-244397.3953477061,1043159.656762869,446626.1812846088,-0.01442639223885494,0.001195799184473759,0.0009267659984869899
2458602.5,-256876.3415568088,1044110.25211176,447391.1494144576,-0.01445833249140877,0.001005068178289561,0.000844100036774685
2458612.5,-269378.4606742278,1044897.516379576,448085.1619934969,-0.01448011907157739,0.0008182222219420569,0.0007627743687340348
2458622.5,-281895.5731151855,1045526.392406599,448710.2335003907,-0.01449379523433801,0.0006391886013254761,0.0006849800882836381
2458632.5,-294423.8247738513,1046004.816475678,449270.3311429304,-0.01450765070724709,0.0004692760660659034,0.0006121764134522875
2458642.5,-306966.1240388131,1046337.600603548,449768.379696739,-0.01452568601832678,0.0003008048290697119,0.000540603554101866
2458652.5,-319523.8815826279,1046524.364854338,450204.3269715278,-0.01454282756972717,0.0001315818171728907,0.0004685252709168896
2458662.5,-332095.5669942167,1046565.315085699,450578.1110223936,-0.01455806519174634,-3.652815980687916e-05,0.0003968309066930043
2458672.5,-344679.9941464015,1046461.669565262,450890.2606384075,-0.0145725063190296,-0.0002031943466617218,0.0003258467080028817
2458682.5,-357276.8506532982,1046214.406476556,451141.3117382136,-0.01458689086283358,-0.0003691319537712397,0.0002553353425557159
2458692.5,-369886.0865315407,1045823.767811457,451331.5047472515,-0.01460105191489508,-0.0005351865594712869,0.0001849215793089411
2458702.5,-382507.1250759464,1045289.574963355,451460.8891066037,-0.01461405205090004,-0.000701255051855617,0.000114671880264949
2458712.5,-395139.0036213257,1044612.611660511,451530.0837619602,-0.01462678515014115,-0.0008652746934351154,4.589084995262609e-05
2458722.5,-407784.0757779627,1043794.531157016,451540.6065924332,-0.01464559782305261,-0.001029211705431361,-2.171640469413348e-05
2458732.5,-420447.8916444531,1042831.596491144,451491.5016138023,-0.01466870745403172,-0.001201463958824116,-9.27484861016217e-05
2458742.5,-433130.5010168286,1041715.938550036,451379.0830995194,-0.01468821887463384,-0.001382229832817933,-0.0001680927886376209
2458752.5,-445827.2057658247,1040441.488063236,451200.149042216,-0.01470107940032634,-0.001568644978683765,-0.0002465398473294274
2458762.5,-458531.708675434,1039004.256038297,450952.4208564595,-0.01470610351680131,-0.00175876279540142,-0.0003272194556190346
2458772.5,-471236.808365918,1037401.749525032,450634.2675571832,-0.0147022907891933,-0.001950940950398516,-0.0004094443114324298
2458782.5,-483934.4190132252,1035632.99953622,450244.6911862258,-0.01468859149888387,-0.002143186107116177,-0.0004923776339060766
2458792.5,-496615.626105173,1033699.22010435,449783.6600577565,-0.01466433904628358,-0.002332232939755206,-0.0005744871197913388
2458802.5,-509272.1736204422,1031605.235671332,449253.0095349594,-0.01463270999413788,-0.002513396331210795,-0.0006530965690585838
2458812.5,-521901.364126199,1029357.869463777,448656.0827636714,-0.0146019300420863,-0.002688587318181106,-0.0007285316156273534
2458822.5,-534504.0159532345,1026959.206696863,447993.9236263066,-0.01457016843039581,-0.002863873395203208,-0.0008043711570679228
2458832.5,-547077.090549725,1024409.628570333,447266.146028058,-0.01453329821190251,-0.003037350311083084,-0.0008801537482116432
2458842.5,-559616.2814506707,1021711.945396085,446473.4314586226,-0.01449202855533531,-0.003206443097364255,-0.000954529151134424
2458852.5,-572118.5919525119,1018870.420068895,445617.3032693679,-0.01444823376676799,-0.003370268377077734,-0.001026892931897691
2458862.5,-584582.5716063832,1015889.639570248,444699.5831491356,-0.01440352254292251,-0.003528829035805969,-0.001097098457346871
2458872.5,-597007.9117732081,1012774.075301077,443722.1535089039,-0.01435891066314082,-0.003682245752039164,-0.001165076358923225
2458882.5,-609395.055381413,1009528.449794527,442687.1544072532,-0.01431541770063278,-0.003829581051445362,-0.001230143203559028
2458892.5,-621746.695270426,1006158.790631935,441597.7431179312,-0.01427821879563503,-0.003969540539496226,-0.001290947620322748
2458902.5,-634071.8439311907,1002669.167798227,440456.8111838367,-0.01425429237899807,-0.004109211395293961,-0.001350387695379069
2458912.5,-646380.4209636684,999055.8932655193,439263.3564964591,-0.01423853714118218,-0.004256121011098809,-0.00141281713048145
2458922.5,-658676.8718641776,995312.5675528051,438014.5397839419,-0.01422579637786504,-0.004410100110218754,-0.00147846489172305
2458932.5,-670962.9758896359,991433.28985159,436707.7004294796,-0.01421436284889083,-0.004570878093850582,-0.001547144542646802
2458942.5,-683239.2168259056,987411.9813146635,435340.133232703,-0.01420264738441354,-0.004738971757466652,-0.001619090659173006
2458952.5,-695504.4196890751,983242.1318770269,433908.8977119054,-0.01418837051702281,-0.004914723548626722,-0.001694544527123414
2458962.5,-707755.1442561499,978917.3111240662,432410.9977512658,-0.01416862273494201,-0.005097438985291539,-0.001773300337173854
2458972.5,-719985.5408269612,974432.5782062322,430844.0795716365,-0.0141412391411612,-0.00528417415804497,-0.00185392438810165
2458982.5,-732189.9867236732,969786.0640037603,429207.503783878,-0.01410973485482322,-0.00547205241706029,-0.001934485878105829
2458992.5,-744366.9701028804,964974.848846835,427500.4973162959,-0.01407695929126559,-0.005666687448295813,-0.002017714416490656
2459002.5,-756512.3241917081,959991.4340619058,425719.520324624,-0.01403525088497795,-0.005870116948468541,-0.002105570894308736
2459012.5,-768616.0514087445,954830.0295782385,423861.2537220356,-0.01398034521730182,-0.006077968391364682,-0.002196284677440671
2459022.5,-780666.4001798766,949488.4903039775,421924.0212501906,-0.013911706180811,-0.006286595736162663,-0.002288122391433075
2459032.5,-792651.6013724238,943967.3385351202,419907.4209312042,-0.01382960392113441,-0.006493334913198406,-0.002379816797188617
2459042.5,-804560.1928470982,938269.2355515775,417812.0594456276,-0.01373443496425239,-0.006695797968459614,-0.002470249210979812
2459052.5,-816381.0723733252,932399.037387406,415639.579938565,-0.01362668838019599,-0.006891125165694783,-0.002558042502007871
2459062.5,-828104.0838906458,926364.6870383006,413393.2013048729,-0.01350871341793885,-0.007074953414589078,-0.002640816136994649
2459072.5,-839723.7301258622,920177.4410104704,411078.2349430207,-0.01338921718237599,-0.007245699073571516,-0.002716997701349742
2459082.5,-851241.5557341968,913845.6518735621,408699.029773799,-0.01327244301659348,-0.007410712713116469,-0.002790223144916202
2459092.5,-862657.9221084503,907372.857011527,406257.1255507513,-0.01315387162664231,-0.007571731408586036,-0.002862002988303511
2459102.5,-873970.8341399061,900763.4747183531,403754.2072137728,-0.01303322846489751,-0.007726662898048423,-0.00293132079761817
2459112.5,-885179.2901401303,894023.0690332022,401192.6312130183,-0.01291239272199017,-0.007875085305654995,-0.002997783958002672
2459122.5,-896283.8532498587,887156.9852784387,398574.7955135066,-0.01279293099241656,-0.008017761444993249,-0.003061619124364707
2459132.5,-907286.0776365536,880169.7199400297,395902.7822472888,-0.01267552898386661,-0.00815575354257602,-0.003123261164445796
2459142.5,-918187.7229164874,873065.0850122137,393178.3986034971,-0.01256008655806609,-0.008289352204440737,-0.003182777947331173
2459152.5,-928990.8787481986,865847.4322661854,390403.8708810288,-0.01244832036339032,-0.008417095792825532,-0.003239086924540114
2459162.5,-939701.6062371159,858521.3188772192,387582.0605101,-0.01234719002931362,-0.008541887565979844,-0.003292880337616561
2459172.5,-950329.4760591815,851085.0863281722,384712.9918561152,-0.01225508172679382,-0.008673007002340668,-0.003349145302400164
2459182.5,-960878.700798378,843532.223871255,381793.6557349873,-0.01216427493236412,-0.008811520128134133,-0.003409127134268403
2459192.5,-971348.8060712366,835857.1964461978,378821.1764460982,-0.01207163699293044,-0.008955568325220074,-0.003472056493425393
2459202.5,-981737.5103580503,828055.6959006751,375793.2210905213,-0.01197559343539441,-0.009104154873836857,-0.003537493253762318
2459212.5,-992041.183230039,820124.1414627976,372707.7523333419,-0.01187451203571043,-0.009256458923131584,-0.003605130854583856
2459222.5,-1002254.67695101,812059.8385214151,369563.0665658974,-0.01176651865855998,-0.00941113452971964,-0.003674440729804424
2459232.5,-1012371.243259066,803861.8070804717,366358.2001210413,-0.01165000104714272,-0.009565347830453104,-0.003744102650810543
2459242.5,-1022383.968453455,795532.3910262446,363093.9135973786,-0.01152719047740194,-0.009714670986651457,-0.003811571668972156
2459252.5,-1032290.637705135,787075.7319478284,359772.3617410907,-0.01140519797743688,-0.009861196930855631,-0.003877299156625633
2459262.5,-1042091.490498068,778491.2633589039,356393.3722466337,-0.0112809653325825,-0.01001069695185621,-0.003944767224369215
2459272.5,-1051782.000745875,769777.0920504071,352955.4967331299,-0.0111494704482662,-0.01016077270328911,-0.004013301752072433
2459282.5,-1061355.648986999,760934.2063741601,349458.545530664,-0.01101062027576906,-0.01030827025307615,-0.00408131109773501
2459292.5,-1070806.582196079,751965.6188392981,345903.4110894231,-0.01086561826680165,-0.01045156332568687,-0.004147875039280605
2459302.5,-1080129.997212705,742875.3668934746,342291.5858681585,-0.01071560225890887,-0.01058978347511832,-0.004212467709383633
2459312.5,-1089321.924940766,733668.1636628651,338624.971153741,-0.01056135138834599,-0.01072209839535907,-0.004274596023430126
2459322.5,-1098379.058705371,724349.8158883195,334906.1054149797,-0.01040392714212289,-0.01084658400538632,-0.004333125375685065
2459332.5,-1107300.523666272,714928.2540981302,331138.9247843983,-0.01024887516313151,-0.01096108209049308,-0.004386298739339372
2459342.5,-1116092.118209819,705410.0896923541,327327.3922338616,-0.01010354916266921,-0.01107201342267397,-0.004436721072986777
2459352.5,-1124760.89795466,695794.8124645163,323471.8646594507,-0.009963395866622581,-0.01118611023959657,-0.00448836686603517
2459362.5,-1133309.094654362,686079.7927886759,319571.1591439308,-0.009824146945904196,-0.01130268490169592,-0.004541192510929931
2459372.5,-1141737.05277243,676263.2163967341,315624.4426189855,-0.009684989444491076,-0.01142122495588499,-0.004594874695203713
2459382.5,-1150044.580471379,666343.2151423063,311630.9153413429,-0.009545193734376092,-0.01154219767444556,-0.004649602321371041
2459392.5,-1158230.541670378,656317.4569726546,307589.5456997781,-0.00940326671978854,-0.01166606568616862,-0.004705652533178075
2459402.5,-1166292.167418403,646183.5270888334,303499.1863829672,-0.00925697219173081,-0.01179238089342679,-0.004762918404219838
2459412.5,-1174224.814087,635940.2525220775,299359.2296534096,-0.00910472046601341,-0.01191852299594419,-0.004820102790845762
2459422.5,-1182024.53460248,625589.1949827531,295170.6353483775,-0.008950511301367267,-0.01204209989212198,-0.00487549654512342
2459432.5,-1189691.747313736,615130.401763103,290934.000018927,-0.008797268468536243,-0.01216921922071922,-0.004932091964718325
2459442.5,-1197224.231859644,604559.0568521394,286646.9992171266,-0.008637403254527323,-0.01230213085032479,-0.004991959050529982
2459452.5,-1204614.052101576,593871.8423028579,282307.4262358688,-0.008466781449243992,-0.01243675484030656,-0.005053472732049032
2459462.5,-1211851.57689375,583068.8313843413,277914.5849867839,-0.008284880668674522,-0.01256971727578255,-0.005115047399059778
2459472.5,-1218927.145208607,572152.5608448121,273468.9394504688,-0.008091938810435934,-0.01269855481231719,-0.005175531867315028
2459482.5,-1225831.370425984,561127.5600004235,268971.8752559308,-0.007888313307700848,-0.01282101943618507,-0.005233893228109418
2459492.5,-1232555.197810007,550000.4560437016,264425.7534470439,-0.007674473134769072,-0.01293433584856504,-0.005288809202819296
2459502.5,-1239090.531038228,538780.9089086677,259834.4766158718,-0.007452832233605517,-0.01303419525987798,-0.005337928736617572
2459512.5,-1245434.027861583,527481.7978372906,255203.9939227861,-0.007232202872112931,-0.01311920624943563,-0.005379776476830144
2459522.5,-1251589.365999369,516112.9311427625,250539.1974157808,-0.007016688983552728,-0.01319681842136778,-0.005418057441302184
2459532.5,-1257558.995585594,504679.3234969264,245842.1776134211,-0.006801873086001729,-0.01326870634939985,-0.005454234517802875
2459542.5,-1263343.167631654,493186.8483072192,241115.1808706096,-0.006587681100920865,-0.01333288661160969,-0.005487317695157107
2459552.5,-1268943.28161065,481642.3996146807,236361.0875897914,-0.006376157135491535,-0.01338910554959447,-0.005516966937859168
2459562.5,-1274362.441832639,470052.4894213841,231582.7691077543,-0.00616902823037678,-0.0134383388193928,-0.005543474561936218
2459572.5,-1279604.877729001,458422.5720824377,226782.7158841034,-0.005967126593148062,-0.01348192028865642,-0.00556736106722181
2459582.5,-1284675.138244848,446757.1579172685,221963.0608313168,-0.005770469518842335,-0.01352046797408942,-0.005588798904959807
2459592.5,-1289578.201239069,435060.9854329919,217126.2559718885,-0.00558089237216185,-0.01355293128797836,-0.005606841009251449
2459602.5,-1294323.077875603,423338.5513281562,212275.2233118021,-0.005405302219762862,-0.01358283729491523,-0.005622434664138832
2459612.5,-1298922.057336056,411587.6357345468,207409.8324201619,-0.00524166695230066,-0.01361991308362502,-0.005640757431110748
2459622.5,-1303381.74834577,399800.8625391737,202526.8048418121,-0.005081952306735149,-0.01366556539729837,-0.005663173865199743
2459632.5,-1307703.759201131,387971.5003814541,197622.8678202861,-0.004922572327548516,-0.01371832892084669,-0.005689079468524459
2459642.5,-1311887.419195992,376093.7497184351,192695.1608673423,-0.004761329072469363,-0.0137774813016319,-0.005718162664355511
2459652.5,-1315930.126601146,364162.3710876524,187741.0344065982,-0.004595876989578439,-0.01384231128031376,-0.005750182327861825
2459662.5,-1319827.128562495,352172.9935443034,182758.1469173961,-0.004423597829590012,-0.01391140194041393,-0.005784602322473614
2459672.5,-1323571.440109203,340123.1039012871,177744.9383907222,-0.004242177645366775,-0.01398165952090592,-0.005820012651995833
2459682.5,-1327155.365856181,328013.7986697198,172701.6793232798,-0.004053301116871642,-0.01404828628900241,-0.005853727843753181
2459692.5,-1330575.45148738,315848.2742020622,167630.1377653667,-0.003863492345915004,-0.01411302196003602,-0.005886095151610197
2459702.5,-1333830.142518427,303625.4628844105,162529.9046547253,-0.003669107716096901,-0.01418092542760255,-0.005920321666750127
2459712.5,-1336912.797445959,291343.643825406,157399.5744452756,-0.003464937640405914,-0.01424883523677293,-0.005955408102799586
2459722.5,-1339814.680088847,279004.5999701084,152239.2610543421,-0.003250818466632921,-0.01431289452649127,-0.005989472606417546
2459732.5,-1342527.706391806,266612.7549030941,147050.4157606717,-0.003028000503883718,-0.01437075270883088,-0.006021292693785719
2459742.5,-1345044.946211602,254174.1853262774,141835.3550533547,-0.002797817371776116,-0.01442081620597985,-0.006050032646953431
2459752.5,-1347360.539089953,241696.2619828645,136597.0720505585,-0.002561398962546358,-0.0144615491330217,-0.00607489012235989
2459762.5,-1349469.664853479,229188.0421639702,131339.4629174612,-0.00232034069555796,-0.01449036410282139,-0.00609442579258135
2459772.5,-1351370.498606139,216661.2246570227,126068.0660626565,-0.00208094891451175,-0.01450460776338445,-0.006106642975981963
2459782.5,-1353068.535753356,204126.5021437205,120788.5932455076,-0.00185124606264501,-0.01451041302366961,-0.00611402239605321
2459792.5,-1354571.102753914,191587.7566387866,115503.2938304366,-0.0016274538169785,-0.01451409301300914,-0.006120324379267201
2459802.5,-1355881.521389484,179047.0209326801,110213.0340585157,-0.001406359036863622,-0.01451480724182598,-0.006125391557986235
2459812.5,-1357002.132670266,166507.1518987083,104919.0687629769,-0.00118817576402911,-0.01451215018239393,-0.006128912056931394
2459822.5,-1357935.606947828,153970.7784652694,99622.6385834595,-0.0009731493353042343,-0.01450688335701695,-0.006131172178403072
2459832.5,-1358684.479415128,141439.7330422973,94324.6319339661,-0.0007606766218781531,-0.014499942506568,-0.006132629548720754
2459842.5,-1359250.368016492,128915.2889522175,89025.63330888885,-0.0005492824111660984,-0.01449150179728879,-0.006133429235690845
2459852.5,-1359633.615694579,116399.3750658928,83726.52597099889,-0.0003380122006909895,-0.01447967375853807,-0.006132577922009313
2459862.5,-1359835.764156009,103895.9476125523,78429.46170773721,-0.0001313613632178773,-0.01446299825455505,-0.0061287733388532
2459872.5,-1359862.955726377,91406.58629522714,73135.8336415219,6.772776665302218e-05,-0.01444854885055461,-0.006125467601304516
2459882.5,-1359718.631994459,78927.30487094638,67843.7841697517,0.0002669012817624813,-0.01443928449465636,-0.006125049730230018
2459892.5,-1359400.478507751,66454.97040092113,62551.28546396447,0.0004703939614468971,-0.01443192089562483,-0.006126255935246743
2459902.5,-1358904.301207588,53989.15856255823,57257.50336288443,0.0006790479072209258,-0.01442384314154217,-0.006127859060421917
2459912.5,-1358225.530315482,41531.29750237281,51962.47260482513,0.000893096329774281,-0.01441324058630838,-0.006129021347619406
2459922.5,-1357359.413355008,29084.29395672181,46666.90131112187,0.001112764031705502,-0.01439840022943059,-0.006128969865708945
2459932.5,-1356300.989676946,16652.74725377951,41372.27521293728,0.00133824256682189,-0.01437694613916504,-0.006126577802012056
2459942.5,-1355045.678636473,4244.005963436993,36081.48405495074,0.001567777397573747,-0.01434483616722274,-0.006119620668898548
2459952.5,-1353593.092623403,-8131.587766276021,30799.3562903139,0.001793243643089548,-0.01430095856756267,-0.006106764413178452
2459962.5,-1351949.138623305,-20466.94058790465,25529.55840752062,0.002011503864514338,-0.01425279733428431,-0.006091761192859963
2459972.5,-1350117.736702475,-32759.60924672105,20273.0104848426,0.002227698592198629,-0.01420174586165184,-0.006075938289972786
2459982.5,-1348100.064164888,-45006.05313707694,15030.90585750281,0.00244249070960868,-0.01414554286424908,-0.00605817187858967
2459992.5,-1345897.954152706,-57201.42989069156,9805.20433789262,0.002654373052342028,-0.01408355130060482,-0.006037942312798858
2460002.5,-1343514.533090641,-69340.90053786748,4598.035395524927,0.00286202530121747,-0.01401626051928184,-0.006015310506302688
2460012.5,-1340953.770856338,-81420.23489980017,-588.6368781508229,0.003064857138168288,-0.01394445887857212,-0.005990532754673652
2460022.5,-1338219.825998646,-93435.6643269444,-5752.969689060445,0.003262907301484899,-0.01386819941041733,-0.005963501258128286
2460032.5,-1335317.336545278,-105382.7195016211,-10892.56176802643,0.003454158088465246,-0.01378593017200332,-0.005933008127537468
2460042.5,-1332255.192791109,-117256.8446255342,-16004.369100584,0.003631457104397204,-0.01370092763297903,-0.005899873340214518
2460052.5,-1329045.687461514,-129059.980699763,-21088.29863754032,0.003796730423992281,-0.01362258404746581,-0.005869118712977578
2460062.5,-1325695.647705226,-140798.9166733777,-26147.24761044942,0.003957617797749129,-0.01355201892123412,-0.005841947585477811
2460072.5,-1322207.256942271,-152479.6621885615,-31184.02620361469,0.004117323876362229,-0.01348771461269584,-0.005817718350872522
2460082.5,-1318580.703285773,-164107.2913453507,-36201.02579475908,0.004277766164887492,-0.01342897879493232,-0.005796133615018161
2460092.5,-1314814.450187873,-175686.3620179426,-41200.45126555802,0.004441092117942229,-0.01337516680160588,-0.005776992083453734
2460102.5,-1310904.946960227,-187220.6253875266,-46184.23914762905,0.004609799386453214,-0.01332493207561635,-0.005759806512664156
2460112.5,-1306846.490604112,-198712.0235699726,-51153.58293741623,0.004786127319472563,-0.01327521835409,-0.005743203666793934
2460122.5,-1302632.744591977,-210158.915842122,-56107.87395028789,0.004968278804977909,-0.01322127886900195,-0.005724540194453083
2460132.5,-1298261.666503504,-221557.6624148265,-61045.07851143862,0.005149794166802108,-0.01316500401519268,-0.005704280173822394
2460142.5,-1293732.955014497,-232908.9017652116,-65965.39129893741,0.005334507481455449,-0.01311129543479496,-0.005685599662619306
2460152.5,-1289041.184293391,-244213.7471790295,-70869.94231993069,0.005527554218262898,-0.01305681309743037,-0.005667433197389487
2460162.5,-1284178.904631546,-255469.6918350926,-75758.30608233031,0.005729028636018332,-0.01299758078793378,-0.005647868363833299
2460172.5,-1279139.378286084,-266671.4700116696,-80628.68660468943,0.005937599747668582,-0.01293109104503041,-0.00562563394090233
2460182.5,-1273917.113620407,-277812.0134475293,-85478.37191063177,0.006151797081210703,-0.01285556420110152,-0.005599826387308227
2460192.5,-1268507.838367229,-288882.7916300436,-90303.90823311516,0.006370277679529129,-0.0127692625720987,-0.005569560581416055
2460202.5,-1262908.550469455,-299873.409943468,-95100.8608416113,0.006591114578165662,-0.01266939467041716,-0.005533300763199038
2460212.5,-1257119.608111295,-310770.6926469599,-99863.08011918134,0.006807496886426305,-0.01255322798289625,-0.005489000361631774
2460222.5,-1251149.094539938,-321562.4952286041,-104584.2511857393,0.00701103459180395,-0.01242697236153267,-0.00543918261672896
2460232.5,-1245007.22771184,-332243.467752982,-109261.5120489926,0.007205054037580767,-0.01229684342077281,-0.005387539461365169
2460242.5,-1238700.749833694,-342810.1020826208,-113893.3460229677,0.007392061947306694,-0.0121621333312799,-0.005333928429965793
2460252.5,-1232236.019663967,-353258.2882117524,-118477.9121672541,0.00757118288014284,-0.01202279420713557,-0.005278159614197905
2460262.5,-1225620.268674086,-363584.5233545525,-123013.5203844868,0.007741577484177531,-0.0118801074849459,-0.005220713108152941
2460272.5,-1218861.064490905,-373786.6203935167,-127499.0314323348,0.00790336128920842,-0.01173568887534184,-0.005162312191791286
2460282.5,-1211965.412521187,-383863.5989553053,-131933.8674619042,0.008057682907752783,-0.01159052417496779,-0.005103429054408841
2460292.5,-1204939.249150421,-393814.5637493014,-136317.4528365697,0.008205340676225992,-0.01144362525252581,-0.005043437970921355
2460302.5,-1197789.773444864,-403637.4292361535,-140648.2914091162,0.008341882032487511,-0.01129459430162204,-0.004981491883910515
2460312.5,-1190528.527076277,-413333.4344373263,-144926.0714807748,0.00846494619710722,-0.0111515343416898,-0.004921522376420376
2460322.5,-1183163.749995457,-422910.1073355677,-149154.0642192399,0.008582884318902917,-0.01101809486288829,-0.004866223088238891
2460332.5,-1175697.307253066,-432374.7057955461,-153335.9680799097,0.008700718632328611,-0.010891657505717,-0.004814631694177753
2460342.5,-1168128.40257935,-441732.2932251024,-157474.5295764938,0.00882029971259553,-0.01077010436485189,-0.004765764390612976
2460352.5,-1160454.936612098,-450986.4054831421,-161571.793048776,0.008942982222953364,-0.01065187706223872,-0.004718923775842709
2460362.5,-1152673.640414394,-460139.2095071138,-165629.2036784323,0.009070142004829182,-0.0105352642055007,-0.004673367927379337
2460372.5,-1144780.055586475,-469191.0730554458,-169647.407512215,0.009203077314352675,-0.01041764201588614,-0.004627888541860743
2460382.5,-1136769.205315525,-478139.3009365105,-173625.5288139471,0.009340983034951284,-0.01029450633050161,-0.004580076524173797
2460392.5,-1128639.567870561,-486977.7802132533,-177560.5839809917,0.009476540686017797,-0.0101642552480716,-0.004528411649723078
2460402.5,-1120395.165253974,-495703.153022547,-181450.5706159629,0.00960751576965711,-0.01003362972746025,-0.004476362361127314
2460412.5,-1112037.407418693,-504315.9133458889,-185295.8992612067,0.009739530546933994,-0.009903011866723429,-0.004424810764870815
2460422.5,-1103564.691560553,-512814.6199230952,-189096.336514396,0.009873448029811318,-0.00976920926776551,-0.004372223904889231
2460432.5,-1094975.969164777,-521195.7268955109,-192850.530714921,0.01000778663326381,-0.00963065119166517,-0.004317671808523221
2460442.5,-1086271.555994111,-529454.8890569725,-196556.6046186129,0.01014103301779187,-0.00948691124475063,-0.004260805277810797
2460452.5,-1077452.873491504,-537587.6051157038,-200212.4999019123,0.0102721849849531,-0.009337930545748715,-0.00420149200025374
2460462.5,-1068521.977942926,-545589.1470711577,-203815.9588860055,0.01040065996471878,-0.009183021957636001,-0.004139272516592371
2460472.5,-1059482.041929037,-553453.5153849368,-207363.8862747595,0.0105235823411566,-0.009020078884088284,-0.004072657120643428
2460482.5,-1050341.28225719,-561174.2991752739,-210852.3735985389,0.01063290763031519,-0.008852184784690457,-0.004002363150960751
2460492.5,-1041111.98624538,-568751.4552671247,-214280.3991618699,0.01072984336482856,-0.008688549736960873,-0.0039333183590001
2460502.5,-1031801.6994571,-576189.6549430413,-217649.8446145736,0.01082107475392728,-0.008530255831943985,-0.003866666568543285
2460512.5,-1022414.134519306,-583492.9061458965,-220962.525406428,0.01090893476849958,-0.00837606054912939,-0.003801862753171021
2460522.5,-1012951.683523972,-590664.5896662249,-224219.9593424083,0.01099464733375099,-0.008225694593839752,-0.003738784967861689
2460532.5,-1003415.540323108,-597707.9766552304,-227423.651642329,0.01107983535269291,-0.008079023825851813,-0.003677455549686655
2460542.5,-993805.2642288248,-604625.9929018198,-230575.0451631008,0.01116664111053559,-0.007935250012326117,-0.003617636138946463
2460552.5,-984118.5052671975,-611420.2254674883,-233675.0555994581,0.01125708567415169,-0.007791849974812195,-0.003558199895438977
2460562.5,-974352.4432389089,-618089.1368991185,-236723.0083765907,0.01134920298239402,-0.007644629712491409,-0.003496760495062297
2460572.5,-964508.6155896431,-624629.7227287444,-239717.0624883882,0.01143662864264946,-0.007496122674875019,-0.003434112358773245
2460582.5,-954590.0860722326,-631043.6879382483,-242657.8375695485,0.01152348279607163,-0.007351548649353304,-0.003373607348872533
2460592.5,-944594.6447818512,-637333.4412998641,-245547.0057166005,0.0116149918677892,-0.007207854942747107,-0.003314318947496586
2460602.5,-934517.9560723215,-643498.0496324742,-248384.8218163234,0.0117114140950389,-0.007061392806168605,-0.003254502267519421
2460612.5,-924356.2255387133,-649534.0804600395,-251170.3051065289,0.01181163894360511,-0.006909925547895809,-0.003193027976550991
2460622.5,-914106.7054888335,-655436.5091709276,-253901.6689052277,0.0119144341243128,-0.006751891516273141,-0.003129105912640122
2460632.5,-903767.658770674,-661199.0163701375,-256576.4705867377,0.01201869954135047,-0.006585722050918257,-0.003061935589597558
2460642.5,-893338.4176378985,-666813.5417523227,-259191.3449802982,0.01212271824863972,-0.006408744152003019,-0.002990031766922178
2460652.5,-882821.5337118264,-672269.3559175137,-261741.2548862515,0.01221980519016707,-0.006218402502908722,-0.002911416957058384
2460662.5,-872227.1050424522,-677556.967247617,-264221.0915220757,0.01230191895255883,-0.00602114084187143,-0.002828732657710963
2460672.5,-861567.0243501061,-682673.7470543033,-266629.231938199,0.01237270431814909,-0.005823115404157113,-0.002745625068795342
2460682.5,-850849.5528689782,-687618.8768784024,-268965.3553820885,0.01243477165307808,-0.005623651479212091,-0.002661929089729888
2460692.5,-840082.4633258866,-692391.0046598567,-271228.8183953397,0.01248739196152709,-0.005422800774806183,-0.002577468261735155
2460702.5,-829274.2641635899,-696989.4724932157,-273419.1399812491,0.01252989131500514,-0.00522194661482153,-0.002492735786375812
2460712.5,-818433.6526804371,-701415.0301481049,-275536.4026072795,0.01256256263016728,-0.005022816688965672,-0.002408471850198564
2460722.5,-807568.600790371,-705669.7340916124,-277581.2667026343,0.01258675589791473,-0.004826513441007843,-0.00232516901692372
2460732.5,-796685.8331813215,-709755.8233208003,-279554.411251376,0.01260346987862341,-0.004632161089805866,-0.002242220162748048
2460742.5,-785793.1739214498,-713674.4800005477,-281455.6304996862,0.01260846389020955,-0.004439589097130136,-0.00215886298789422
2460752.5,-774902.4680658664,-717430.428296563,-283286.0047877653,0.0125999333781906,-0.004257079583794321,-0.002079130858339173
2460762.5,-764021.7679438492,-721034.6821938269,-285050.2084862473,0.01258670966613066,-0.004088161292916854,-0.002005661787429396
2460772.5,-753152.4005084874,-724497.8988640234,-286753.3037255902,0.0125742098512385,-0.003930146073395263,-0.001937470073663609
2460782.5,-742292.65400014,-727828.4620656599,-288399.3811263851,0.01256475414656521,-0.003780781068660636,-0.001873537583685409
2460792.5,-731439.1033723901,-731033.0616170431,-289991.7806933134,0.01256016647653169,-0.003638258315472333,-0.001813088400523369
2460802.5,-720586.7659153274,-734116.7568645821,-291533.1564367059,0.01256224637760976,-0.0035005124874527,-0.001755258432078573
2460812.5,-709729.1347596247,-737082.4602117774,-293025.2388195656,0.01257263597038015,-0.0033644696541479,-0.001698673005473987
2460822.5,-698858.9467828596,-739929.5987814714,-294468.0747626384,0.01259071973233101,-0.003225114066171895,-0.001640721284988476
2460832.5,-687972.2956198943,-742653.7783231848,-295859.4476954677,0.01260927259817486,-0.003080446841926078,-0.001579743648600073
2460842.5,-677070.6529743666,-745252.9965887178,-297198.003820475,0.01262632157692823,-0.002936671700997042,-0.001519020339705789
2460852.5,-666152.7714560183,-747728.5285678456,-298484.5713189972,0.01264741981813046,-0.002793468469760697,-0.001459129352856741
2460862.5,-655214.5465986094,-750079.1752199507,-299719.1001652879,0.01267319667192835,-0.002647090246082283,-0.001398300120199024
2460872.5,-644252.6509907219,-752301.1728646399,-300900.2261337302,0.01270187896963309,-0.002495444945876892,-0.001335379569388142
2460882.5,-633265.4175185116,-754389.5174726647,-302025.8676583034,0.01273155514186654,-0.00233761089828246,-0.001269799154111836
2460892.5,-622252.6804542105,-756338.6416905663,-303093.5778481994,0.01276070433698851,-0.002173085720019109,-0.00120122098664116
2460902.5,-611215.4123515617,-758142.3980104111,-304100.5413861054,0.01278809271921828,-0.00200081114641412,-0.001129000700102887
2460912.5,-600156.3410261605,-759793.0976410843,-305042.961802726,0.01281000783922521,-0.001818454178515617,-0.001051514040596938
2460922.5,-589083.995976443,-761282.581740312,-305916.1780262954,0.01281756938311664,-0.001629191432600946,-0.0009695029425919053
2460932.5,-578011.5934927227,-762609.1579144188,-306718.4512019461,0.01281132275932499,-0.001442296947712974,-0.0008879063621205233
2460942.5,-566948.2880230854,-763775.9234261072,-307450.9468007401,0.01279704699124533,-0.00125905534702804,-0.0008079086084882784
2460952.5,-555900.1707385381,-764785.6359396708,-308114.8705362558,0.01277624944273747,-0.001078742514281084,-0.0007291601995098744
2460962.5,-544872.6472011387,-765640.9525732119,-308711.339605029,0.01274950915007008,-0.0009017769657689834,-0.0006518207750550703
2460972.5,-533870.4010402659,-766345.0701990719,-309241.7298450065,0.0127179956798908,-0.0007288334534624292,-0.0005762561154796745
2460982.5,-522896.7807734743,-766901.5747982098,-309707.6709351831,0.01268361456962437,-0.000559995304804239,-0.0005026119536311716
2460992.5,-511953.3368678556,-767313.4840116753,-310110.6038063522,0.01264835873679593,-0.000393631539619621,-0.0004301554670137395
2461002.5,-501041.1101826526,-767581.465459469,-310450.7219918632,0.01261037608105588,-0.0002264707104077842,-0.0003569118600254027
2461012.5,-490165.2696897308,-767705.565539348,-310727.4434680764,0.01256379414531624,-6.203801585226357e-05,-0.0002841539893432071
2461022.5,-479331.9089861143,-767691.2508502529,-310942.9979713624,0.01251351550324907,9.383129404307029e-05,-0.0002155361374286573
2461032.5,-468541.2254056598,-767545.1501653816,-311100.8835157258,0.01246545820528193,0.0002436756335101951,-0.0001503697048332808
2461042.5,-457790.6294539206,-767270.9797676952,-311203.3861015372,0.01242073326777884,0.0003906975282797895,-8.713103528385334e-05
2461052.5,-447077.2794755611,-766870.2639630021,-311251.7140120682,0.01237919831189809,0.0005368744776332947,-2.483099997322366e-05
2461062.5,-436398.5211696153,-766343.0726568708,-311246.3514873493,0.0123406332111356,0.0006837090937537214,3.727182238037647e-05
2461072.5,-425751.8356031784,-765688.1435235856,-311187.1278658039,0.01230494238011895,0.0008329172702415713,0.0001000253753654315
2461082.5,-415134.9350506455,-764902.254901385,-311072.8648233035,0.01227132534690759,0.000987527014321957,0.0001650641194759414
2461092.5,-404548.0385261292,-763979.1554706881,-310900.5551167229,0.01223383471567184,0.001150534122294064,0.0002345577026326262
2461102.5,-393998.2565267113,-762913.4457140624,-310666.9627034904,0.01218525986610221,0.001316013667056874,0.000306065956913572
2461112.5,-383493.8138187384,-761705.9601911497,-310372.0731495845,0.01212986488468312,0.001478720022306447,0.0003763520010984959
2461122.5,-373038.9698953466,-760358.5503195418,-310016.8057532359,0.01207047297828027,0.001640202762912362,0.0004459915080987068
2461132.5,-362637.3865316061,-758871.8054458563,-309601.4175634921,0.01200639923416095,0.001801238755264299,0.0005155457880562988
2461142.5,-352293.5066343936,-757246.3035725742,-309125.9987340542,0.01193681598710501,0.001961240580297017,0.000584895979744888
2461152.5,-342012.1804019898,-755483.377645721,-308590.892970743,0.0118616692044832,0.002119186695968353,0.0006536407199764522
2461162.5,-331797.90234036,-753585.1113676765,-307996.7519178151,0.01178180661356553,0.00227455111589699,0.000721571715356134
2461172.5,-321654.4134053976,-751553.3376983829,-307344.0271183714,0.01169758323355367,0.00242862689048725,0.0007895142107719777
2461182.5,-311587.1614943498,-749388.5901235266,-306632.1511796813,0.01160404123559705,0.002581695614489067,0.0008583010402371965
2461192.5,-301606.1115867259,-747094.9514115234,-305861.8452993006,0.01149897423516377,0.002725445611076095,0.0009238722439535543
2461202.5,-291717.7712921421,-744682.7495440454,-305037.4066370816,0.01139075019367527,0.00285642374082416,0.0009836367670215216
2461212.5,-281922.3570719385,-742161.9848193029,-304163.5222155977,0.0112843153779149,0.002977171949843272,0.001038519078825395
2461222.5,-272217.3721894066,-739540.552237836,-303243.9879786348,0.01118170245217262,0.003089727620838066,0.001089427072762235
2461232.5,-262598.7958284576,-736824.834690109,-302281.9463548055,0.01108457670496216,0.0031956989300001,0.001137025509024599
2461242.5,-253061.1448827874,-734019.7406242094,-301279.9445311585,0.0109946702550368,0.003296993790550725,0.001182081814462193
2461252.5,-243597.4440761267,-731128.1404164361,-300239.678139798,0.0109136096748335,0.003396595443295669,0.001225903389907615
2461262.5,-234199.9824509475,-728149.4680251107,-299161.2018203338,0.01084072780014728,0.003499484131054312,0.001271064706184037
2461272.5,-224864.4682179776,-725079.4022232076,-298042.3565481666,0.01076876140268221,0.003607519181766717,0.001319129013800367
2461282.5,-215591.8960478352,-721916.1006716401,-296881.9255831724,0.01069595168339343,0.003714529467834848,0.001366782481081398
2461292.5,-206380.4472921748,-718660.8512331248,-295680.8313905299,0.01062780261325554,0.00382105125163831,0.001413536349994286
2461302.5,-197225.5538095842,-715312.3375454914,-294439.065358229,0.01056479866378961,0.003930928117577122,0.001461194906780838
2461312.5,-188123.5459642452,-711866.6012370494,-293155.2794744652,0.01050501980779124,0.004046344911504935,0.001510942722326407
2461322.5,-179072.562323267,-708318.3608681229,-291827.3771389214,0.01044635420867087,0.004168317944647756,0.001563387827226385
2461332.5,-170072.4447630199,-704661.6977849265,-290452.8621015971,0.01038701288460866,0.004297422669836353,0.001618906830548244
2461342.5,-161124.4381310907,-700890.0652329472,-289028.8383072483,0.01032541246897735,0.004434752564083016,0.00167817760141644
2461352.5,-152231.8996786264,-696995.3793774263,-287551.4083544518,0.01025735426149737,0.004582569069126583,0.001742824949487082
2461362.5,-143404.4201256854,-692969.2662271986,-286015.8660298375,0.01017352563146447,0.004737351647903292,0.001811969978755162
2461372.5,-134656.5283156724,-688810.1072425729,-284420.5467909794,0.01007424624650737,0.004889570792749329,0.001880579846790323
