jd_tdb,x_km,y_km,z_km,vx_km_s,vy_km_s,vz_km_s
2443392.5,145011430.7480607,-39645022.62737148,-17199740.04082566,7.947607041780729,26.11539837202547,11.3241066889766
2443402.5,149749874.0766291,-16617516.80279773,-7215601.604402405,2.981903062296001,27.05484659410187,11.72963602946925
2443412.5,150134602.6810289,6867366.386757691,2967218.345867356,-2.090124247485858,27.17734720235354,11.7850540865398
2443422.5,146146982.2926645,30128172.89852105,13053701.5001953,-7.131513864291662,26.53896932772762,11.50701739209995
2443432.5,137847332.940512,52493841.40637616,22750476.61859448,-12.04124240342369,25.09345220885013,10.8794732662514
2443442.5,125446036.1330965,73263211.34924376,31756275.8641591,-16.59325062867298,22.86748772773963,9.916308026968865
2443452.5,109302875.9295159,91816914.14802457,39801254.56427041,-20.69438639581883,19.97000907005247,8.657915165039277
2443462.5,89850280.96867795,107579606.6967817,46634856.24671364,-24.21914060944728,16.41176952303753,7.115722544381146
2443472.5,67674616.52716908,120028263.226388,52032998.73763358,-26.98418744378892,12.3355712195142,5.349177537481178
2443482.5,43445869.82606475,128786676.6320922,55830080.89171658,-28.96587485690744,7.879729444948197,3.414995203385257
2443492.5,17876619.39995306,133554813.1086276,57896633.48926591,-30.05944879796356,3.122085764311826,1.353921644329439
2443502.5,-8219360.874578758,134161096.1081731,58159809.35235354,-30.19584030075629,-1.716853277180628,-0.744753117578099
2443512.5,-34044408.30423904,130602035.3483256,56615446.53888036,-29.4341220074857,-6.507606894168184,-2.823449382095433
2443522.5,-58809646.5530067,122962255.5480525,53302336.15273906,-27.73345339734652,-11.12751418159562,-4.824420699160987
2443532.5,-81720059.78168412,111489298.7704002,48327569.2554286,-25.17094409767651,-15.35609290098325,-6.659573785996114
2443542.5,-102094436.3714117,96561290.73707995,41853330.40127635,-21.87227671958138,-19.11672718712437,-8.290293234502721
2443552.5,-119310872.599824,78625151.55565774,34076156.16437523,-17.87529057295242,-22.28429344372516,-9.662120499312312
2443562.5,-132839209.5907631,58267035.1119288,25248275.27157957,-13.37319360475233,-24.71840628555404,-10.71969614579205
2443572.5,-142317450.9501691,36121226.89286685,15644510.19614771,-8.511209650225128,-26.4204465560993,-11.45635460898295
2443582.5,-147468514.8147631,12850733.8613682,5554632.083813601,-3.389536889214965,-27.30003697836607,-11.83737273767931
2443592.5,-148169340.3158078,-10810384.83035784,-4705883.675128464,1.757078208958422,-27.33865265664436,-11.85600351070387
2443602.5,-144457593.5484688,-34170485.42521837,-14835680.31436579,6.816667085849531,-26.60504078769776,-11.53561930573573
2443612.5,-136452256.0427315,-56548140.8292828,-24538419.73893904,11.656381909372,-25.06302428521191,-10.86795854626472
2443622.5,-124437811.9235563,-77273881.3111153,-33526388.08953758,16.07732190372011,-22.80734988521239,-9.890820730858042
2443632.5,-108803693.3430196,-95784716.91782925,-41552884.6718843,20.02974553915339,-19.93739899123928,-8.644152005748055
2443642.5,-90001658.03546548,-111553150.0190822,-48390103.46270822,23.37730304931701,-16.4771906643747,-7.145635884211016
2443652.5,-68616302.76707798,-124136001.9691394,-53847219.18311946,26.00697551485931,-12.59353242884743,-5.461213572595915
2443662.5,-45262289.11889291,-133219810.1688395,-57785595.49940578,27.92767281582787,-8.378442268393783,-3.63229093098071
2443672.5,-20595827.42608116,-138541098.0316516,-60093294.62451918,29.0272256612873,-3.914472474833589,-1.698701452873393
2443682.5,4655982.243305793,-139968338.9135287,-60712908.28275531,29.29620253499516,0.6096817683653291,0.264722346755879
2443692.5,29804479.28948094,-137486690.5321782,-59636250.35429192,28.77888539433751,5.129554471063112,2.224317284005507
2443702.5,54140271.70185479,-131143070.7539876,-56886380.39528441,27.4155607977503,9.515328509123737,4.124570815457816
2443712.5,76959860.03865463,-121132956.6801245,-52546128.99247499,25.29392085875308,13.6020838638311,5.898915853833959
2443722.5,97646774.59005852,-107732221.415509,-46735075.87664744,22.47129108722777,17.35254191308398,7.523591525870859
2443732.5,115591551.8737609,-91288929.50633435,-39606156.83921316,18.96450973133712,20.6150722473993,8.937938573486292
2443742.5,130268829.5869259,-72282351.33387591,-31364451.2340796,14.93546259423969,23.28554306277091,10.09775431902603
2443752.5,141265735.8721802,-51225078.1120211,-22233934.34700174,10.4461601480012,25.34488156924203,10.98850943563613
2443762.5,148215549.7220227,-28702398.51524349,-12468913.35506237,5.599867580174281,26.65868663002606,11.55922372123822
2443772.5,150900136.8389203,-5378994.703656927,-2355129.280186892,0.5958305397362895,27.21019777198489,11.79901672277445
2443782.5,149217260.4098387,18097080.13234641,7823643.708355082,-4.496571958852886,26.99616238364043,11.70417819075644
2443792.5,143154282.7310706,41026975.2790107,17765539.05451762,-9.502130077506415,25.94464958900588,11.2502815905505
2443802.5,132878933.2328985,62713376.85100918,27169396.08856947,-14.23440363847814,24.1367431192204,10.46555378439083
2443812.5,118655701.0071363,82523330.82409598,35758050.9965689,-18.61802531747084,21.59460091890783,9.362088627795755
2443822.5,100866485.6172256,99822321.17863502,43258771.63759443,-22.45079170002523,18.34511895023058,7.955300579836201
2443832.5,80053538.61624193,114069835.0433285,49436618.58561811,-25.61567814490527,14.55181368441017,6.308660298376898
2443842.5,56811793.08494106,124826976.2567657,54099720.78833313,-28.04974413815002,10.27264172552987,4.453342126736409
2443852.5,31843489.47728672,131717029.5325948,57087449.69617099,-29.59194593385639,5.639477069813386,2.445788792051736
2443862.5,5933314.072328502,134529216.1354817,58306299.52422114,-30.23894229579517,0.8510531528609514,0.3674169235985781
2443872.5,-20146282.13815045,133166477.6466287,57714336.94673415,-29.96928115059287,-4.006636165766133,-1.737413571825812
2443882.5,-45569349.75567994,127643685.5404843,55319956.9822735,-28.72685464623047,-8.734411204504307,-3.787426370033729
2443892.5,-69541562.95139892,118159059.4391955,51206346.26867051,-26.62800813881257,-13.16665035344448,-5.710830193523357
2443902.5,-91346222.57992665,104999542.0046169,45499708.68212822,-23.70730815114231,-17.21857191751605,-7.465482742770197
2443912.5,-110289443.8609274,88574642.02147043,38377979.76128646,-20.03788118731943,-20.69353337723247,-8.973664684259703
2443922.5,-125812933.4076796,69428220.43172257,30074713.49608195,-15.81178393405957,-23.51747272634456,-10.1986177349658
2443932.5,-137472840.2463847,48137392.24568688,20842873.09464903,-11.10461309937266,-25.63668446916897,-11.11538587928986
2443942.5,-144913493.5529711,25371291.79114623,10971202.54321812,-6.090482089812149,-26.9244396606099,-11.67594152700968
2443952.5,-147966114.6876011,1840516.526194473,766950.4881904144,-0.9642859380529756,-27.41573105552536,-11.88814747329613
2443962.5,-146569928.8728254,-21771010.70174324,-9470711.849250369,4.187752617544362,-27.09685710109375,-11.74881500262814
2443972.5,-140786242.5610766,-44740917.7344743,-19431176.27395772,9.151771166958548,-25.94626104273483,-11.25197785229455
2443982.5,-130849611.3374117,-66401674.34916896,-28824157.4353574,13.79283279397105,-24.08116688252034,-10.44137614235909
2443992.5,-117064163.1101583,-86151291.92956099,-37387143.53001728,18.03478716767681,-21.51793837620813,-9.330379092482676
2444002.5,-99857891.14555135,-103406657.2215403,-44870059.7307201,21.68796942462283,-18.33805763887183,-7.952785900229436
2444012.5,-79770559.26064384,-117707220.350674,-51071011.39070849,24.70590434021085,-14.69217188894995,-6.36966402897971
2444022.5,-57365489.27736634,-128668164.1944537,-55823402.48578496,27.02608203324939,-10.61649404109153,-4.604101176161998
2444032.5,-33306392.57665021,-135974442.2084079,-58992412.92730507,28.5309288254153,-6.266882474348687,-2.718043175876117
2444042.5,-8286929.704653066,-139460451.8303832,-60503547.36506732,29.25750279721256,-1.781504164538565,-0.7715151310182844
2444052.5,17011277.07063444,-139027168.8067473,-60315796.00931806,29.15670575053832,2.782969074301191,1.20552868449177
2444062.5,41850555.50982764,-134684098.2899503,-58433383.20454258,28.20870852340524,7.238562020372994,3.138821663445328
2444072.5,65542643.89129397,-126578929.1633576,-54918224.49856138,26.50977932247991,11.48960040600444,4.9823814895888
2444082.5,87433316.40478158,-114911192.0899993,-49859641.40139008,24.03481530190014,15.45439557161848,6.699808212258415
2444092.5,106874057.101683,-100007942.5399049,-43397856.8949718,20.86553793448162,18.95861938765892,8.221432884953328
2444102.5,123328499.0397497,-82293630.09776935,-35716218.80124286,17.12750184886737,21.96200774817037,9.522501248949501
2444112.5,136309863.1191989,-62231149.11968178,-27017963.03414927,12.84092438878957,24.36454861996321,10.56354777475263
2444122.5,145407829.0158546,-40400538.27256911,-17551949.26770588,8.173236698938526,26.04885796777369,11.29607130324375
2444132.5,150361575.9721851,-17417856.99706665,-7586356.033091712,3.251678527015723,27.03043852426869,11.71950487828548
2444142.5,150975833.5749454,6077867.936952668,2600507.487119764,-1.841222991244238,27.21783245424476,11.8013040954508
2444152.5,147194505.2048891,29376813.14675574,12703549.15291375,-6.888353850583591,26.58672354461972,11.52894321956907
2444162.5,139115048.4444013,51805682.11339311,22428417.30694876,-11.78421584721893,25.20163786617401,10.92613358913052
2444172.5,126913874.3567668,72694127.2976091,31484974.66848861,-16.39136009025077,23.0200110833235,9.981790512153406
2444182.5,110937087.8234583,91379355.92609297,39587529.6265932,-20.50041073524597,20.1296911403346,8.728344351140223
2444192.5,91647703.13568307,107304594.3402807,46491882.57360458,-24.04938328702282,16.63222160728743,7.210404306135084
2444202.5,69584768.44446512,119953983.1346513,51976378.86347342,-26.88655638686795,12.56528890087933,5.449085138639506
2444212.5,45433548.37553902,128908460.6896368,55859332.74211138,-28.88047819716529,8.114992658382123,3.517844995929799
2444222.5,19919590.04711177,133899283.3869128,58022222.66224589,-30.031813355415,3.398097720672354,1.472439556518729
2444232.5,-6186969.821607789,134735057.065004,58384758.12809645,-30.2334152069722,-1.469275605712955,-0.6363097139822765
2444242.5,-32049708.76784062,131385760.8249992,56932218.09576749,-29.48701985363317,-6.259350244331353,-2.715536715153783
2444252.5,-56888271.62705477,123968151.0103815,53714845.21948991,-27.86050020872608,-10.87367466328312,-4.715165090207621
2444262.5,-79931454.44628468,112689747.6969256,48824940.00220669,-25.33500929712672,-15.15729629935518,-6.571949696173595
2444272.5,-100450213.8271543,97928209.2414233,42423487.10942657,-22.0506468378564,-18.9231529339244,-8.206768826853741
2444282.5,-117849265.1872798,80152057.50305001,34715000.6027637,-18.12019359974801,-22.12357377722673,-9.592415438206425
2444292.5,-131593587.1904706,59901680.00849624,25934832.32129513,-13.6170535854454,-24.61928195989918,-10.67542274718955
2444302.5,-141282106.2574053,37836688.57256173,16366276.75253895,-8.765558687403,-26.33050837487146,-11.41831066798104
2444312.5,-146673337.962346,14623164.75800209,6300688.291153319,-3.681197088686607,-27.27134076306359,-11.82401310592095
2444322.5,-147612409.5584523,-9039839.955845337,-3959487.347875704,1.50001136025584,-27.35806318982083,-11.86358893315272
2444332.5,-144120731.0061996,-32419645.00173959,-14098116.82892686,6.55270139192684,-26.63612214666378,-11.55014153655793
2444342.5,-136348978.6025789,-54852498.42963421,-23824675.33067248,11.39594571319128,-25.16446526090893,-10.91048616985377
2444352.5,-124534256.5842919,-75680677.61135833,-32856103.33467669,15.87034315792163,-22.93093817048782,-9.94424454987627
2444362.5,-109077493.4969634,-94299905.39863527,-40930175.68207642,19.81945154178478,-20.07615524145245,-8.704865994762969
2444372.5,-90445381.18711278,-110215579.9236718,-47830577.20647549,23.20987852243964,-16.67382748938019,-7.229453145943525
2444382.5,-69176416.05773188,-122968902.1233306,-53361114.58600468,25.89432715111518,-12.78374512843858,-5.544235404418235
2444392.5,-45919173.98163505,-132219536.9788184,-57372369.36091952,27.81872916846445,-8.588155537868467,-3.722896488267775
2444402.5,-21320732.3093622,-137739670.1141928,-59765303.75067876,28.98735287452391,-4.152502130005767,-1.800921685033693
2444412.5,3920388.965891588,-139360471.97617,-60468926.27304548,29.29762526704841,0.4012269322060476,0.1733026214568074
2444422.5,29072089.0218945,-137063518.0746843,-59472543.12308592,28.79639194354215,4.900860153713752,2.126259652156134
2444432.5,53455768.43544364,-130919546.0895059,-56808303.99711694,27.50823228881329,9.29581684766108,4.029679754095328
2444442.5,76369051.97998588,-121078321.1479669,-52541881.12659352,25.40505487017401,13.42464562781416,5.820961117102136
2444452.5,97158102.94778152,-107835853.3288039,-46799128.25156548,22.61228454499404,17.16296742431192,7.442813851031333
2444462.5,115254086.2758305,-91541830.64081903,-39734340.38178951,19.16527335467418,20.46973622354107,8.874487611838669
2444472.5,130105025.2790475,-72637279.36789967,-31537703.49439925,15.12937589461312,23.18213850008166,10.05250935484358
2444482.5,141279868.2325045,-51670744.80308679,-22445743.91089201,10.67691588465647,25.24687631530507,10.94724137044754
2444492.5,148446165.6312086,-29205727.70808594,-12705615.42054743,5.857478950669891,26.62813164284609,11.54497717926155
2444502.5,151340477.8357459,-5889356.48798743,-2595543.938280504,0.8259198895233082,27.21001953416276,11.79943239284848
2444512.5,149867586.8616091,17591947.40657764,7586488.036165146,-4.236055324837269,27.02213256574854,11.71615338230662
2444522.5,144029128.6405245,40576228.26990351,17551628.57917044,-9.257068449661414,26.0424509538588,11.29153592768363
2444532.5,133944214.9007014,62356623.84062009,26996107.18917762,-14.02746041168108,24.24651113148194,10.51439414090179
2444542.5,119906313.4685431,82273501.59996477,35632016.42455857,-18.40049467777661,21.7451423837524,9.427494328037497
2444552.5,102285986.4542889,99730221.18015157,43200559.30976365,-22.28870768534669,18.5499706939169,8.043434203498991
2444562.5,81590622.1614155,114152252.1776734,49454626.09091109,-25.49048335227185,14.74971507202291,6.395973813229596
2444572.5,58454727.7711556,125095186.968954,54198830.56055643,-27.94053295342658,10.51262002936225,4.556967142455822
2444582.5,33547731.78373317,132206928.2645701,57282164.33256797,-29.56269388019858,5.897579103683718,2.557915030122399
2444592.5,7646156.305689136,135229782.792195,58593398.93424543,-30.2360512679569,1.08817705193914,0.4714159338315976
2444602.5,-18442402.68446727,134083670.0156118,58095416.89903855,-30.005840211926,-3.740790839530996,-1.622990495433952
2444612.5,-43934258.02979857,128785805.6730363,55798401.21715597,-28.84227830670832,-8.494281323366806,-3.682136074871028
2444622.5,-68012819.30179015,119491550.5544364,51768507.63156757,-26.75423965190105,-12.95388729914105,-5.618001742735137
2444632.5,-89943442.73215397,106520180.7600848,46143084.16246873,-23.88480471718466,-17.00061933164386,-7.371840847563884
2444642.5,-109068814.2457742,90260352.85925147,39093332.87614846,-20.2662742005306,-20.53705871856113,-8.904080828036722
2444652.5,-124785787.3879184,71233133.7781915,30842698.50221327,-16.03508342793783,-23.38664864461492,-10.14194242218299
2444662.5,-136655828.8757333,50050932.38203628,21657400.49907554,-11.3757746596353,-25.52666803323768,-11.06803121316176
2444672.5,-144341168.4816874,27345979.33536607,11813182.7191624,-6.368012626712505,-26.88999187241121,-11.65933559249341
2444682.5,-147622303.694024,3834554.354802575,1617807.636189675,-1.225113863464242,-27.39856655325635,-11.88124946845984
2444692.5,-146464610.7467012,-19774288.42227972,-8619125.110189905,3.896247977879565,-27.12162081341263,-11.75903448424724
2444702.5,-140921871.9742529,-42798492.18960413,-18601931.80837267,8.897707011022577,-26.03512210165153,-11.28942661290326
2444712.5,-131190736.8254367,-64539091.30140203,-28029554.87849577,13.55961758872148,-24.17607907426522,-10.48331439245205
2444722.5,-117612321.0516598,-84388489.37783995,-36635820.65966895,17.7977769837206,-21.66574164193968,-9.393155315414733
2444732.5,-100583338.898808,-101793007.338758,-44182334.02382132,21.51675444310922,-18.51990597223054,-8.031335812537339
2444742.5,-80631569.64167266,-116247123.1012875,-50450275.23306686,24.55244220794014,-14.87076648518873,-6.44771021066903
2444752.5,-58353996.45676162,-127382114.4227168,-55277589.4918734,26.89975549121285,-10.84490031804271,-4.701518379898743
2444762.5,-34369585.28071917,-134890153.5702856,-58533452.76323239,28.4770865564172,-6.49266340089105,-2.816346968507404
2444772.5,-9389025.07527884,-138563461.849589,-60126340.05078503,29.21469045137216,-1.999831721049424,-0.8661527757246991
2444782.5,15888928.19411414,-138334684.0910969,-60026269.19845198,29.16772407762138,2.533730423301645,1.098766649879126
2444792.5,40768698.38160229,-134194591.6277102,-58231812.05786163,28.27873803956777,7.024414481908337,3.045077189948902
2444802.5,64523048.60959238,-126265852.4544187,-54793504.1268649,26.58525447382434,11.28227240151198,4.893359785422889
2444812.5,86504138.99647126,-114782779.1336485,-49813869.41479366,24.17673788780552,15.24748430316329,6.610684687880342
2444822.5,106086913.6730989,-100033887.3357981,-43419452.09701513,21.03854771615492,18.80773452394738,8.154984634626539
2444832.5,122688068.6285886,-82443569.63843903,-35791473.19866709,17.30432432507616,21.8158763822744,9.460633528877178
2444842.5,135848354.9135968,-62498608.46826765,-27143289.57060971,13.07615348523865,24.25321942217849,10.51512846943678
2444852.5,145153004.719901,-40734681.37741917,-17706874.48220171,8.404628528340215,25.99891540942806,11.27374260705454
2444862.5,150302282.5471603,-17792061.99820278,-7758013.785463986,3.488127047576578,26.98582224043939,11.70171300455671
2444872.5,151138524.387585,5686938.815443218,2422007.706995504,-1.574347738867458,27.23366315399749,11.80751337553785
2444882.5,147574451.4198873,29026369.28815942,12542008.42810505,-6.658735420547199,26.65245330691425,11.55757044274682
2444892.5,139689660.3369991,51513041.02656386,22292943.18882675,-11.54978616485135,25.277255733321,10.9599658221422
2444902.5,127693062.646484,72495135.78754763,31390013.15787514,-16.16632033608393,23.16362195659053,10.04321966010182
2444912.5,111883852.9691124,91320799.5450095,39553283.72071794,-20.33531346957406,20.29718826608405,8.802017661749062
2444922.5,92734319.97052713,107391535.2830687,46521755.7615774,-23.88506391515383,16.81493135004535,7.289899641924064
2444932.5,70798118.485263,120224138.5519171,52085251.58067767,-26.77063722624792,12.80193284661994,5.551044050400622
2444942.5,46714538.51100939,129383345.990554,56057416.40728608,-28.82863945759985,8.34214070898156,3.617966869644914
2444952.5,21242371.54379212,134571657.7570306,58306666.01948193,-29.99086734886441,3.641222514142691,1.577465843027011
2444962.5,-4856785.57324006,135631494.7441909,58765831.18532584,-30.26615005048151,-1.204303650842139,-0.5214653018952372
2444972.5,-30775092.23755152,132494866.8669592,57406524.53978712,-29.56705369917136,-6.033439446701747,-2.615977204426952
2444982.5,-55686957.59571044,125273281.4259702,54274411.57714689,-27.96093953039049,-10.63817198963263,-4.613788597295398
2444992.5,-78849138.83711353,114196436.7540036,49471620.23863925,-25.51176706141582,-14.94038408688064,-6.477041334179578
2445002.5,-99533271.3542025,99595469.61570998,43141136.22560333,-22.24317747067325,-18.76022696301132,-8.135048595550344
2445012.5,-117103743.8072214,81959101.46210991,35493138.25675952,-18.33708712110085,-21.96241845427257,-9.523238783585498
2445022.5,-131062334.4503217,61830372.65453315,26765947.2087396,-13.88865140649318,-24.51227867263943,-10.62737440142731
2445032.5,-140980038.6306125,39830462.53954332,17226854.98309318,-9.019249128004079,-26.27299338674002,-11.39305542189765
2445042.5,-146595067.8938922,16663127.31161876,7180950.482753119,-3.956022723072865,-27.22736467454376,-11.8053117126151
2445052.5,-147784887.2487389,-6990357.958508835,-3074321.11598998,1.209728777120251,-27.38709661663169,-11.87430585589325
2445062.5,-144524138.9801483,-30413800.0250223,-13231117.20907372,6.303611127859303,-26.69490542132809,-11.57595108294549
2445072.5,-136970412.0066531,-52903041.66950198,-22982454.08404909,11.1342498523369,-25.24574368749054,-10.94546164266922
2445082.5,-125377013.1181762,-73832567.19150719,-32056674.9405425,15.63722239550845,-23.08124923028727,-10.00801154490786
2445092.5,-110095941.1588736,-92586701.71705502,-40189118.10787664,19.63414905935968,-20.23090127185845,-8.772608162691128
2445102.5,-91624381.15060982,-108643017.1395827,-47150567.46671088,23.02376996162533,-16.85627281934086,-7.307523612562552
2445112.5,-70494201.02141595,-121578237.0704046,-52758802.83881222,25.77150768208852,-13.01007820254831,-5.64188344595433
2445122.5,-47320285.40384883,-131016954.2046758,-56852009.77135424,27.73535714677054,-8.797524554830469,-3.814317384854748
2445132.5,-22791367.13947554,-136725877.5788831,-59326438.13059417,28.91776397637721,-4.390188768936593,-1.902402079968483
2445142.5,2422509.729136623,-138561785.4628229,-60122513.37404716,29.30618957866737,0.1572859493055392,0.0671140302040848
2445152.5,27595912.78803467,-136460162.3123562,-59211459.33814411,28.82733037497346,4.686156911824345,2.03289566672448
2445162.5,52013245.86358669,-130509480.0836125,-56630199.199103,27.56912732590175,9.059545022487022,3.92882971902994
2445172.5,75012984.98678267,-120864374.0377115,-52448552.9259265,25.53582303651885,13.22038100021794,5.731461767859675
2445182.5,95919004.7906217,-107780069.7216041,-46774904.31157689,22.74649939451194,16.99047527472474,7.368423918633409
2445192.5,114143340.8561808,-91639690.43324761,-39775644.01939417,19.34231581847136,20.29227798920905,8.798553450985283
2445202.5,129171710.747461,-72864974.0312061,-31635589.0399562,15.34851098349279,23.06481285572018,10.00063522054639
2445212.5,140529925.6277417,-51983030.9215229,-22580453.04302581,10.88338723819125,25.15602342530042,10.9089620611106
2445222.5,147890402.7321007,-29593730.08996079,-12872166.00345263,6.108082046130567,26.55676158880463,11.51415704031168
2445232.5,151008726.8215475,-6307136.519694351,-2775607.780529602,1.079221297152194,27.20981664461142,11.79865544573126
2445242.5,149740727.7295443,17185347.33904577,7411657.772523161,-4.006102484675517,27.03811628456952,11.72457981649289
2445252.5,144114260.3203464,40195748.29034658,17388682.28916122,-8.999073012027914,26.10146522015965,11.31652241543521
2445262.5,134240324.9219413,62057783.9851517,26867978.86889397,-13.80756513834647,24.36760808941024,10.56684423662093
2445272.5,120374376.6134518,82082306.86033615,35551438.54003507,-18.20790354096333,21.86999393107436,9.48293422051616
2445282.5,102924399.1105555,99666120.75315884,43175093.53197569,-22.09871582915715,18.72878250229357,8.120086929135713
2445292.5,82365190.1193166,114262775.9557977,49504633.19298799,-25.36941215944872,14.96272413313389,6.489113056475583
2445302.5,59317338.35466085,125383859.972555,54327203.58499239,-27.84363004220051,10.71776425860778,4.646542589106665
2445312.5,34485043.94154068,132692089.5161685,57495310.35163053,-29.50182171698666,6.14808342354077,2.665826878694311
2445322.5,8600216.436381646,135934549.9604516,58902062.66032466,-30.25436466908273,1.333124116579273,0.5791577831667488
2445332.5,-17514076.40415816,134987914.6161483,58491580.1642646,-30.03942108842157,-3.51144304076804,-1.523724011343288
2445342.5,-43054755.76112765,129899796.3614787,56284947.6418234,-28.93421177185488,-8.245092879982554,-3.574304062992282
2445352.5,-67245276.8811518,120805492.4004604,52342613.60897847,-26.90970667041152,-12.74918529703625,-5.527422372145444
2445362.5,-89311140.02614208,107997441.0350149,46788590.88100323,-24.04444902680408,-16.81352096453199,-7.291413976061119
2445372.5,-108598183.9303859,91898759.79392654,39808330.95899207,-20.4873306669979,-20.36256501957122,-8.827949580316325
2445382.5,-124524557.7216418,72993038.56565286,31611609.41871125,-16.28256578574752,-23.28043585688352,-10.09444247499054
2445392.5,-136601875.7598722,51892393.28923311,22461738.18142243,-11.61843952999168,-25.4351058445712,-11.02907420224946
2445402.5,-144516781.7584853,29254384.86888444,12646586.07073286,-6.656274889577836,-26.8392473029022,-11.63614039659632
2445412.5,-148045033.8379722,5753438.196600599,2456987.979966879,-1.49505157355744,-27.41595649163644,-11.88820797111891
2445422.5,-147110764.7774122,-17875028.02257159,-7788774.329221448,3.635588036889592,-27.14862846768125,-11.77114687238331
2445432.5,-141803857.9645148,-40942510.18641055,-17789790.67561479,8.620024636765578,-26.11930837361313,-11.32426934507048
2445442.5,-132291574.6793067,-62782000.26517143,-27259453.2695714,13.33580456987001,-24.30569613087061,-10.53984495664445
2445452.5,-118897680.5819754,-82743152.33509614,-35914597.54578447,17.58362393033594,-21.80084015979282,-9.451588358666228
2445462.5,-102052521.7630162,-100287083.8867719,-43520564.09316322,21.31908432357116,-18.71326511387993,-8.113596076002029
2445472.5,-82239372.12794943,-114919144.9780732,-49865450.08338544,24.42335294590604,-15.07487430005754,-6.537067109697806
2445482.5,-60067448.05870157,-126227837.4565953,-54768312.25621276,26.77912358990165,-11.05270651235479,-4.790853920147161
2445492.5,-36173754.97996418,-133935516.9843413,-58109551.73123229,28.40361400185571,-6.744142816295891,-2.924477257419039
2445502.5,-11224343.86321481,-137819735.4609098,-59794263.58785126,29.20220895654494,-2.228889850859973,-0.9663268153794323
2445512.5,14045969.82755389,-137785881.0488733,-59778556.3755505,29.16373347196342,2.301018717436912,0.9991879009398766
2445522.5,38946310.59619662,-133858570.9158942,-58075339.87742798,28.34201422294941,6.776094621678993,2.937357162335096
2445532.5,62778370.58995,-126124468.2879719,-54722112.03419635,26.68638749434409,11.07863012779807,4.804595249920013
2445542.5,84848435.91838144,-114814945.7040193,-49817141.65133165,24.28909455962339,15.04088698168435,6.522659250673303
2445552.5,104557404.8396138,-100242709.7808637,-43498797.4177491,21.22029636316954,18.62125906904448,8.073284288751832
2445562.5,121324000.1773743,-82786969.42421149,-35929819.16072077,17.49419804764533,21.68229507747228,9.402805743922828
2445572.5,134649600.873251,-62955510.37910691,-27329975.22836528,13.28139477440131,24.1210357277783,10.45901370651692
2445582.5,144156769.1588898,-41288575.14749864,-17935749.26285514,8.659365194993654,25.91997666255727,11.23836218003207
2445592.5,149519110.1865706,-18388395.62234691,-8005623.935786738,3.721950677331174,26.95466187984318,11.68888165464782
2445602.5,150559048.3979582,5066019.755745745,2164622.573553514,-1.323663116571403,27.21291124928965,11.79887525412683
2445612.5,147223147.9429606,28416098.20833569,12288618.36846653,-6.396862665617709,26.70313180119351,11.57869343675328
2445622.5,139544714.8078413,50965190.65159567,22066814.33000498,-11.33171605954328,25.3590245003919,10.99663982220825
2445632.5,127738103.141759,72021903.9662065,31196867.2774439,-15.93717402738789,23.26653786833008,10.08731231774087
2445642.5,112119048.3746599,90967090.73140433,39411244.78221269,-20.13973638359789,20.46656973502304,8.87529352559133
2445652.5,93110861.22158024,107190853.8664572,46446820.15252123,-23.74458372447429,16.99026825667961,7.36735093149366
2445662.5,71295746.74109332,120180855.0231815,52078733.30090198,-26.63299705554087,13.00481011139248,5.637961571084733
2445672.5,47305489.53081769,129536881.2947868,56135807.73425968,-28.75962520108688,8.583745912849931,3.723332116620145
2445682.5,21865332.0550863,134926257.3816338,58473365.60937466,-29.97185599217413,3.861426511780463,1.674050544176765
2445692.5,-4221258.360182197,136182723.320151,59017504.22123756,-30.26723926677095,-0.9598263028845916,-0.4164250410673752
2445702.5,-30175030.69116608,133262052.8850855,57751930.09475055,-29.649172322056,-5.791137870940509,-2.509645693451185
2445712.5,-55176431.36291897,126229834.0792259,54703087.89513293,-28.071554862431,-10.43731082996966,-4.526341874089836
2445722.5,-78441834.3887984,115330903.6568251,49976902.96048535,-25.65532679273561,-14.72830857589037,-6.385512111068208
2445732.5,-99281711.08550088,100900044.7235031,43720795.60893317,-22.45370623004914,-18.58982571780495,-8.059567229944587
2445742.5,-117037212.9996069,83385788.35279678,36126528.75325116,-18.54600428636863,-21.83798458894912,-9.469760986974617
2445752.5,-131186325.0410767,63364696.12768747,27445518.78106743,-14.13355913419598,-24.39481396496569,-10.57617159983952
2445762.5,-141335017.103269,41440063.05512846,17940061.62656978,-9.29674715095635,-26.22279973286278,-11.36984417289924
2445772.5,-147177526.8543908,18295112.92720599,7904058.235785108,-4.206200318169312,-27.21134881198209,-11.79925540476854
2445782.5,-148593319.654408,-5349877.429041968,-2347654.579082862,0.931009321737584,-27.39535473807738,-11.87694848155947
2445792.5,-145575392.7913457,-28811956.53670358,-12520084.09606335,6.035496434008284,-26.77527640835331,-11.61001756741626
2445802.5,-138231916.8067905,-51380830.58353452,-22306298.97064459,10.90516889525179,-25.33961454836158,-10.98688536031635
2445812.5,-126842724.1645255,-72401865.75060305,-31419820.83284063,15.39558102266882,-23.21118872906727,-10.06294473079688
2445822.5,-111754415.608393,-91296347.0972716,-39612221.31634893,19.44255954844429,-20.41648556402643,-8.853251430773588
2445832.5,-93426541.87814125,-107511138.9960466,-46643008.84321883,22.86803465199426,-17.035988420782,-7.385600261709593
2445842.5,-72430785.87529522,-120614749.3050069,-52323439.84166273,25.62422054535899,-13.22909562890452,-5.735314795863102
2445852.5,-49354043.44476793,-130259153.5856047,-56505456.66104363,27.66250345445311,-9.039426831381824,-3.920170085042137
2445862.5,-24872573.84072497,-136166542.3865846,-59066473.78158456,28.86866662543902,-4.61446261414923,-1.999158221954205
2445872.5,306525.4517123366,-138208521.6842144,-59950856.37481961,29.28709025688308,-0.09934339988928714,-0.04298936625519535
2445882.5,25499128.36305274,-136328011.8072902,-59135920.92415317,28.88463170882141,4.445861294740439,1.927499417291388
2445892.5,49972457.90379696,-130571014.4998115,-56638810.18698141,27.63641603533745,8.840442061721731,3.834795926200596
2445902.5,73044697.25943021,-121123082.1195839,-52541691.13113275,25.64997448990704,12.98612387870451,5.630238641968458
2445912.5,94079801.0931,-108223185.5437887,-46948694.95392954,22.91619163410113,16.80607270537152,7.287637352408234
2445922.5,112449250.5105353,-92229106.07331635,-40012575.53948841,19.51097882520239,20.12731051412584,8.728220318716408
2445932.5,127641916.3020574,-73597037.10799249,-31933792.56580528,15.57023241887779,22.90995902353654,9.932897533702711
2445942.5,139207347.021551,-52818863.56347143,-22924426.54880575,11.12404252346275,25.0689472310214,10.87109965242873
2445952.5,146768617.2243801,-30494883.51336781,-13243788.91038401,6.340240302126043,26.48514170926414,11.48419417128849
2445962.5,150105514.0895148,-7260200.005572907,-3169743.212171432,1.354458972187068,27.17569780321681,11.78266360454415
2445972.5,149071170.5927777,16235618.59062093,7018492.936836183,-3.753065209680588,27.06976223384332,11.73891545752423
2445982.5,143652598.095479,39279020.27021976,17010669.7625455,-8.759377409543278,26.14368732353797,11.33541089921347
2445992.5,133996292.4361411,61196883.47842547,26513612.29714983,-13.55229635176277,24.46684950516703,10.6087048858486
2446002.5,120328213.198956,81332550.59460706,35245318.53253844,-18.00906000861167,22.01416473625044,9.546572150602458
2446012.5,103037977.6972319,99041280.66772974,42923874.91400474,-21.91569452134458,18.8777598576315,8.184460347256827
2446022.5,82633910.95865364,113789964.1973706,49318492.0582258,-25.2088036057785,15.17000358850622,6.578423058234866
2446032.5,59690896.39347412,125100266.482603,54223699.05636942,-27.7569725326236,10.93589809711984,4.742468914819435
2446042.5,34923434.45248938,132591864.580392,57471690.19959937,-29.430289397153,6.364811584781828,2.758845484512324
2446052.5,9082753.430626698,136040222.5261348,58967002.61630911,-30.23891004381508,1.587571535071506,0.6897488857320316
2446062.5,-17052483.58715052,135305485.0449422,58649340.69955146,-30.09269887122166,-3.283585208687266,-1.423743501835113
2446072.5,-42643914.18631033,130405750.3637598,56524276.50344048,-28.9986163230358,-8.023498903954524,-3.479434797455272
2446082.5,-66917121.31202541,121509310.3817297,52667481.85772464,-27.0450473254015,-12.52509424839205,-5.42932143274018
2446092.5,-89123976.50037278,108871918.5060697,47188448.02905037,-24.22156845262969,-16.64455197173373,-7.217556087901682
2446102.5,-108562624.6776331,92911106.85696107,40267445.89339747,-20.67060031003649,-20.20177738719082,-8.759077715639018
2446112.5,-124674472.8794513,74135708.61479251,32127563.88048544,-16.52748945296176,-23.15312062324679,-10.03797105865418
2446122.5,-136970268.7426854,53114674.39434197,23012933.33219919,-11.86572370799125,-25.37270077904363,-11.0022690050072
2446132.5,-145093748.2030973,30525747.43932403,13218419.81895021,-6.906790854556677,-26.78512847015563,-11.61271128811121
2446142.5,-148856641.2234885,7050816.31612439,3040918.786011756,-1.778861994326308,-27.4198100271681,-11.88863036330242
2446152.5,-148155754.0031554,-16609219.2065952,-7218303.977727979,3.387295082467958,-27.20581481407892,-11.79688258170118
2446162.5,-143058334.6733659,-39727564.72351317,-17241763.47201548,8.369502270780554,-26.18594230700132,-11.35234076940993
2446172.5,-133766363.7246197,-61650971.29243517,-26746755.8025716,13.08927678132498,-24.43741780747461,-10.596087010577
2446182.5,-120559312.2272768,-81743325.55854127,-35459111.55387541,17.39618743306249,-21.95849692906391,-9.521069776325803
2446192.5,-103873159.9321183,-99423669.47608621,-43124150.23121902,21.1316061165388,-18.88331373474424,-8.186023147171637
2446202.5,-84210737.83154559,-114227160.3338552,-49542452.34481359,24.27577262366821,-15.29914888996662,-6.634221771118026
2446212.5,-62134835.32190286,-125731226.2546577,-54530786.64879944,26.6933655649447,-11.27036746543126,-4.885992795187392
2446222.5,-38313632.90946398,-133627987.0738143,-57953504.72004609,28.32376729298154,-6.976444159758788,-3.023880566192751
2446232.5,-13409612.86284088,-137729179.9211864,-59731846.57569299,29.18818873121365,-2.48953491369087,-1.080150892291913
2446242.5,11875078.87818129,-137907072.4390959,-59808806.08350079,29.19519759211435,2.073136053450026,0.9003192640379885
2446252.5,36805180.35556853,-134178742.3126103,-58191123.75954621,28.38837150667951,6.535247664550606,2.833892730511825
2446262.5,60707820.87770285,-126656037.4269253,-54929735.36522049,26.80747313445796,10.84445948492811,4.701679796239966
2446272.5,82896355.4403096,-115526065.4681154,-50103185.43885867,24.42878854289814,14.85196406130179,6.441332813011775
2446282.5,102731077.506063,-101118483.8622786,-43855528.6639993,21.38348842792716,18.4267612995489,7.989271876346815
2446292.5,119668369.2116391,-83818844.98586887,-36354964.46911218,17.71997643410302,21.52985415362908,9.33541871193007
2446302.5,133187747.827601,-64094848.11666189,-27801750.26885261,13.49868296497831,24.0120945676852,10.41271688336458
2446312.5,142889580.3394611,-42520633.07820932,-18447285.42548507,8.904129865159735,25.81794102695124,11.19365202963847
2446322.5,148483034.5007303,-19683116.11016178,-8545283.67342297,3.997142056953867,26.91993013762258,11.67325665847972
2446332.5,149746648.5511416,3760211.952452299,1620650.933925449,-1.077502805610448,27.20989973834268,11.79849582455869
2446342.5,146629994.1129531,27113147.8184443,11745873.02408713,-6.127561037524105,26.72186521734609,11.58561537407114
2446352.5,139186025.1074077,49710751.19429729,21544297.74385804,-11.07622960660583,25.45087443703273,11.03680486304821
2446362.5,127578456.8146781,70856338.87505731,30713655.02468188,-15.72211641309177,23.37288750572153,10.13400565886299
2446372.5,112148662.9535476,89902633.38642454,38971341.75145907,-19.91585160552247,20.6065486083652,8.934486659129679
2446382.5,93315412.27293506,106275948.3811846,46071423.90976819,-23.57686341192948,17.18549759191722,7.453007985145417
2446392.5,71621800.64053926,119433200.1796703,51776592.96414786,-26.50718123417992,13.19499498176976,5.720428892320597
2446402.5,47738096.93672115,128964571.4170949,55908810.95200707,-28.64680950302434,8.810061808613026,3.820318772889763
2446412.5,22361827.50245851,134563969.3482736,58337678.58824646,-29.9402518929551,4.105966759668066,1.781295673952767
2446422.5,-3716597.04639242,136019872.1542405,58968728.8900594,-30.2680379740103,-0.7385911543220116,-0.3211670022805253
2446432.5,-29679896.94950318,133299737.4863777,57789209.18305849,-29.68472593983114,-5.544413843924472,-2.402949316909902
2446442.5,-54749098.20405868,126475515.7451613,54831246.26471782,-28.18618170374968,-10.21578915382058,-4.429295466272698
2446452.5,-78122758.61471494,115748881.7343127,50179738.72596692,-25.7828768938307,-14.54131714904755,-6.30558983385623
2446462.5,-99086979.99099292,101483572.608795,43994884.31853294,-22.62839348126094,-18.39890109614303,-7.976138195596979
2446472.5,-117020973.9708753,84111600.75616995,36463148.46741042,-18.77148193854504,-21.70631530588862,-9.412183847708135
2446482.5,-131361021.4333714,64184137.25389647,27822231.80864046,-14.34891392809739,-24.29669435751529,-10.53478331713875
2446492.5,-141711515.3348324,42340505.90291004,18351962.75298885,-9.556550557665009,-26.1456160607219,-11.33517997582232
2446502.5,-147787995.775147,19230550.82196587,8331781.133238765,-4.473788413477674,-27.20687358003975,-11.79752107858067
2446512.5,-149419916.1997824,-4424551.050650961,-1925117.26220116,0.6902414983120225,-27.41173054885345,-11.88465069040423
2446522.5,-146622578.687583,-27912302.54395888,-12108060.18893498,5.767385205504694,-26.83206417423759,-11.63343455747921
2446532.5,-139500757.7677904,-50560655.55325656,-21928529.39284112,10.67183284973275,-25.45970456852918,-11.03987966687536
2446542.5,-128293651.0977304,-71688978.0043894,-31089354.17184858,15.19272945174866,-23.33488899164331,-10.11633649425984
2446552.5,-113385562.7197575,-90707188.95937546,-39334510.18776284,19.23840168933303,-20.58883242840276,-8.927196733112885
2446562.5,-95208733.23462133,-107091661.0652581,-46439208.45432451,22.72853961019517,-17.24450186645296,-7.477387684846226
2446572.5,-74317298.41309465,-120369389.2620117,-52195581.08687755,25.50734662802017,-13.42834922331678,-5.820767771259355
2446582.5,-51336084.05905829,-130203670.1867285,-56459128.52237117,27.57215884344403,-9.28226397310771,-4.025344862811675
2446592.5,-26899249.19836426,-136326746.2833501,-59114468.80422367,28.85314756990468,-4.857412138215077,-2.105783789728366
2446602.5,-1725165.647807044,-138567714.081819,-60085078.94285646,29.28264994710663,-0.3286923652777636,-0.1412888229824265
2446612.5,23479218.0720155,-136898499.1934919,-59361371.30379298,28.92929229165686,4.190398600373147,1.816091230852191
2446622.5,48023466.44335746,-131351473.8262492,-56956303.4686388,27.74441154308463,8.61967191903827,3.73843029160254
2446632.5,71189743.85831843,-122083522.6196969,-52936764.07051299,25.76110772860552,12.77727775371283,5.540497623707352
2446642.5,92342975.84584455,-109368064.0120791,-47423931.57567807,23.08743089033681,16.5975553280845,7.195932883213828
2446652.5,110882063.0673652,-93529515.20225763,-40556079.44992088,19.71596714751448,19.97719397996373,8.663352608523553
2446662.5,126247986.1153791,-75019317.90129356,-32529554.39758821,15.77571173578259,22.76932287772665,9.872090685811186
2446672.5,138013658.4047023,-54355350.04700508,-23570465.11197934,11.38453326631604,24.95810031006709,10.82150042218015
2446682.5,145804113.6164757,-32095937.68788357,-13918175.59318843,6.595915043811344,26.43846220242186,11.46480556692844
2446692.5,149356625.7829289,-8896756.214504614,-3859129.527164367,1.61018060795919,27.13846843684296,11.76598094143041
2446702.5,148559901.9685142,14584830.44746431,6321813.780343811,-3.464852088801733,27.08673983640973,11.74509468481983
2446712.5,143375513.3700358,37671023.08200809,16332751.27620363,-8.511533919690198,26.21172021947221,11.36586474935855
2446722.5,133927847.1223505,59650623.30285054,25862439.17927912,-13.30662633371221,24.54609076637253,10.64188416408465
2446732.5,120476435.202233,79879493.41879088,34633404.30571698,-17.76721332012439,22.15809723424119,9.608604293818537
2446742.5,103366065.0076547,97728948.62436523,42373550.38588193,-21.73674366708694,19.04561201608685,8.2578093750974
2446752.5,83110625.42506956,112624032.2797465,48831138.71802007,-25.03738602337291,15.34948492413198,6.654685327045765
2446762.5,60304119.78365515,124113728.7339175,53813335.02908105,-27.62939040285255,11.16990578487591,4.844453684801389
2446772.5,35612851.17587934,131807161.5056271,57149485.99887134,-29.36923562846523,6.589496410462954,2.856283196577665
2446782.5,9818909.078363674,135448651.1307013,58727709.69866959,-30.19130214759135,1.820424147512702,0.7893170675148741
2446792.5,-16300963.89717863,134930010.0953205,58503610.50741665,-30.1174154077934,-3.027029640646587,-1.311409785187476
2446802.5,-41941735.550832,130235300.9134292,56467874.37616913,-29.07337944973688,-7.806302173451215,-3.385790766732122
2446812.5,-66283821.18796097,121523082.1248747,52690060.34872387,-27.1363771079602,-12.30638919704331,-5.335163066598447
2446822.5,-88601321.01551785,109073664.3174056,47293041.23126259,-24.38911546629787,-16.44335490191838,-7.129247124949961
2446832.5,-108197981.1087929,93259761.94104196,40435745.81744286,-20.85636022321865,-20.05696525690071,-8.697278901352687
2446842.5,-124471796.5736608,74605276.90305358,32347625.00414669,-16.72935619728992,-23.01378235821279,-9.977218746018215
2446852.5,-136968430.0998727,53687451.82400633,23278601.10142007,-12.12079977787746,-25.2860965920208,-10.96416200202044
2446862.5,-145307721.2336068,31145257.28351156,13503881.2859742,-7.143959000067298,-26.75296797090413,-11.59999507058998
2446872.5,-149275428.6073872,7694867.621003673,3336818.691847439,-2.029820719515911,-27.39906318533636,-11.87850561503346
2446882.5,-148803408.4073302,-15974703.0784924,-6925782.120692533,3.122881184146888,-27.25424647573002,-11.81806266992744
2446892.5,-143914992.4173802,-39155587.95765657,-16977221.27653378,8.150335274202403,-26.26957355431188,-11.38968850105833
2446902.5,-134812868.5971842,-61153818.80486733,-26514362.77771957,12.86011797026782,-24.53821807747124,-10.63848951881906
2446912.5,-121797950.1851898,-81361939.24600416,-35276621.54220917,17.19510482168718,-22.12286489691104,-9.593202121939711
2446922.5,-105258183.2437947,-99192196.4877216,-43007655.44031184,20.98588821524699,-19.05489491256202,-8.26088554373282
2446932.5,-85722886.03825998,-114147737.4256615,-49491233.11248177,24.12797633104425,-15.49340530871169,-6.717571082008609
2446942.5,-63753290.17485127,-125841012.0087939,-54561884.27427418,26.60500621741935,-11.50516124191008,-4.989097008741765
2446952.5,-39981806.81379187,-133934588.1999154,-58070717.48515969,28.28273847359747,-7.192370715969412,-3.117152759099378
2446962.5,-15112689.29871411,-138228389.1851437,-59931896.40421421,29.15859678152265,-2.729799611835933,-1.184239803107139
2446972.5,10176982.36280468,-138622266.5652949,-60103287.56584093,29.23968273255158,1.825433066857017,0.7915242452405066
2446982.5,35163646.92611933,-135091010.6171238,-58571369.35786618,28.45972604655326,6.322730432836371,2.742645525452565
2446992.5,59133372.82601463,-127758469.6498951,-55392102.49106845,26.90617138843154,10.6142204514869,4.601124511296398
2447002.5,81438925.75787617,-116820576.2960324,-50649909.01817347,24.59684326306724,14.64978400696113,6.352647583610003
2447012.5,101424043.870934,-102565972.050816,-44468387.51719638,21.554403478623,18.26342424411418,7.919320816279334
2447022.5,118520001.2762671,-85410564.60007137,-37030594.53452741,17.92937294359665,21.36467689304009,9.262458574815689
2447032.5,132244876.9163177,-65808106.37269317,-28531127.91048452,13.75327276821365,23.90461478025202,10.36586051165888
2447042.5,142159112.8766428,-44307065.87068348,-19207886.16274517,9.141920533381732,25.74247082163524,11.16122914161235
2447052.5,147971299.2643338,-21530898.16341795,-9333287.877936544,4.272865961929437,26.86363058990243,11.64719514074841
2447062.5,149482686.5749095,1894671.552960535,824238.8352396408,-0.796051644041933,27.2260749000852,11.806060761147
2447072.5,146592806.5742845,25274176.56144513,10961447.34562023,-5.874458954239646,26.75748522976314,11.60057887749656
2447082.5,139377413.9971537,47913743.29032528,20776887.83970232,-10.79996314111428,25.52403168468222,11.06698780429521
2447092.5,127998191.9344151,69154450.09463182,29987316.75707668,-15.48450494564007,23.51149367415704,10.19506930948022
2447102.5,112754105.116284,88323698.26995024,38298430.85749012,-19.71013265402898,20.7503235628182,8.995719011328433
2447112.5,94100423.85697693,104836490.5593553,45457753.46789934,-23.37339436921789,17.37475125160962,7.534136639998904
2447122.5,72553877.30748482,118179445.885121,51243775.59503869,-26.37657235015762,13.42057335498913,5.81901575857732
2447132.5,48765744.56632017,127899929.0665813,55457625.62224358,-28.54473020632587,9.027138493931908,3.91304034286347
2447142.5,23469976.26513975,133701184.4361522,57973079.07701974,-29.86816800986383,4.361767331183305,1.89221346333743
2447152.5,-2584327.214294238,135382207.2570063,58702316.8901177,-30.2791885918632,-0.4887393584581159,-0.2127044151649479
2447162.5,-28568055.34008816,132865632.3030239,57610287.7500793,-29.71476591630093,-5.313958126704677,-2.304361966757783
2447172.5,-53678683.23213812,126249257.4602393,54742080.33437172,-28.26651653533308,-9.966938588148937,-4.320549559571328
2447182.5,-77156072.12722544,115721897.4147683,50177433.70485769,-25.92839472732097,-14.3383260622558,-6.218188718993681
2447192.5,-98247999.71853961,101616951.9907174,44061149.76464838,-22.77855658117126,-18.22030068219273,-7.899603732702354
2447202.5,-116331079.503975,84399409.08286867,36596657.13427026,-18.97739263583618,-21.53706890805746,-9.337626988703894
2447212.5,-130867748.6689502,64588463.31304032,28006311.19293528,-14.58111520321741,-24.19629337447839,-10.49238885323532
2447222.5,-141412021.8776074,42818443.81713083,18567079.23049818,-9.779245073867719,-26.06643704506946,-11.30100052957739
2447232.5,-147698932.4846766,19767417.00424213,8573194.816479245,-4.740379281216694,-27.16354632515617,-11.7778958463411
2447242.5,-149559026.2797545,-3883283.115296416,-1682246.145075086,0.4417246273018299,-27.4367395388726,-11.89683411068119
2447252.5,-146963712.8385106,-27399774.32666732,-11878194.86459626,5.536365064559641,-26.86872871898607,-11.64865449681197
2447262.5,-140052568.1449471,-50097351.70088491,-21719193.60820588,10.42319972106404,-25.54917758942074,-11.07861432045199
2447272.5,-129039815.9245303,-71328742.65071438,-30925547.06596047,14.99698985050764,-23.47174111706719,-10.17689411848375
2447282.5,-114287611.2168119,-90464709.39202031,-39221815.81569988,19.0593414406416,-20.72708938548163,-8.98596661837185
2447292.5,-96265081.11322553,-106990010.033422,-46387114.7898951,22.56518332160282,-17.43736539361758,-7.561749776915952
2447302.5,-75483880.61182375,-120446210.5597976,-52221849.27698161,25.4133090697505,-13.63623138946074,-5.911675006272791
2447312.5,-52575143.93071795,-130453962.7498299,-56560207.74161155,27.48845776139585,-9.486075857756742,-4.112665823463233
2447322.5,-28197108.85926125,-136772094.7664295,-59300263.04856198,28.81565249088559,-5.101252306277929,-2.212745520608177
2447332.5,-3023249.539557313,-139219818.4309888,-60361359.90137332,29.31073718225919,-0.5538777301551088,-0.2389977039470149
2447342.5,22207992.60423946,-137737575.1989263,-59718123.1398924,28.96258891882239,3.96894841960384,1.720367130755444
2447352.5,46805026.9808648,-132391951.995403,-57401145.71101925,27.84241063707324,8.385443371689764,3.635484396593776
2447362.5,70081161.13962354,-123308578.3284092,-53462129.94186287,25.90365755506094,12.58817226515246,5.459113182907084
2447372.5,91356036.59380089,-110750865.6517284,-48017288.93057694,23.23561542232705,16.41024210411759,7.114009300155351
2447382.5,110050895.3384952,-95070955.78112644,-41219385.45801703,19.92930935145266,19.80999818567594,8.589674609586822
2447392.5,125612710.944372,-76678262.90394203,-33243830.99531821,16.00133230191202,22.66049822427917,9.82583552379339
2447402.5,137571146.5960508,-56105100.13343736,-24324197.96618035,11.61991215196784,24.85304100245477,10.77447877044918
2447412.5,145587707.2057724,-33919745.20181525,-14705241.43687952,6.877453743255161,26.3831499342088,11.44017329725454
2447422.5,149377692.8850255,-10739689.44124448,-4654107.776992134,1.869127133840061,27.13816895209423,11.76651736014323
2447432.5,148803653.7293508,12744134.62967886,5527149.602934354,-3.194753320671917,27.09714657090876,11.74786744342638
2447442.5,143862771.9805337,35865330.65634367,15552322.42224844,-8.230164600139286,26.28902595305944,11.39948639520864
2447452.5,134636397.4017846,57933262.15014265,25120834.39915619,-13.07518854653878,24.65906720185102,10.69082074308217
2447462.5,121384206.9616034,78263105.18429485,33934531.17895605,-17.53046903368809,22.28926103551504,9.663960413799277
2447472.5,104471879.2985402,96253801.32367772,41735516.05709539,-21.53035045247008,19.2412010733657,8.3433890373148
2447482.5,84364016.38807403,111325229.5493716,48269895.6887964,-24.89186528294029,15.55125564415095,6.741337855845181
2447492.5,61680802.87746222,122993270.0333011,53328290.28899604,-27.49032905425804,11.39212844398867,4.939849598577137
2447502.5,37087235.28067487,130899937.5386497,56757066.5530569,-29.29567697386051,6.852463396329528,2.971231873618772
2447512.5,11327592.63440622,134759735.7630447,58429778.47052062,-30.17013487270901,2.059947490768205,0.891820649975954
2447522.5,-14779144.07505829,134450952.0149223,58295750.92942186,-30.11504422569054,-2.772262861549656,-1.20114870590179
2447532.5,-40450421.35523691,129983648.9256798,56359169.88872546,-29.15223750915264,-7.549285150005911,-3.273880469186909
2447542.5,-64878841.61990115,121472197.3944507,52667706.96318697,-27.24383458693671,-12.09282950694629,-5.243957590306462
2447552.5,-87296002.74794443,109207424.0968919,47350284.64258029,-24.52302312878939,-16.22539380934355,-7.034130119041277
2447562.5,-107041055.833181,93571810.28363732,40570906.6348665,-21.06078123653602,-19.87750198220451,-8.61981292872551
2447572.5,-123493701.2322226,75046578.02208412,32537809.76645313,-16.93229653272381,-22.88277917336971,-9.92145643035098
2447582.5,-136172280.1273565,54239062.77310322,23516712.25687956,-12.35109670509096,-25.16346577757525,-10.90983220431004
2447592.5,-144732415.5285906,31777961.52911886,13777464.6371648,-7.41037299812822,-26.69738892215234,-11.5769955151988
2447602.5,-148917606.8117973,8353805.920087483,3620758.384148417,-2.268385329798213,-27.38192491621369,-11.87152893306959
2447612.5,-148657042.6443522,-15306130.33948788,-6637097.429926588,2.862467767581008,-27.25726130364802,-11.81825145053081
2447622.5,-143997069.5506628,-38521374.18078344,-16703646.90951004,7.899598833524542,-26.34592412075732,-11.42422185244222
2447632.5,-135089648.7928098,-60597406.70384791,-26275246.96692954,12.65213718333425,-24.63277987952155,-10.67925576102794
2447642.5,-122258022.2751014,-80894420.2419833,-35075293.25065419,16.97665497702864,-22.2465650913188,-9.646376267854814
2447652.5,-105890908.3259912,-98859854.85885169,-42865647.05210124,20.81804892582373,-19.23488892754321,-8.340194663016174
2447662.5,-86476778.03920661,-113970766.3513645,-49416843.56733283,24.00314498450758,-15.66877524320009,-6.79277422760577
2447672.5,-64615460.91855786,-125824829.2677409,-54556658.59206486,26.48664153333481,-11.71359248899592,-5.079961873452396
2447682.5,-40916133.24272244,-134114471.880164,-58151465.51135705,28.23843618917423,-7.424129695943822,-3.21842140548774
2447692.5,-16066227.55548806,-138597799.9312529,-60094580.16152225,29.14492142815451,-2.939020519327196,-1.273905721076326
2447702.5,9216895.98209732,-139182527.6559093,-60348704.6501264,29.25264793513685,1.587721640929543,0.6871951155368959
2447712.5,34249217.24221207,-135855871.5286264,-58906391.06462476,28.54776271639485,6.099438352075757,2.645668259955338
2447722.5,58304489.26742574,-128698986.3062483,-55802705.23510819,27.00590403378062,10.42167872705525,4.518317641595611
2447732.5,80708603.91937576,-117934850.3793783,-51136469.27032086,24.74032353290819,14.44409438198949,6.261949510344953
2447742.5,100846336.5993545,-103841273.0841547,-45025325.59168183,21.75343684768087,18.10439517088895,7.850837711633963
2447752.5,118112441.755223,-86805034.55179353,-37638578.93883134,18.12207408718405,21.23442150842385,9.205818907530936
2447762.5,132021350.5219524,-67315409.82041644,-29189110.45774026,13.99552574391402,23.78501177566899,10.31275063807177
2447772.5,142160026.2829082,-45890045.67035381,-19898775.27708301,9.405567059661283,25.68882839029812,11.13890691395828
2447782.5,148188912.9854032,-23146363.81827206,-10037937.16902427,4.518531973156961,26.83001354421224,11.63156153437238
2447792.5,149929508.6745819,259674.219070751,109946.8132044372,-0.5116513132247177,27.22800750070909,11.80621185243881
2447802.5,147282658.4431323,23672199.24998408,10261811.27167975,-5.609489102025059,26.82694611773358,11.63167923289474
2447812.5,140280510.0582341,46378171.21949158,20105839.71684896,-10.55703118552077,25.60295022564534,11.09964558334102
2447822.5,129120261.5067364,67704990.22879168,29352699.8797536,-15.22921001165246,23.64235661097536,10.25179285189926
2447832.5,114075852.6066515,87013605.54895602,37724818.59369626,-19.51137461010901,20.93050069113031,9.074316724367751
2447842.5,95578638.92481191,103680699.9110736,44950314.2122238,-23.1955536788872,17.55523637879669,7.610933400629255
2447852.5,74182040.29559079,117200156.1616372,50812469.53448047,-26.2202614863391,13.65320973521556,5.920492835008211
2447862.5,50494878.74017439,127134152.1497249,55119394.00665496,-28.46605168954137,9.274230408644318,4.019776920585733
2447872.5,25256051.5329276,133141530.0797057,57723205.29590946,-29.80666958106305,4.601945425471417,1.995463717787422
2447882.5,-761172.6689495528,135045821.2531172,58549423.47695019,-30.26843738272497,-0.214015363926891,-0.09259929506670335
2447892.5,-26772167.32206378,132760086.8486222,57557591.88752956,-29.77727541182376,-5.065688282169325,-2.197910373400263
2447902.5,-51941670.51474205,126347809.5096186,54776946.61419116,-28.34060292412253,-9.730950980356019,-4.218358910952833
2447912.5,-75506303.1398882,116029909.1470439,50303758.57063735,-26.06720306787399,-14.09759166923313,-6.112883845525308
2447922.5,-96744425.48726569,102109091.8089914,44266916.45623337,-22.9611644376745,-18.03772242654232,-7.821899007410222
2447932.5,-114984132.5143717,85039095.65438622,36865894.89158936,-19.16470395812861,-21.36929944079887,-9.264279100910995
2447942.5,-129706152.4733687,65366886.56719054,28336554.55311877,-14.82737374419999,-24.05575574678751,-10.4310950277546
2447952.5,-140470201.1082788,43685668.38126453,18935031.44535267,-10.02646025707191,-25.99448540277475,-11.2709527075019
2447962.5,-146965244.7416914,20689332.2482965,8964889.719806094,-4.985729502360653,-27.10533957057939,-11.75157433733667
2447972.5,-149054632.5117785,-2927574.659652549,-1275240.130657059,0.1611179738765955,-27.43031282513656,-11.89455560583696
2447982.5,-146688217.3233647,-26468487.48844938,-11482708.92581628,5.294254271494236,-26.91816473007098,-11.67059676398666
2447992.5,-139978912.0744469,-49212315.54780898,-21343285.62467812,10.18702030147147,-25.6088241885561,-11.10330970335413
2448002.5,-129176131.7569035,-70518203.86959615,-30581801.05001156,14.7605374176878,-23.5933116630363,-10.23080828230856
2448012.5,-114600250.9060764,-89777145.7857045,-38932126.7412502,18.88456547666907,-20.87604646180693,-9.050380983196682
2448022.5,-96722055.24832843,-106430854.3981273,-46152401.99669515,22.39735166988762,-17.59307193132006,-7.628532821431313
2448032.5,-76077365.8375848,-120045055.1336928,-52056134.79700594,25.28196142543233,-13.8460537303208,-6.004024271804258
2448042.5,-53249813.47537097,-130235848.1323457,-56474168.00874296,27.42123741777115,-9.69038062100363,-4.200552192489991
2448052.5,-28925791.57306382,-136727932.5646664,-59289034.02519338,28.75550017068355,-5.311015767922595,-2.30384271002517
2448062.5,-3781926.939778251,-139373656.326323,-60436925.15697345,29.3144293818893,-0.7931210995500811,-0.3436944108442538
2448072.5,21479430.24280038,-138085169.3082621,-59877505.53373156,29.01495554054598,3.762621911837081,1.631915869462562
2448082.5,46123137.36594514,-132915314.8694361,-57636492.1670135,27.90447668303716,8.173610586115986,3.542588729305767
2448092.5,69482712.09110662,-124018813.1734345,-53779501.37229643,26.03842804152283,12.38168902575947,5.369349282474806
2448102.5,90889272.112732,-111616916.8320581,-48401621.61329092,23.39270804881111,16.25250570919828,7.046579639247131
2448112.5,109720881.9398216,-96072248.10364178,-41662655.97886181,20.10238764275778,19.64894437835354,8.518290484560595
2448122.5,125460808.3260711,-77807091.79245332,-33743094.06847182,16.23415456867123,22.53929658849902,9.77371625253716
2448132.5,137621250.4457189,-57312732.82920964,-24856881.40149326,11.84544690117561,24.78263586741719,10.74439704318756
2448142.5,145835675.6893401,-35187544.65080038,-15264811.53122375,7.124961095686019,26.31746556175915,11.41027938291352
2448152.5,149857238.0611273,-12039680.85968397,-5227819.699720724,2.144895779843942,27.13627785015871,11.76656352578234
2448162.5,149508102.995952,11465280.3259102,4963191.990448088,-2.952139833560002,27.13510128772518,11.7639412184222
2448172.5,144781615.828834,34622188.72940893,15002845.98984442,-7.967048059719597,26.34479153231843,11.42293459672984
2448182.5,135782892.0851279,56768608.14608089,24605719.03930552,-12.82545001083169,24.78453254582602,10.74622592737495
2448192.5,122722243.0006356,77220266.8627192,33472400.34491389,-17.33004074092315,22.43349732141579,9.725383790679336
2448202.5,105986386.8082048,95342181.6913342,41329474.73475584,-21.32260403062723,19.41462012801188,8.418711055878065
2448212.5,86039889.58351515,110589943.9001854,47940987.61584188,-24.73764612867939,15.77901101959058,6.840864642145748
2448222.5,63461820.78337385,122454420.0248638,53084188.67769448,-27.38724757166559,11.61262307193147,5.034096856299684
2448232.5,38955407.91192461,130560230.8285836,56599015.6181919,-29.20624855028218,7.103621929185703,3.080963418228635
2448242.5,13241433.56191419,134651015.8425466,58372635.97778409,-30.15975165863263,2.331517072475979,1.00972683507184
2448252.5,-12878981.53229083,134562697.3225296,58333423.89088495,-30.14182731116199,-2.531031746210299,-1.097529962778466
2448262.5,-38581583.81114552,130310669.654015,56490491.24440175,-29.2113474819391,-7.288406891112545,-3.159544170608603
2448272.5,-63096564.18440613,122021129.8122577,52895779.24838266,-27.3824393434372,-11.8539100889096,-5.141005983089293
2448282.5,-85642985.55799365,109940209.8387159,47657211.01315664,-24.67375884799826,-16.02839895505277,-6.948906135886058
2448292.5,-105530313.9871377,94476557.38040927,40953167.74527607,-21.25184215242118,-19.67952359274886,-8.532732563678772
2448302.5,-122176217.1757192,76102045.09753276,32985498.03281471,-17.17674399219295,-22.74261047691972,-9.861893871263197
2448312.5,-135060312.2360458,55393358.99366,24006671.32210672,-12.58201489639179,-25.06151482738323,-10.86503634175285
2448322.5,-143831844.9533176,33016085.31461594,14304721.97839687,-7.677326607874658,-26.61333989787398,-11.53972196393585
2448332.5,-148259506.980847,9633494.411656478,4165605.45595586,-2.54539807844411,-27.37232074021821,-11.8685931524699
2448342.5,-148221711.1194055,-14032579.44697859,-6094979.662567332,2.61537277342674,-27.27072043656474,-11.82303119485414
2448352.5,-143783695.6981331,-37268552.65529732,-16169726.60189084,7.630047567506539,-26.39150151710298,-11.44393576378822
2448362.5,-135100794.2402528,-59416085.97401633,-25773089.66961557,12.41768046388727,-24.74529000212236,-10.72870500193347
2448372.5,-122451843.9966724,-79813851.0168664,-34616376.23539629,16.77564054186963,-22.36366310520171,-9.6960197434006
2448382.5,-106261562.0978129,-97892577.00045498,-42455510.13245448,20.61420985229359,-19.39152555155946,-8.408930732853303
2448392.5,-86997722.6336505,-113162003.9127828,-49076179.86833762,23.86647147474659,-15.86451751847251,-6.877475457087357
2448402.5,-65237868.13230747,-125179381.5489639,-54286042.96287219,26.37673077908947,-11.89909105887785,-5.159541967301325
2448412.5,-41629897.52313336,-133642522.7646153,-57956327.04763367,28.14870476876866,-7.647960118930055,-3.316809150676104
2448422.5,-16822560.10599218,-138326496.9047028,-59986821.90068162,29.13234184963226,-3.164137412120981,-1.370646635231898
2448432.5,8459594.188874869,-139094328.792502,-60319542.09222171,29.25525368523637,1.380855352985222,0.5977573381831923
2448442.5,33505784.12955906,-135957857.4211091,-58960453.63599564,28.5925910014906,5.866270308630183,2.543347839983057
2448452.5,57633027.1457593,-128991978.5737294,-55939442.30328463,27.11516582488977,10.22293938517263,4.43332971803916
2448462.5,80133881.06593414,-118386370.0843269,-51341399.61597673,24.85316754918531,14.26489853133655,6.183719673191789
2448472.5,100388041.9402346,-104452871.6572594,-45300642.59171239,21.92220264300225,17.92205022105312,7.77122119750037
2448482.5,117821694.7068003,-87549650.7876591,-37970982.83228911,18.3256903256066,21.11077469862499,9.153301626700467
2448492.5,131902014.1988272,-68155148.16180505,-29562697.37833099,14.19430374973262,23.6776051211102,10.26495190506101
2448502.5,142234068.8820792,-46817336.6276881,-20311137.92127654,9.657510477389401,25.60777507230957,11.1040246363283
2448512.5,148485032.3178337,-24112606.75737059,-10466428.12404951,4.767659020555608,26.81533302593185,11.62586260746432
2448522.5,150431626.3368443,-711688.6196381489,-321235.7262641705,-0.2715345317946153,27.22440343817632,11.80324286249892
2448532.5,148008660.0649924,22714429.63466286,9836226.318043355,-5.338786963248139,26.87505564267611,11.65343146443418
2448542.5,141226687.9299377,45490633.30366686,19711392.54285518,-10.32565301655931,25.70699021692482,11.14480561742638
2448552.5,130255559.2432678,66909371.9406537,28997328.25107347,-15.00806039121481,23.75270152692264,10.29876829023875
2448562.5,115405674.2353826,86337290.72983193,37421540.27449717,-19.29652770802445,21.10251544289418,9.150050366575986
2448572.5,97066133.5643166,103171203.5937687,44719764.24058916,-23.04606206183946,17.75671439104619,7.697659687856608
2448582.5,75789554.73307243,116861732.0058792,50655370.31161789,-26.08133015471319,13.8574189329232,6.009158197804494
2448592.5,52209658.0453325,126995017.3212179,55049591.28770953,-28.3714063924435,9.528774811915387,4.131191774117966
2448602.5,27018170.34657276,133224402.2731132,57749646.84992029,-29.78441566605906,4.849682834195587,2.10179543171545
2448612.5,1014609.464556911,135336639.8778015,58665726.03611287,-30.2574377354577,0.03333745288705393,0.01573665146179222
2448622.5,-25012303.71171315,133277608.8185337,57773287.07878789,-29.83504343883522,-4.797485654517875,-2.080963112814327
2448632.5,-50261995.3881532,127081687.8037855,55086039.40892271,-28.45442929292858,-9.504421269007304,-4.121163087913514
2448642.5,-73926627.85956141,116952771.4535179,50695084.98720744,-26.19268683594438,-13.87485725394817,-6.014736599095559
2448652.5,-95302450.01007251,103222829.0961264,44741923.65184055,-23.15736911843744,-17.83092417046617,-7.732227729838876
2448662.5,-113727397.8424226,86303449.9155831,37405558.49007872,-19.38167761436996,-21.22456180588568,-9.201970120759201
2448672.5,-128635709.5808148,66750927.68141365,28928902.70079071,-15.05499500024539,-23.91839195937081,-10.37005458418879
2448682.5,-139620233.2418769,45173187.6317053,19572713.88000254,-10.30479010176498,-25.90458409582645,-11.23263139385841
2448692.5,-146351736.9208962,22223677.20862944,9622343.942057306,-5.244557109472868,-27.07553790745422,-11.73820898088897
2448702.5,-148662715.2554111,-1370809.341214466,-607020.9823415867,-0.1059209425127114,-27.41114043728291,-11.88522505456494
2448712.5,-146538982.7677393,-24919236.97298368,-10817819.9603605,5.010936185964582,-26.96375622134591,-11.69135962993882
2448722.5,-140053361.9687479,-47725413.16811103,-20705515.12229823,9.952594220030228,-25.69273506897162,-11.13851434807727
2448732.5,-129451471.6722071,-69106010.06558071,-29975470.74141367,14.52198875734122,-23.69087412584968,-10.27277849678605
2448742.5,-115078731.3612185,-88476039.30299374,-38374488.43545767,18.66884380025262,-21.03770837735032,-9.121253681132446
2448752.5,-97357368.86183622,-105277782.2277793,-45658475.87395898,22.24016967638294,-17.76239650733872,-7.700540247094706
2448762.5,-76846830.69797915,-119040592.4471721,-51626082.42947736,25.12714092118798,-14.03136599129054,-6.084815700443489
2448772.5,-54134995.71515883,-129414180.395267,-56124087.69303726,27.32312924158587,-9.921169017377672,-4.300692960830865
2448782.5,-29867919.94141729,-136098630.6405857,-59021475.42630918,28.70696521902519,-5.521744209824569,-2.394082377822071
2448792.5,-4763146.910376385,-138929060.5361331,-60249439.15868516,29.27736892472825,-1.019844560153448,-0.4430866892270817
2448802.5,20495731.75672073,-137848071.4611448,-59780531.77689896,29.05366254539795,3.523329576009186,1.528919296741117
2448812.5,45191165.56232695,-132866662.4979895,-57620242.87432219,27.97222459183761,7.972043479301013,3.455740545614871
2448822.5,68614164.31834099,-124146555.0837674,-53840242.80453458,26.1280415545855,12.1686053060305,5.275666439604257
2448832.5,90131168.99128108,-111924307.0707573,-48540338.35782088,23.55500362675248,16.06560799961868,6.966827203025891
2448842.5,109108205.6003008,-96518054.41421284,-41860634.99372455,20.26927131541134,19.50542843967995,8.455932234280109
2448852.5,124999499.8437948,-78377500.59597546,-33995912.63759533,16.43111876071991,22.39474569747663,9.710169813836993
2448862.5,137355966.1484055,-57987347.15388428,-25154428.43323127,12.08895033512954,24.69669805864897,10.70841424644406
2448872.5,145773276.7067176,-35914923.22111291,-15584930.21739816,7.350516316821299,26.2695858694527,11.38876413654168
2448882.5,149998418.8226536,-12805702.87585052,-5565447.612102005,2.401461141324342,27.10301153513199,11.75216044314602
2448892.5,149880345.9715094,10701659.94309031,4627425.357471047,-2.690703372246478,27.17531499643731,11.78221998684924
2448902.5,145362334.5843386,33908241.93226638,14688424.71161807,-7.73994245614142,26.4089833783491,11.44966227662551
2448912.5,136567438.2692459,56117637.44849301,24318290.95473631,-12.57804259580831,24.87956514235999,10.78838051263136
2448922.5,123709511.511054,76682911.8123136,33235114.74027833,-17.12165612449543,22.59392506879254,9.79517982655029
2448932.5,107130910.5450759,94948206.7631207,41153785.9464439,-21.15530507915813,19.57942271738433,8.489230064184623
2448942.5,87331374.88540678,110350177.1635696,47832509.85216674,-24.57217671994485,15.9838075575753,6.931139140443353
2448952.5,64868098.49049325,122412806.0801423,53062279.20609964,-27.29285710986065,11.85405962706538,5.138435686465082
2448962.5,40421400.28393153,130720272.9071905,56663858.71945824,-29.14793737483191,7.329293809797433,3.178592823077996
2448972.5,14751844.68061764,135018763.0140556,58528481.17749962,-30.12965956280609,2.592634253350368,1.124371131969715
2448982.5,-11378546.97913774,135159974.6462663,58589048.24474815,-30.1927214599875,-2.27367122326057,-0.9867224077443534
2448992.5,-37139041.53446251,131113691.4534153,56834868.28338587,-29.28266015492297,-7.061109384790008,-3.060239326995135
2449002.5,-61729750.66130324,123029168.3595324,53330273.56905494,-27.50139055449165,-11.60982100924613,-5.034224999948991
2449012.5,-84411195.54177299,111144880.9831007,48176816.86968833,-24.85819416564832,-15.82721135392714,-6.862583547109535
2449022.5,-104459394.2906953,95834780.02797048,41539408.45143961,-21.436113281534,-19.51157617302052,-8.458402284622123
2449032.5,-121282803.6978989,77605903.13103272,33635990.19640348,-17.4127450783051,-22.58383521084103,-9.792742207978074
2449042.5,-134389615.0167254,57006725.98019467,24704235.56963867,-12.84760406418514,-24.97090982210579,-10.82631155669482
2449052.5,-143380512.3754465,34691329.98242573,15029781.1297567,-7.925923423186766,-26.54758573979111,-11.50950097802881
2449062.5,-148039480.304361,11356883.07016884,4912224.805595715,-2.833384718137637,-27.33953060419486,-11.8546547276893
2449072.5,-148250452.0073545,-12313516.89670884,-5350633.927415877,2.342227734590975,-27.30950148132623,-11.83958855895068
2449082.5,-144032315.2515079,-35590485.06928498,-15442025.47116857,7.380731346023615,-26.44092211067833,-11.46402671265661
2449092.5,-135574138.4771861,-57796437.090394,-25070556.08258311,12.15291779266535,-24.84227440588419,-10.77143125811826
2449102.5,-123135100.5525517,-78305904.0635753,-33962359.13817171,16.56400283076566,-22.51332458633313,-9.759745902393616
2449112.5,-107112484.9273047,-96512203.80088034,-41855601.49183947,20.42357095439728,-19.53948817698519,-8.4725074966881
2449122.5,-88012504.68195876,-111927916.8108144,-48540047.3642732,23.68905359707367,-16.06216302878522,-6.963965903656434
2449132.5,-66374053.88108438,-124130683.3880585,-53829920.01789373,26.27260811773781,-12.1150666773137,-5.251537258473128
2449142.5,-42846217.31645758,-132772918.0408119,-57577003.77762363,28.05861850727536,-7.855837441841977,-3.407172821746734
2449152.5,-18105424.3417215,-137652866.0582663,-59693139.12589825,29.08243777227683,-3.410823966297555,-1.478064403337401
2449162.5,7168571.426248155,-138630701.5121333,-60116117.16544437,29.27540974854339,1.153887137803687,0.5008391947408495
2449172.5,32236050.34244943,-135681344.7297345,-58837893.1096762,28.62090213539296,5.648673142602322,2.448156944047083
2449182.5,56407593.70509706,-128913329.9560712,-55903341.45633531,27.20239827883101,9.989156850647598,4.332219290029521
2449192.5,79010979.25966622,-118490110.0568349,-51383401.79167785,24.98671156835583,14.08047340803939,6.10456824819573
2449202.5,99380238.54861587,-104708117.6223112,-45408649.9106474,22.06092992095619,17.74636832277048,7.693923325966526
2449212.5,116958090.4305394,-87956215.55257273,-38144921.7127113,18.52732955292386,20.94938770336324,9.084323553260933
2449222.5,131224007.6902659,-68671588.62007785,-29783437.78770844,14.40716696294442,23.57883395996979,10.22213775795768
2449232.5,141737287.7079506,-47413150.4309954,-20566952.9170787,9.874244993003582,25.51766340378253,11.06404402144414
2449242.5,148197615.3797564,-24773364.45520496,-10750135.34464171,5.03187245107075,26.77014651975512,11.60764798370436
2449252.5,150365317.6186755,-1381191.091962543,-608293.9248528597,-0.0318446806526912,27.23697479874194,11.80807289012843
2449262.5,148145211.6704699,22059777.09778947,9554904.06405442,-5.097003302306952,26.89745961315657,11.6629159500784
2449272.5,141583740.7361414,44878938.69721773,19449481.51058626,-10.07012842268684,25.79431921032005,11.18381160394419
2449282.5,130810583.6128619,66395240.65560347,28777631.06703739,-14.80439458843425,23.87758753119229,10.35192471146976
2449292.5,116131690.0849294,85932812.78426935,37248954.9176368,-19.09446074309627,21.23871839763683,9.209804643688953
2449302.5,97961614.70079722,102911815.1025578,44611103.72301556,-22.87278741698482,17.95722499840621,7.785086371805652
2449312.5,76803500.07326281,116783445.4383967,50624720.91237421,-25.97239211782222,14.06539542207755,6.098330133949698
2449322.5,53313068.45051401,127096070.5514095,55096805.43595798,-28.27000569181264,9.748237591687477,4.227808245932365
2449332.5,28187145.70710056,133536363.5407372,57889196.589725,-29.74736022530119,5.10970585204404,2.214345680389555
2449342.5,2185083.782132079,135865048.3146071,58898452.58766312,-30.2786116894815,0.2687095528139987,0.1172149300673117
2449352.5,-23863770.24352006,134007813.6552408,58094224.3370083,-29.87069823834241,-4.553247633131814,-1.973392374992985
2449362.5,-49176317.31629128,128029606.9890353,55501872.81800807,-28.56868414313337,-9.258604518615662,-4.015192719742197
2449372.5,-72960575.71894991,118091427.7949253,51193109.99874497,-26.34130373531343,-13.6781935675339,-5.929219087187576
2449382.5,-94467697.91544035,104529631.728494,45313992.15200206,-23.32614605700566,-17.63146253318165,-7.644492002054045
2449392.5,-113069286.5011763,87771779.40901162,38047702.06601815,-19.61676381101318,-21.06316309790493,-9.132692592606148
2449402.5,-128185689.8024569,68330305.84485407,29619129.43755605,-15.29007138794144,-23.8144025928978,-10.32380148802583
2449412.5,-139376265.0234739,46840630.8147603,20302305.71121756,-10.56184768853957,-25.80682547309678,-11.1897815929133
2449422.5,-146349039.9192144,23951149.90936318,10377661.65497352,-5.534698169146443,-27.04234353632769,-11.72429956462307
2449432.5,-148898413.7561161,359436.3608738771,150021.9159862243,-0.363599759916692,-27.42419396175871,-11.8891514682255
2449442.5,-147000652.553943,-23202891.15428879,-10065967.4455833,4.735281817051908,-26.99306918398526,-11.70435579744581
2449452.5,-140755325.7173429,-46064265.11903751,-19978008.72531457,9.68579982924689,-25.79267153971771,-11.1818038095837
2449462.5,-130359357.968455,-67546072.10257493,-29290805.43688707,14.30599911019419,-23.81152860642657,-10.32343869643411
2449472.5,-116176048.099444,-87025004.47865659,-37736769.88610261,18.44496511436199,-21.18268575950284,-9.184848898910541
2449482.5,-98633443.8746223,-103978704.3715142,-45086904.94156489,22.06317508607885,-17.96372309285358,-7.787050660300761
2449492.5,-78248370.50963843,-117915292.5639899,-51128594.23928083,24.99981448134198,-14.22488128869844,-6.167749468793285
2449502.5,-55646650.62609834,-128463101.025777,-55702411.36813001,27.2025335131667,-10.14222892685244,-4.39737731649894
2449512.5,-31456380.47896528,-135355202.8112589,-58689727.4197728,28.65777424638617,-5.769484416901509,-2.500065719996268
2449522.5,-6373113.646998477,-138386611.8236346,-60003762.69827756,29.26149564028673,-1.23948511680247,-0.5382705511042655
2449532.5,18876903.5888055,-137503164.990258,-59621108.91170626,29.06071740426938,3.28003810974444,1.422826451685893
2449542.5,43611861.66224641,-132733839.9551018,-57552221.36531558,28.05564925179837,7.739556629182724,3.356551131457961
2449552.5,67116221.41078788,-124194924.9812506,-53850249.9308489,26.22315963172692,11.97145529796527,5.18950955527783
2449562.5,88725627.80460171,-112148325.1608087,-48627127.64604339,23.68641305694349,15.85685026064095,6.876259747361486
2449572.5,107846720.1084918,-96907743.09816714,-42018370.12010551,20.46022431022444,19.3432103624541,8.386756892202692
2449582.5,123900354.1501328,-78887972.33884816,-34206124.88719263,16.6152311726253,22.26438995712007,9.652678592197425
2449592.5,136429295.4425413,-58610224.00381965,-25413722.74086185,12.31459985689232,24.57360491758975,10.65573418802079
2449602.5,145059451.9859482,-36615745.58753607,-15877100.41243347,7.600230019285189,26.21637552543901,11.36595874299413
2449612.5,149488955.1365572,-13538305.93704894,-5871996.423417048,2.631931717510909,27.07247566280004,11.7380657948382
2449622.5,149582626.3796673,9949917.802297851,4312714.386442415,-2.42608039106757,27.1732616787015,11.78262032526659
2449632.5,145291554.9639766,33188701.77900624,14388279.69430154,-7.495628936725872,26.4791810089691,11.47946209020592
2449642.5,136691702.386551,55465523.58714782,24046590.34760425,-12.35979512061328,24.96087009711898,10.82321229333514
2449652.5,124029522.8689596,76114635.0304598,33000398.98996665,-16.8904897965191,22.71985823919901,9.851158684455973
2449662.5,107628735.2775938,94517101.68036015,40978603.81985638,-20.98353422210035,19.75689535333655,8.565014398234599
2449672.5,87960661.7376508,110071149.3606882,47722615.36042951,-24.42805202041923,16.1596670698416,7.00765100561651
2449682.5,65619655.17863007,122302460.3287889,53026486.21570779,-27.16604799378442,12.07766507505192,5.236298086339185
2449692.5,41247249.0788582,130815952.7528759,56716978.36741282,-29.10080053421467,7.566909370596736,3.280498643215958
2449702.5,15604597.92491448,135310804.012573,58666563.17119239,-30.10506131602676,2.816443052337365,1.22247635842765
2449712.5,-10517518.73032054,135659791.9989544,58818223.62033919,-30.21388893882994,-2.016270844059558,-0.8749483488476464
2449722.5,-36332851.06057194,131828769.3656104,57156765.12282922,-29.3778579334626,-6.831443648891324,-2.961297679332244
2449732.5,-61012290.85335765,123928428.0214019,53732477.33650817,-27.60750109295144,-11.40163241801328,-4.942380182117414
2449742.5,-83806247.83132167,112230335.0094996,48660446.94884376,-25.02487195829215,-15.61340298202024,-6.770359477773574
2449752.5,-104024048.270716,97081012.624195,42092262.5064178,-21.64772153102787,-19.35700884853833,-8.391292661157237
2449762.5,-121027225.8272133,78971140.86801109,34241433.31793175,-17.62150334633556,-22.45019712847673,-9.733315749026437
2449772.5,-134336712.554533,58482326.60273319,25357712.96739693,-13.11149222341214,-24.86333930405857,-10.78040589527471
2449782.5,-143562917.5360616,36227867.73014807,15709571.03127874,-8.193186322515748,-26.51060333559369,-11.49256385447994
2449792.5,-148442311.6101469,12916069.9064814,5603054.050773405,-3.088635837146448,-27.31563948267771,-11.84351357644786
2449802.5,-148890253.7978903,-10749624.1826794,-4658071.541640134,2.05538058053981,-27.33565718065822,-11.85152662555717
2449812.5,-144908336.8409129,-34079128.39684568,-14771878.0297991,7.130288564938875,-26.52688459116575,-11.49976830166522
2449822.5,-136654228.5761088,-56360847.1712309,-24432255.83252375,11.9154622590244,-24.93197636827214,-10.81050641920839
2449832.5,-124425204.6253422,-76970268.2528927,-33367967.17627244,16.32819494613203,-22.66195231254944,-9.824380096967277
2449842.5,-108580321.3986811,-95324616.80719943,-41324580.20586777,20.25041261928496,-19.7202164167244,-8.549133429070608
2449852.5,-89621090.40739736,-110892068.8102702,-48074327.73967562,23.52460746619909,-16.24197378795645,-7.042785453330755
2449862.5,-68115825.16293937,-123272604.3674161,-53441754.95905198,26.14279438608354,-12.34601766324308,-5.351281032354785
2449872.5,-44667603.90399311,-132118701.6913501,-57276112.6067642,27.99750151742187,-8.083810301443652,-3.504687249563035
2449882.5,-19975979.51713833,-137189641.4416473,-59475167.08699335,29.02692518686154,-3.638958140978695,-1.57798003158294
2449892.5,5270700.222603315,-138380293.5759285,-59990547.74522755,29.27891848315616,0.8965941926399231,0.3902682580810891
2449902.5,30370813.69925711,-135641298.3066553,-58802458.22182329,28.67882724923992,5.426046833376018,2.352061444461179
2449912.5,54592788.90613666,-129061460.2548072,-55950044.80597514,27.26799806346862,9.763981766654203,4.233902761380305
2449922.5,77280071.72230588,-118837004.872488,-51515959.48207423,25.12117307294992,13.85739746072354,6.009213196680205
2449932.5,97783430.69945313,-105223364.5506639,-45613545.28851612,22.22106317629097,17.57720446531259,7.62004143797204
2449942.5,115499964.8764395,-88615604.5835486,-38412982.53493585,18.70054365541549,20.77931967878838,9.010456135897321
2449952.5,129942372.386053,-69468495.0048335,-30110397.99622371,14.64056539571538,23.44456664994233,10.1651870287526
2449962.5,140658466.7107958,-48296961.82317673,-20931583.64100538,10.09978672544412,25.43959838235973,11.02908084167496
2449972.5,147315311.0737191,-25722672.87571124,-11143624.96022594,5.27354605349821,26.69849313864488,11.57707686940207
2449982.5,149710396.6129257,-2370323.100472827,-1018138.85085425,0.2420161695761873,27.22804233012479,11.8048156371007
2449992.5,147711539.5254438,21087718.82278911,9151872.49157726,-4.859562648216316,26.93120780804594,11.67644009375499
2450002.5,141356680.7912676,43939818.40898568,19060695.44680395,-9.820709500331143,25.84414464958761,11.20647813182512
2450012.5,130802074.1218525,65528823.35744559,28421152.56666469,-14.56481007604813,23.99991271208878,10.40465353039874
2450022.5,116303536.5714425,85185151.93294902,36943079.74530799,-18.90806795763268,21.37943524523794,9.270174217748847
2450032.5,98293351.86948848,102290906.4498779,44360631.78473991,-22.68593068974663,18.12028677694928,7.857154018165272
2450042.5,77280861.96352212,116331370.9895128,50447823.51791628,-25.83848519441866,14.28662431765452,6.193202235183423
2450052.5,53876787.49442062,126832896.7500474,55001029.15413903,-28.19055643772932,9.959499650949839,4.319433270227177
2450062.5,28815050.05483711,133460235.5424915,57875335.71355283,-29.68177625827107,5.342332101100464,2.316390719710105
2450072.5,2838757.234977565,136005730.5687207,58978436.0704852,-30.29319552640645,0.5233569054199351,0.2263861253097242
2450082.5,-23245508.40731711,134352416.6366269,58262276.48627099,-29.9249011145204,-4.333063444430109,-1.877219645928279
2450092.5,-48611419.21782415,128566907.8096889,55754401.04304192,-28.64832223147115,-9.02503050638949,-3.913422273601217
2450102.5,-72499982.02747749,118827784.5645335,51531378.78923962,-26.50047345732205,-13.4673506588073,-5.838636605138827
2450112.5,-94154310.15668733,105424113.4822749,45721060.81905548,-23.49837032433717,-17.467761268288,-7.57228063668842
2450122.5,-112912086.7087795,88807997.90922031,38516926.8283729,-19.8201190778735,-20.89835413547655,-9.06161685202106
2450132.5,-128231824.8063471,69488432.56618194,30140549.17270588,-15.5452827887274,-23.70819806484056,-10.27785403401284
2450142.5,-139637590.820698,48066429.08954685,20853840.66922456,-10.80131000857307,-25.74439719140801,-11.16132174395449
2450152.5,-146825131.9632896,25228764.66421582,10951871.96527882,-5.804148888273588,-26.99309449165085,-11.70395167226211
2450162.5,-149618084.9079443,1648721.221307019,728869.5335362571,-0.6422887763901624,-27.44862624006269,-11.89910805723631
2450172.5,-147943657.7875432,-21951704.33470657,-9502562.228497412,4.492911959486685,-27.04423570972936,-11.72553107390856
2450182.5,-141915144.7766411,-44863063.39013206,-19436616.85221493,9.422535322652072,-25.87116277195067,-11.21690502290538
2450192.5,-131737994.5117585,-66443717.67353886,-28792242.62211755,14.07588643564422,-23.95579389628742,-10.38480288838782
2450202.5,-117730179.2954925,-86052720.48736852,-37293569.59877124,18.25725330260037,-21.33068680080711,-9.248830341528564
2450212.5,-100353960.1530365,-103144514.3638422,-44704267.17160838,21.87211914932352,-18.14887524917592,-7.867932283829642
2450222.5,-80109577.58477269,-117263098.018539,-50824357.04276621,24.87235622856621,-14.44996130406786,-6.263895082466956
2450232.5,-57596511.4048226,-127998694.2679123,-55478949.46571255,27.10935391535986,-10.35112409502418,-4.488623803780502
2450242.5,-33484217.59604551,-135084365.2212849,-58550873.18384385,28.58412176000149,-6.015698881722863,-2.606734150900031
2450252.5,-8431909.772775,-138335931.1024993,-59959527.0679399,29.26349368543501,-1.49004419074857,-0.6456446879418889
2450262.5,16833028.93735007,-137653859.9955305,-59664160.34831627,29.08055460588129,3.055967361043305,1.324502957104829
2450272.5,41596289.84680029,-133089842.3051362,-57684668.15917709,28.11614923804498,7.49030120140887,3.249141925577866
2450282.5,65185202.15943623,-124757452.6859742,-54071372.67618761,26.35077415732061,11.75411214304103,5.09583403263227
2450292.5,86907234.77927454,-112881342.2745124,-48922750.55007869,23.81532116082604,15.66548416083178,6.792218835310366
2450302.5,106157740.3661267,-97811126.67435253,-42387776.51130231,20.64129242824512,19.14926309838831,8.303697225972368
2450312.5,122391074.6557909,-79935618.5565259,-34637484.0476147,16.8360860136064,22.13031580271345,9.594126126318569
2450322.5,135104248.696806,-59759801.65584388,-25890162.78173752,12.52613123106968,24.4585939465307,10.60539712077953
2450332.5,143936626.0676838,-37859472.26252206,-16393831.44800548,7.860295909542359,26.12583367479817,11.32782362788492
2450342.5,148597673.0562768,-14828106.94271813,-6408621.763139478,2.891970019865169,27.05317946490273,11.72846705956817
2450352.5,148904604.1624545,8651225.86955028,3771452.20408329,-2.17989345528505,27.16547319534395,11.77950798248729
2450362.5,144840126.6864684,31898407.50032595,13851463.88164194,-7.220990285634882,26.51878906495239,11.49746830517887
2450372.5,136464399.0359102,54241020.01780424,23537820.84771586,-12.12650837986867,25.06145561107827,10.86536804410188
2450382.5,123991376.5147455,74978646.92371523,32529670.75340743,-16.67287418982386,22.82607988612062,9.898072027038403
2450392.5,107781471.7309799,93493685.9998206,40557514.93651398,-20.76967732318053,19.92054442338541,8.636149700189147
2450402.5,88268044.83738896,109209344.6762394,47370765.38229536,-24.28464884656741,16.35385664310517,7.090845366641165
2450412.5,66040054.44905442,121605035.0259987,52746126.98898876,-27.03931164659387,12.27196389118545,5.321684948200449
2450422.5,41767015.07866534,130306405.5862335,56518611.50909173,-29.01243195398498,7.810182153617278,3.385324508727691
2450432.5,16163388.59647397,135012811.3560469,58559061.87203364,-30.09314377653993,3.049465892036152,1.323306344882948
2450442.5,-9956138.150843328,135556079.6450327,58795588.68753941,-30.21748269460608,-1.78922631502398,-0.7754616465419493
2450452.5,-35795540.24033081,131933902.1162204,57224678.11232582,-29.44437693678698,-6.581276746063971,-2.854055791936997
2450462.5,-60564014.38180583,124231747.2789756,53885795.30948927,-27.73094139438282,-11.19803877846913,-4.853529482182294
2450472.5,-83467590.61398877,112700585.6579099,48886941.15400589,-25.15885890498601,-15.42064470601988,-6.686218303607153
2450482.5,-103827143.0089993,97718417.02884129,42390682.96678685,-21.84951781719735,-19.176425059231,-8.314208326810213
2450492.5,-121019949.3084774,79734183.4629124,34594352.46203478,-17.84325399264293,-22.3352999874821,-9.682420328379893
2450502.5,-134518620.0170559,59336485.11671372,25750808.97540359,-13.33691364037347,-24.76027506025979,-10.73594261225944
2450512.5,-143962653.2039326,37158305.44312746,16134872.6399547,-8.4691446290013,-26.45254307257142,-11.46802538422003
2450522.5,-149075741.2112387,13864767.41145541,6036823.14648445,-3.34433692539353,-27.32019099227849,-11.84426593180546
2450532.5,-149738555.84276,-9809389.49833535,-4227698.450115395,1.800763268737404,-27.34973179266186,-11.85864246020387
2450542.5,-145989066.0891048,-33174223.21058963,-14357636.74509312,6.859131990341885,-26.60516838309246,-11.53353210569654
2450552.5,-137948063.2026774,-55547074.45404926,-24056672.7202281,11.69476775793876,-25.05135548613095,-10.86128365972775
2450562.5,-125903596.8009407,-76259865.68050823,-33037470.47872393,16.10986880715266,-22.78899405535748,-9.880858364581226
2450572.5,-110244321.1961634,-94750845.25182413,-41053749.34158085,20.05522661432578,-19.91074199803239,-8.6309266786359
2450582.5,-91423960.00651135,-110492363.2242045,-47878129.25308714,23.39259589230418,-16.44255692267205,-7.129394924874497
2450592.5,-70029271.94588082,-123044327.2470238,-53320619.3718513,26.01405377172647,-12.55559742684126,-5.443302998635987
2450602.5,-46673697.97506129,-132093605.7917695,-57242974.94739585,27.92483470342959,-8.336756684534944,-3.613305754375217
2450612.5,-22015150.12558056,-137377394.9209888,-59533808.65880248,29.01141773661498,-3.871170167550899,-1.679170492702953
2450622.5,3219326.44925409,-138767827.0602423,-60136723.28725141,29.27148585313329,0.6525689817733096,0.2840464226826732
2450632.5,28342078.24911562,-136249636.5091177,-59043848.97636221,28.74410231858049,5.171689311292413,2.242685163250032
2450642.5,52642348.70665281,-129871150.3716205,-56278778.46766016,27.36922518516915,9.552595418375683,4.140997230649909
2450652.5,75418783.35943837,-119830672.3710732,-51925174.56799824,25.23970202556502,13.63513884539354,5.913255032832924
2450662.5,96055432.19353968,-106403354.1651115,-46102854.47481561,22.40834967459747,17.38099005716442,7.535412531558966
2450672.5,113942130.7039582,-89939495.93323624,-38965311.721117,18.89453914887988,20.63425333393664,8.946076239626194
2450682.5,128556736.2605558,-70919407.95153342,-30718034.7006788,14.86052956514141,23.29729391961045,10.10227681163725
2450692.5,139486486.1966408,-49855032.16356496,-21585114.43766472,10.36506933661353,25.34844487643759,10.98929392107192
2450702.5,146365336.8026509,-27334379.35620924,-11821434.56373836,5.517364463137078,26.65145968907851,11.55561513793787
2450712.5,148978170.2182241,-4021331.557423642,-1712693.963292209,0.5128804696596984,27.19385170205706,11.79105005635556
2450722.5,147222641.4031291,19436490.84532806,8457419.827492176,-4.58107731781184,26.968793392805,11.69170898136356
2450732.5,141088549.5171096,42338092.7982647,18386659.05735864,-9.582764741266494,25.9073238617406,11.23362856325384
2450742.5,130745633.9480137,63988148.83148593,27774235.99040378,-14.31032262834106,24.09098607785453,10.44495481948099
2450752.5,116458165.9790511,83753925.47107321,36343318.59406213,-18.6889316459892,21.53752702718744,9.33723504115306
2450762.5,98611631.15473205,101000525.4760253,43821261.65509498,-22.51322961162031,18.28070822858197,7.927265875942227
2450772.5,77749088.29566833,115189904.7463687,49973722.60299907,-25.66925800835842,14.4821362793283,6.278256819553474
2450782.5,54465135.68766586,125883109.2714361,54609291.19125872,-28.09202386734843,10.19523863129103,4.420301106678847
2450792.5,29465234.28802053,132705232.0427011,57567967.05202804,-29.62259471722212,5.559143473770392,2.411362708743682
2450802.5,3533511.487645088,135447964.667537,58757036.88315336,-30.25931543350216,0.7699170381374979,0.3328461413199948
2450812.5,-22557874.47680335,134013890.5119198,58134988.68350485,-29.97562153147563,-4.088792845403193,-1.771932469862878
2450822.5,-47981498.68059056,128421191.7572711,55711180.90929066,-28.72127492566088,-8.813787592132742,-3.820902628181225
2450832.5,-71944988.46272245,118869894.9684626,51569604.61395061,-26.6134315068639,-13.24276371211784,-5.742377314187351
2450842.5,-93731562.39444758,105646494.5955143,45836690.47003988,-23.68087154705881,-17.28894066216386,-7.494381169074183
2450852.5,-112648071.7556771,89163951.18821967,38691272.06575524,-20.00288923637261,-20.75586259493901,-8.999245057758655
2450862.5,-128139101.0597152,69966590.38376093,30367409.23450736,-15.77069637692788,-23.57352410195332,-10.22087367889445
2450872.5,-139760272.6880966,48631589.0292061,21118148.44524534,-11.05711735360319,-25.68268658766253,-11.13347869873466
2450882.5,-147158260.1991606,25830520.66776043,11232800.73965188,-6.040504111065201,-26.9594854574291,-11.6893953469436
2450892.5,-150167056.0321221,2272738.596591538,1018578.424855181,-0.9119782796622428,-27.44251309416715,-11.89762492626729
2450902.5,-148725529.7897881,-21356997.96113241,-9225309.782257203,4.240159853589745,-27.1125000763283,-11.75390188454339
2450912.5,-142898081.2030706,-44335430.28073093,-19188078.4844716,9.199826449629704,-25.9516858103223,-11.25257142308585
2450922.5,-132920828.930899,-65997578.68976818,-28580044.47027176,13.83850965046098,-24.07777703980224,-10.43815203130751
2450932.5,-119098362.3308873,-85740294.7610094,-37138751.75902195,18.07494085560932,-21.50504367898396,-9.323580292351945
2450942.5,-101861688.5987664,-102981181.9900723,-44614301.85074199,21.71876645011486,-18.31903457678923,-7.943073136256861
2450952.5,-81750295.78557909,-117262485.0590385,-50805734.80972119,24.72946706005193,-14.66620314599045,-6.357319786667493
2450962.5,-59328721.28656795,-128198712.9557129,-55546710.82373553,27.04008040781894,-10.58463423402758,-4.589705064830633
2450972.5,-35262944.01382052,-135476903.2512734,-58702891.34342283,28.53404742862731,-6.234371758205826,-2.703060171291635
2450982.5,-10244780.61824749,-138933328.6936765,-60200680.09140051,29.25034558854545,-1.746385419253696,-0.7559828542904544
2450992.5,15042813.41044119,-138469167.5595544,-59999482.94468506,29.13795993718486,2.81905456394645,1.221179389540294
2451002.5,39861224.63259593,-134096967.7234848,-58104283.4709252,28.18068982035135,7.270597838573567,3.152854102133525
2451012.5,63524631.23626479,-125964787.0533417,-54577573.5881452,26.4716301981719,11.51901902692106,4.994684444927975
2451022.5,85377866.2909024,-114273083.272363,-49509076.4342197,23.98563309046256,15.47905919055186,6.710078335550544
2451032.5,104773327.6495431,-99352170.52885117,-43039945.92971595,20.81032020711978,18.97616456203724,8.228479035022366
2451042.5,121176671.705878,-81625600.28845279,-35353701.4426499,17.06515279015155,21.97264174159255,9.52609956233535
2451052.5,134100741.7700209,-61557659.39728013,-26653855.76777018,12.77145287124906,24.3651636238979,10.5631470765737
2451062.5,143138037.3831058,-39730686.45660392,-17190072.85327275,8.101681906115898,26.04057630012982,11.29147948655106
2451072.5,148028901.6938014,-16759284.41931097,-7230362.529946432,3.177649377041198,27.01286587866452,11.71070772153138
2451082.5,148578369.3572051,6715873.149096298,2946800.474611497,-1.915498838727249,27.18760061587181,11.78748468054727
2451092.5,144734181.4817951,29984721.23423345,13036030.29163635,-6.959969934019862,26.54711639968276,11.51070434428609
2451102.5,136594209.2922003,52375456.53693948,22743437.30356966,-11.85325489047188,25.15254386951046,10.90397203937898
2451112.5,124336019.0679861,73216195.45956613,31778796.17173314,-16.45311837597721,22.95985293824653,9.955172480938193
2451122.5,108308989.1068048,91846204.54326198,39856825.99443973,-20.55444135826569,20.06191702145287,8.698186986410404
2451132.5,88975936.08184905,107710077.1541245,46734065.97054637,-24.09634767631986,16.55677308161165,7.17748300762084
2451142.5,66877876.70992781,120291123.3796749,52188878.84638459,-26.92116954028049,12.48413023153192,5.413775217027773
2451152.5,42701418.72761458,129173721.2211185,56040519.39391576,-28.90376248752496,8.030580425622924,3.481070063782568
2451162.5,17171247.94475073,134090215.0976814,58171348.24542108,-30.04480718971684,3.309593602084651,1.434658177517127
2451172.5,-8940224.981918005,134849632.0875477,58501262.95224222,-30.23319099302967,-1.556834292272348,-0.6738044640267187
2451182.5,-34797465.56142081,131425291.575349,57016607.37769435,-29.47515822830418,-6.344428145793579,-2.751817037523814
2451192.5,-59621587.26264186,123934399.3038613,53768342.82088442,-27.83724974143568,-10.95790660867078,-4.750423097374036
2451202.5,-82639648.4499073,112586230.6092599,48849148.15902232,-25.30125234867297,-15.23508415698704,-6.604636680502519
2451212.5,-103125053.8746182,97760611.75216009,42420869.03563792,-22.00862406985456,-18.99365697254516,-8.235984460293343
2451222.5,-120484063.8790277,79925554.78685912,34688245.94224441,-18.06857862214195,-22.18801606636717,-9.618743684570811
2451232.5,-134181218.2664387,59624041.43784973,25887142.64015848,-13.55962924173855,-24.67390883174759,-10.69773657695757
2451242.5,-143818565.8571156,37516309.97121658,16301364.35702506,-8.705284929377274,-26.3758616928639,-11.4361733734464
2451252.5,-149155416.3435495,14267243.66925673,6221930.945700674,-3.616025030194938,-27.30675085090765,-11.83778002434758
2451262.5,-150038103.673951,-9421593.547274843,-4048206.172579773,1.565406481061338,-27.38248741070983,-11.87278607312682
2451272.5,-146491105.027576,-32818431.96654999,-14192840.15792408,6.61590802609739,-26.65206259642475,-11.55527142684777
2451282.5,-138664830.32416,-55260539.17255525,-23922073.26793344,11.45762743876408,-25.16946633729718,-10.91141372093774
2451292.5,-126798890.4445517,-76088792.72331703,-32952558.56351679,15.92649967915251,-22.92608979695343,-9.940980443338898
2451302.5,-111296543.2938093,-94701192.00667578,-41022528.71313679,19.86989559823735,-20.06506040641174,-8.69877289613937
2451312.5,-92623716.02131899,-110603328.6751038,-47916252.30780525,23.25285299733628,-16.65426782425911,-7.220320466361675
2451322.5,-71321708.51008424,-123336682.646979,-53437610.54747947,25.92685461082124,-12.75804654723369,-5.532357158013351
2451332.5,-48039969.10647213,-132564116.7569971,-57438180.87506249,27.84331861209506,-8.559083135519375,-3.709831657415933
2451342.5,-23425124.81270149,-138057337.5960352,-59819315.81391314,29.0010581795423,-4.119955229551167,-1.786879758725651
2451352.5,1822229.713026009,-139649243.5456086,-60510405.13457938,29.2984446640934,0.4338478927439594,0.1876263205229354
2451362.5,26971079.08545682,-137324588.5615347,-59502041.58073206,28.78816546970139,4.933329502493399,2.139945563430128
2451372.5,51342671.56544986,-131153560.7831472,-56826572.95520394,27.48900225257784,9.32619272377047,4.042152030224677
2451382.5,74233864.67930809,-121288357.6951145,-52550198.44536077,25.37469101864434,13.44860347473803,5.830926810490471
2451392.5,94993707.28037372,-108026943.274855,-46799895.47890734,22.57369317399502,17.18272656994861,7.450313564635263
2451402.5,113052933.3374128,-91718902.3999886,-39730019.0156818,19.11842669007984,20.4828413203222,8.879059087426963
2451412.5,127860136.2822115,-72807735.70003137,-31531328.70170251,15.07696204857923,23.18459983700359,10.05255411567784
2451422.5,138987837.8793664,-51841927.53113112,-22440853.41878197,10.61964962383871,25.24164556943233,10.94346556101521
2451432.5,146103315.4849707,-29385341.57862884,-12705635.12065333,5.79642236872326,26.61338561393124,11.53733401498334
2451442.5,148944964.8244125,-6087147.727012636,-2604479.66707537,0.7662036180203191,27.18405643631454,11.78676971117497
2451452.5,147420404.607427,17368091.15491275,7564893.237311915,-4.295388324363274,26.98695690432552,11.69933859674143
2451462.5,141531275.7217893,40317801.47905816,17513892.33732274,-9.314767104159316,25.99658037881239,11.27059349153921
2451472.5,131399623.7256199,62054172.18763757,26938296.50417336,-14.07818269762123,24.19185315310093,10.48933678007225
2451482.5,117320117.1206586,81920299.92394373,35551051.86263372,-18.44552078768767,21.68245101616873,9.399149895286202
2451492.5,99663609.2333962,99318917.54548198,43093686.48435829,-22.32608173705729,18.47785250192902,8.011539257114775
2451502.5,78940833.36348687,113676400.52665,49319093.32868485,-25.51747989240348,14.67282417445062,6.361751682169968
2451512.5,55785849.87183134,124550862.5651326,54032997.59708908,-27.95807169822264,10.43126682639541,4.521309386530906
2451522.5,30868589.54895193,131589771.2024636,57084657.43300093,-29.56760949301508,5.81137212693432,2.520455137181064
2451532.5,4967922.041564889,134538278.0760028,58363497.25330208,-30.22939163780084,1.001855302604843,0.4338368213509273
2451542.5,-21110097.34082448,133317987.7078159,57833459.86737944,-29.98876120811225,-3.826756845376417,-1.65974089149787
2451552.5,-46581173.08323004,127945982.894408,55504814.90315441,-28.81119399067068,-8.578125770421956,-3.718024760809954
2451562.5,-70628565.23590925,118581365.0536888,51444826.2119831,-26.71267383625938,-13.03303196861997,-5.651731747521754
2451572.5,-92519692.942779,105544107.9252781,45791628.92376579,-23.83472089701516,-17.07510018487904,-7.402895835414284
2451582.5,-111596559.8809406,89223112.06819418,38716297.53508164,-20.20550762498794,-20.60284289512279,-8.931701225509286
2451592.5,-127258170.3101704,70142521.69430196,30443384.86443407,-15.96746242978694,-23.44368671830892,-10.1655306304065
2451602.5,-139068154.3140648,48914439.98818812,21239430.87109586,-11.30313675136658,-25.57632184914877,-11.08803594837745
2451612.5,-146688107.6873916,26171873.75855634,11379979.18620859,-6.291239173318353,-26.9274921114158,-11.67448477080138
2451622.5,-149902023.300734,2632409.047283795,1173501.075790083,-1.147127926152067,-27.42539512229023,-11.89148473479115
2451632.5,-148677036.2174514,-20996184.76328484,-9070701.958035521,3.975246296895827,-27.1398299127913,-11.7656126963738
2451642.5,-143066790.1419955,-44030532.74783523,-19057004.26947768,8.973900453800113,-26.04155591039692,-11.29122918163062
2451652.5,-133271504.7100675,-65772330.98848174,-28484201.72399208,13.63088468932571,-24.17297050452428,-10.48071160908253
2451662.5,-119633014.6616867,-85615921.63361375,-37087005.75322414,17.86570984395061,-21.65413281652628,-9.387391557122427
2451672.5,-102548900.539431,-103006262.314202,-44626886.54530221,21.57650178096037,-18.49966103606666,-8.022005041446496
2451682.5,-82549635.3053901,-117440025.8259049,-50885429.10476644,24.60274135776226,-14.84502569273876,-6.43584509270775
2451692.5,-60231503.19924133,-128550317.6125673,-55701735.26946024,26.9423162433868,-10.8127499565689,-4.687601946543014
2451702.5,-36215280.05330826,-136028790.6549944,-58944848.07206114,28.50827788902349,-6.456610261340139,-2.800746297643335
2451712.5,-11212901.10264161,-139670744.3116099,-60524119.14604953,29.23521153622527,-1.963695680254333,-0.8506202058749331
2451722.5,14078651.17875182,-139409691.9649816,-60410505.02550022,29.1775271736675,2.571754111312369,1.114497697732105
2451732.5,38961926.90598329,-135237285.062666,-58602669.24168206,28.27653424892654,7.060848088703035,3.060263769172051
2451742.5,62710178.02968087,-127279395.3694752,-55152330.78997934,26.57444988278125,11.31414047687025,4.906141117487819
2451752.5,84677462.4203733,-115769946.8447474,-50162367.97737458,24.15557615686306,15.27543886454739,6.621450071855869
2451762.5,104237831.6839105,-100999372.7543571,-43759633.55900931,21.00752852439296,18.82879147371711,8.163005875657893
2451772.5,120810165.935928,-83394579.60091783,-36126559.76972913,17.26860722359615,21.82968696520587,9.46489187594483
2451782.5,133936359.1154475,-63441148.78527186,-27476228.39702526,13.03405365648384,24.25849768601729,10.51570215360794
2451792.5,143202072.294704,-41676782.60431395,-18040951.29982379,8.357560053484807,25.99333301843305,11.2698573700648
2451802.5,148310993.5180203,-18742794.21545381,-8097375.992893373,3.440609991714333,26.97218509493989,11.69379546639646
2451812.5,149105577.6709448,4719737.186150603,2073890.626633909,-1.622456366971322,27.20976306458966,11.79544818250358
2451822.5,145499943.5732994,28033414.73639007,12181405.82831857,-6.704913571701447,26.61653460671285,11.54040518823917
2451832.5,137577366.2232559,50485984.75532519,21915983.99358499,-11.59235615260854,25.23379934201562,10.93932168483222
2451842.5,125546207.2780856,71426340.22649853,30993603.10552487,-16.2039839219419,23.11103146191595,10.01911971537347
2451852.5,109707612.3487031,90202001.93108647,39134124.29069409,-20.36416971769983,20.23520624332162,8.773736695695858
2451862.5,90536490.04516123,106217192.3496582,46077280.02129593,-23.90647319056499,16.74733877827435,7.259370855897901
2451872.5,68585800.99198781,118988891.5564024,51613567.91051118,-26.78306904926148,12.7282958277267,5.518465822190667
2451882.5,44497086.85903703,128082211.5250853,55556528.74284092,-28.82800501013153,8.264904165405307,3.583582272632062
2451892.5,19029659.77487384,133203175.0889435,57775959.49594651,-29.98002234125864,3.562204236065852,1.542786001891823
2451902.5,-7055532.901056333,134194169.12384,58205168.40611611,-30.24402983764687,-1.284992896083681,-0.5564336726969019
2451912.5,-32948590.31593085,130988847.7078948,56815957.82829519,-29.53190236171415,-6.110868631591193,-2.64972753708622
2451922.5,-57825679.76598724,123701659.2039404,53655481.77990638,-27.91554872492487,-10.71215830261915,-4.645458144592922
2451932.5,-80944251.10572657,112562211.0753405,48826037.18610704,-25.45506481915924,-15.01070097165948,-6.507045726812485
2451942.5,-101574945.0278785,97904407.40356405,42471230.01596633,-22.17744271192124,-18.82189783892004,-8.161322250338793
2451952.5,-119085264.0476772,80218189.93196128,34802238.25458641,-18.26448377635046,-22.01602799372154,-9.545489455210634
2451962.5,-132977674.9758763,60046248.72096523,26057105.88658046,-13.80765566507559,-24.55715510485457,-10.64615777740988
2451972.5,-142823983.9368845,38012691.03632963,16504026.03364559,-8.935164075035239,-26.30704650046322,-11.4069581318727
2451982.5,-148365517.1814577,14820606.27859663,6448308.416171028,-3.870740104963714,-27.25153551618042,-11.81457920424341
2451992.5,-149480045.2272887,-8849362.717472889,-3813301.406708176,1.297754033565058,-27.39959909910143,-11.87905170433098
2452002.5,-146144656.0642371,-32279080.70425679,-13972123.70084902,6.389085909963342,-26.69731952726082,-11.57605082646447
2452012.5,-138519048.2174931,-54766286.95886479,-23721665.39439385,11.215676181975,-25.23977684947564,-10.94189674791002
2452022.5,-126856137.6707061,-75685980.15771899,-32791088.19978977,15.71479187156708,-23.06407975649026,-10.00010787967566
2452032.5,-111511196.1546597,-94422227.69417074,-40915271.01474369,19.70473659090539,-20.2062292390357,-8.761243255143018
2452042.5,-92982262.04926102,-110454909.7288188,-47865954.46477778,23.0873261746952,-16.82638552140913,-7.294277118251859
2452052.5,-71800465.3408466,-123360592.3372972,-53461374.15673763,25.82584136402183,-12.97258275804573,-5.625631733856725
2452062.5,-48583677.52009889,-132765364.3537359,-57539809.18665863,27.77974163136786,-8.75632009636308,-3.796360219968329
2452072.5,-24020223.49541,-138438170.0305747,-59998733.3365375,28.95410584008725,-4.346885984716101,-1.884218645258402
2452082.5,1220089.940158309,-140235107.3185198,-60778507.77582163,29.33076373371184,0.2027296649018687,0.0861996526442776
2452092.5,26410059.70881706,-138094395.7236106,-59851022.31437242,28.84089307916863,4.730446449574085,2.051426807777276
2452102.5,50835742.61256825,-132106228.1919674,-57254423.88109204,27.57443892124218,9.102934748302612,3.946259176035861
2452112.5,73834978.22663303,-122424841.0771292,-53058187.31568681,25.53000270195789,13.26026091567314,5.747533482505439
2452122.5,94731573.70751473,-109308550.5862484,-47371748.24445974,22.73151412198413,17.02397695120033,7.381482639909533
2452132.5,112940209.2343591,-93141108.35268368,-40362300.26578522,19.31982733507737,20.3213274645656,8.80925366498965
2452142.5,127945642.3953808,-74344812.69497351,-32214403.15032598,15.31821963704326,23.08579376097702,10.00810509124275
2452152.5,139275277.5917102,-53449320.69951148,-23154907.71565291,10.84904835954296,25.16692277480444,10.91161898452966
2452162.5,146604337.6503459,-31053625.47603851,-13445726.52682513,6.069161645294772,26.55951788809105,11.51329369248781
2452172.5,149688084.1013258,-7769164.219819788,-3351730.846454001,1.037759723829413,27.20193672481534,11.7934747758092
2452182.5,148385135.1561119,15711345.9296727,6828618.136403792,-4.04487077545877,27.01980719623075,11.7143738877189
2452192.5,142725182.7362689,38702059.18680796,16795276.93405791,-9.036992087808585,26.07309906572636,11.30233812204365
2452202.5,132819979.4335133,60535386.27985775,26260646.28604158,-13.84194934350912,24.32866730644344,10.54831468417695
2452212.5,118928239.1390124,80522463.70270069,34926241.17265446,-18.23396989247605,21.82370518172141,9.460900635775122
2452222.5,101458112.3108622,98062588.54016891,42529529.44914221,-22.11786347298471,18.67402856354941,8.094955301547431
2452232.5,80885793.42978516,112608835.6546473,48836138.39180712,-25.37943035537144,14.90025257919331,6.460729514345442
2452242.5,57834731.11039441,123674727.0398137,53633564.00786064,-27.8426214396356,10.65289274150724,4.617180826613138
2452252.5,33007729.63399624,130924860.639063,56775708.45739768,-29.48998827053531,6.079472593760102,2.635426934695797
2452262.5,7138045.057642885,134106768.2415698,58155672.17494919,-30.22974005327173,1.26225173589674,0.5476660319334524
2452272.5,-18949825.82026773,133100334.3428031,57718688.04518509,-30.00411325409748,-3.57967460769376,-1.553635194736083
2452282.5,-44455030.2379166,127953888.4616043,55486711.22016951,-28.88782009081002,-8.311264314365333,-3.602890251182952
2452292.5,-68600084.81389406,118803777.0275289,51520169.39458516,-26.85057190934893,-12.81071013948169,-5.554243416001573
2452302.5,-90611330.0484563,105945853.1252519,45944623.99483906,-23.97731216670045,-16.86831520667772,-7.314711565384065
2452312.5,-109836798.8411984,89802824.25758679,38945658.84603702,-20.41214431002651,-20.410628152241,-8.848186836199403
2452322.5,-125694153.7454833,70859628.01056638,30733049.35842983,-16.19915265600723,-23.31808236372515,-10.1103658092847
2452332.5,-137697970.1249888,49730521.16300852,21571434.5626711,-11.53135830569115,-25.46345061511795,-11.04043668895027
2452342.5,-145536468.5335874,27071944.5724326,11748151.70990725,-6.565771462440708,-26.85859465328595,-11.6438283776406
2452352.5,-148985381.0191771,3559820.270752287,1554208.677246956,-1.403593430314136,-27.42278176046603,-11.89046940562987
2452362.5,-147972612.910714,-20070479.61425288,-8691584.82312011,3.725541405244408,-27.14564755879062,-11.76886575424154
2452372.5,-142588778.2469167,-43131822.25539372,-18689275.94759705,8.708993688613063,-26.10721341965053,-11.31859282882211
2452382.5,-133001779.5208044,-64955711.11144175,-28151782.80724786,13.41893173927687,-24.28310121314056,-10.52942814657829
2452392.5,-119538373.547541,-84893777.05393994,-36796352.24110553,17.66045718951955,-21.77022724876137,-9.437703806624238
2452402.5,-102628781.9538895,-102408415.260699,-44389416.87540553,21.39121723774519,-18.67468732131833,-8.096938434061023
2452412.5,-82757838.1137577,-117003940.8862868,-50718407.09645483,24.48559840435381,-15.03022098551665,-6.517544003882308
2452422.5,-60536102.93847077,-128271708.44408,-55603460.06913291,26.831879066884,-11.00371408024519,-4.76975245357608
2452432.5,-36599708.49665884,-135934980.2027323,-58925893.24588571,28.44832324549716,-6.689547667447464,-2.901456378874125
2452442.5,-11617004.85343621,-139771382.1799781,-60590311.52591747,29.23575205588259,-2.173044400883907,-0.9426283250943417
2452452.5,13677458.42238807,-139689070.1701185,-60554202.23810792,29.18704912640849,2.356546245096497,1.022206728961283
2452462.5,38594114.51315013,-135712942.4472847,-58830913.52701551,28.35480945161485,6.833089410942408,2.960871799905024
2452472.5,62432449.28562829,-127931242.3499432,-55458024.32876905,26.68862369200338,11.13225377865261,4.826638633754225
2452482.5,84500329.42997299,-116577540.2707251,-50535189.97063588,24.28300445425821,15.08987608334619,6.542051143067797
2452492.5,104199821.1271434,-101964174.5309698,-44200583.36844157,21.20374955213689,18.66606100478294,8.091082677508265
2452502.5,120948714.7356699,-84473093.78482443,-36617698.4786248,17.46970525411364,21.71929235622941,9.417078380772907
2452512.5,134251096.5073651,-64613363.6209934,-28007384.53521385,13.25235830239877,24.15043438503775,10.46951130556784
2452522.5,143730043.345314,-42924616.13679397,-18605456.17064628,8.623768857935884,25.93992673837549,11.24517955467703
2452532.5,149060155.124475,-20011795.28420535,-8671485.109298043,3.683497051703858,26.96349266032954,11.69061637130291
2452542.5,150067233.3644167,3446275.116861252,1498386.653917914,-1.362118759864212,27.21300740906407,11.79672011798949
2452552.5,146697715.0050897,26791431.15645891,11618569.08551205,-6.435113213409667,26.69171706940589,11.5719408330485
2452562.5,138987398.6137134,49325641.55337898,21388656.0262962,-11.36580982618536,25.33616255775026,10.98457032122791
2452572.5,127153697.3748998,70359450.3737102,30506970.22222174,-15.96676420595299,23.23580876398226,10.07217670743713
2452582.5,111511957.4796183,89273715.938282,38706538.07893948,-20.16247817287844,20.42649747267933,8.856394712378881
2452592.5,92488222.03990436,105458924.128607,45723939.57042032,-23.75668104529571,16.94249818975288,7.34480180172124
2452602.5,70666158.39758745,118405982.2858292,51335915.21953285,-26.63703297895938,12.95200617340597,5.613899642578211
2452612.5,46677333.56336637,127714453.4553123,55371463.94104376,-28.75290350265702,8.52667128740962,3.69758691423213
2452622.5,21249027.00161832,133053305.7428821,57686127.8531637,-29.95144650763667,3.803366912878802,1.647781434491171
2452632.5,-4816128.226404294,134259568.4687681,58207914.85918596,-30.23696774908703,-1.018655080629217,-0.4423321353194808
2452642.5,-30738819.51763101,131288859.6709511,56920339.5140459,-29.60764257409558,-5.84864067479842,-2.53498763632737
2452652.5,-55698490.2033394,124209027.5782337,53850474.0776464,-28.01809729357741,-10.48901649414984,-4.548948726269061
2452662.5,-78914274.09089836,113266981.1331145,49105730.2617911,-25.59278653531109,-14.7759605507502,-6.405885928359463
2452672.5,-99696430.99741814,98797625.03970827,42833132.00432174,-22.3819104744601,-18.63138846001002,-8.07750288321347
2452682.5,-117386268.6483685,81251978.52482603,35225449.39680464,-18.46757861538569,-21.86941717932551,-9.482816109891841
2452692.5,-131465257.5678941,61206795.36061499,26534622.91930265,-14.04952690024503,-24.41827464299959,-10.58562952121146
2452702.5,-141539175.4166906,39265714.21438654,17022498.82896739,-9.207222871847986,-26.23657144971853,-11.37541448160728
2452712.5,-147303873.8275549,16114159.24492034,6984195.294312195,-4.116390419954599,-27.21402832585081,-11.7994857131845
2452722.5,-148641650.2605189,-7529071.127226693,-3265988.611943764,1.021283934716939,-27.38842936351461,-11.87322647592203
2452732.5,-145545381.536333,-30980599.34064735,-13433409.67008754,6.125796788229126,-26.75681427671573,-11.60153113900462
2452742.5,-138126238.9856103,-53529105.03898373,-23210181.94809534,10.99045937094714,-25.31176157599784,-10.97401052416043
2452752.5,-126665393.4184548,-74522192.99122353,-32311062.31896472,15.47625487885367,-23.17482655468504,-10.04687945806847
2452762.5,-111509402.384586,-93380713.84874475,-40487715.87710801,19.51690122118132,-20.36962953899701,-8.832638548621095
2452772.5,-93121262.3829179,-109552372.9289786,-47499482.29728131,22.93381757872173,-16.98283042325651,-7.36227152390466
2452782.5,-72072549.24014892,-122607754.1070561,-53159016.50926371,25.68199458568066,-13.17062365707728,-5.710331376313452
2452792.5,-48950283.67902473,-132198402.9244846,-57318001.75480176,27.70880303729532,-8.974759170396295,-3.892280247221768
2452802.5,-24433234.69171482,-138049077.1168725,-59854653.45111291,28.90444354287104,-4.547384341822571,-1.970529766827197
2452812.5,772565.3780503692,-140032899.3698266,-60714519.32201124,29.31380212291409,-0.03084741698813523,-0.01434764092737503
2452822.5,25982457.33229714,-138092478.0627111,-59874370.67844608,28.89804189432383,4.514253410328336,1.956364568451425
2452832.5,50463077.78355815,-132277166.766133,-57352849.64498629,27.63917374372735,8.90667346408797,3.862240968004313
2452842.5,73534282.20081674,-122773419.0183518,-53232875.5143645,25.64426824356977,13.05017046855264,5.656418462083578
2452852.5,94558995.54856378,-109820403.7854609,-47618067.87770852,22.89929040857554,16.86393705419644,7.311271962216277
2452862.5,112910172.5206529,-93778865.5120842,-40662836.71951805,19.48579085866627,20.17836650470005,8.748371661996696
2452872.5,128078732.0939452,-75105165.26070291,-32567782.60432734,15.53826512886419,22.95541858253277,9.95072967567346
2452882.5,139613197.6230025,-54292256.73374969,-23544908.78427541,11.08587166702964,25.10412833534638,10.88442747591588
2452892.5,147139615.3487275,-31942149.50488945,-13854797.86746415,6.298911607741171,26.51021909767649,11.49270516564052
2452902.5,150439731.7261227,-8689158.678506745,-3774703.1325796,1.309718670275637,27.19208838081181,11.78786703702192
2452912.5,149366550.2848452,14815466.32657322,6415682.197751557,-3.797622846284456,27.07447549504539,11.73888630693509
2452922.5,143910692.3229025,37858133.46625309,16405612.76024698,-8.800372703127906,26.13816168375866,11.33077243869334
2452932.5,134219715.4023949,59767382.18534342,25903165.59273919,-13.59122484055446,24.45133743047262,10.60030307731682
2452942.5,120520804.512593,79885199.67369793,34625617.78083101,-18.04138074873244,21.98858053344446,9.533592893673427
2452952.5,103206816.2881722,97568499.66663359,42291518.78360608,-21.93894330756455,18.84548953110836,8.168823934576695
2452962.5,82785626.94868657,112286006.8098033,48671467.89146746,-25.22394301638577,15.12995038734339,6.559844238005763
2452972.5,59834151.07211798,123559278.5627536,53559510.81003445,-27.76075512960293,10.89020174659498,4.72126339534331
2452982.5,35068778.79582947,131010874.7869326,56789151.11391325,-29.42308956392305,6.317978068135466,2.737780540064521
2452992.5,9239023.372307269,134417345.2887303,58265792.77204423,-30.22002532876875,1.538465693670529,0.6678921222090476
2453002.5,-16874749.65654171,133640049.4012178,57929132.60246293,-30.06081513325309,-3.332304161347011,-1.445525508593507
2453012.5,-42434201.78763559,128700337.2575695,55786507.39031233,-28.95750328780257,-8.06833717342908,-3.498751649636632
2453022.5,-66666907.78242133,119766420.2774771,51913571.70132378,-26.99296347951495,-12.56591234474589,-5.446928053736356
2453032.5,-88824060.60825467,107095874.5383471,46420186.23738535,-24.15833563137094,-16.67896032760845,-7.232331711947557
2453042.5,-108205762.7326555,91108927.41390555,39488318.23215393,-20.60180586045408,-20.22915977966579,-8.770214814359315
2453052.5,-124254726.0401309,72313511.85817358,31340296.18598839,-16.45181613027725,-23.17201710564725,-10.04564565482979
2453062.5,-136482000.6078807,51280315.90683342,22220839.69958564,-11.7839803381715,-25.38069742553492,-11.00497189043253
2453072.5,-144534731.4210161,28688374.44088677,12425869.97079703,-6.82361236796832,-26.78462385873114,-11.61155843008038
2453082.5,-148224987.1907274,5218537.902234393,2251234.686644149,-1.694197408141579,-27.40910039147261,-11.88339698879844
2453092.5,-147450644.8095807,-18426934.23824321,-8001066.575423967,3.470801173717788,-27.18280974807396,-11.78593894752598
2453102.5,-142282730.1199533,-41521894.66813552,-18013584.55616715,8.450055823335274,-26.15433550346172,-11.33793268108221
2453112.5,-132922891.9441419,-63413853.97641704,-27504517.39534159,13.1662269580244,-24.39625852508996,-10.57788744292567
2453122.5,-119652326.9917759,-83465880.98174061,-36198914.06290947,17.46511533549299,-21.90747516416198,-9.49824236319984
2453132.5,-102909640.2827483,-101099412.7147846,-43843248.51391947,21.19343146411543,-18.8254788307077,-8.160761834033163
2453142.5,-83196972.19744821,-115850107.3508597,-50238658.72578356,24.33009064213674,-15.23412396544359,-6.606024185795849
2453152.5,-61079400.61383883,-127295437.8926046,-55201392.59236828,26.73581962144715,-11.20074131927621,-4.85569740134628
2453162.5,-37225601.88746934,-135130574.9175181,-58597570.11374244,28.35645952163483,-6.903759671202795,-2.992881661280257
2453172.5,-12297201.84495448,-139167506.2298142,-60348549.38026077,29.21069868146097,-2.413182946182869,-1.047485619826704
2453182.5,13001292.69944254,-139279733.436414,-60397434.04776576,29.20589091019208,2.148436616404036,0.9322766581123126
2453192.5,37936100.10205034,-135486776.2810622,-58752587.4227559,28.38918128020067,6.608919003938889,2.864574031434196
2453202.5,61835139.80297596,-127900479.3746406,-55464615.4757269,26.79690584277938,10.9171419085711,4.732232228128077
2453212.5,84010203.09969932,-116710333.0752825,-50612972.36329161,24.40897019161218,14.91928601820736,6.469090295297622
2453222.5,103824044.2271668,-102247172.4387797,-44342656.03195783,21.35617151238291,18.48832917245409,8.014189135175917
2453232.5,120733539.4739928,-84896287.80670618,-36821204.84090813,17.68256717334143,21.58523757440216,9.357991515882363
2453242.5,134218347.0329708,-65128271.06258227,-28250378.4400819,13.45573566318216,24.05925605691524,10.43123917657168
2453252.5,143881431.5558417,-43517328.4282091,-18881749.50983442,8.857801435180953,25.85689641929362,11.20862034415971
2453262.5,149431964.8781623,-20650063.70500295,-8968323.762825334,3.945235399578965,26.94840596822735,11.68385016642496
2453272.5,150650606.104027,2813678.034661717,1204767.163674186,-1.130196576660469,27.22843374863742,11.80443641160998
2453282.5,147489289.0549906,26178517.83503066,11333421.13217394,-6.179070353077391,26.73171438609861,11.58818655056196
2453292.5,140000610.7162024,48779575.29200143,21131953.38862992,-11.12632276226947,25.44880455656607,11.03415238357445
2453302.5,128351777.0475764,69919369.90464774,30297208.34167827,-15.76713326675207,23.36112758638279,10.12705332835271
2453312.5,112885899.7661501,88952386.54516293,38547799.02775101,-19.95546457310811,20.58738910169554,8.924976225744993
2453322.5,94021525.72410494,105304707.5385918,45637699.36773151,-23.60803113597504,17.15699733493103,7.439265071327626
2453332.5,72305276.32364213,118434426.2409321,51329760.90628082,-26.52767563670877,13.16026783201772,5.704184719224357
2453342.5,48407770.25538469,127934276.2661199,55447616.89640482,-28.65853145111277,8.771002788993032,3.802809807969526
2453352.5,23026814.97023668,133498001.833947,57860427.6134273,-29.93937117299129,4.06339940720444,1.76208154989573
2453362.5,-3045003.081332443,134916725.162349,58474834.60818465,-30.25395992904987,-0.780908842836451,-0.3397793413354476
2453372.5,-28992057.03917497,132160380.3727095,57279625.6698952,-29.66037461383122,-5.586399094487079,-2.421105168091783
2453382.5,-54034718.81054384,125301219.6605572,54306477.77197582,-28.14946595449748,-10.25457334365169,-4.446181668472205
2453392.5,-77371366.09699266,114543902.1828577,49641853.52779604,-25.73553883061056,-14.5729941170402,-6.318708415255599
2453402.5,-98291323.27766153,100253338.0416535,43446625.00756934,-22.57216807366328,-18.42513460779354,-7.986960815938784
2453412.5,-116173251.2541602,82862357.04546507,35907081.77649154,-18.70686565868085,-21.7242743575178,-9.419446129733105
2453422.5,-130454961.6771522,62924452.64543661,27262400.35037568,-14.28021705373394,-24.30365258471083,-10.5366367194509
2453432.5,-140744177.7327427,41078240.3857605,17791874.35492284,-9.483240718759895,-26.14338114304165,-11.33337336554305
2453442.5,-146756396.6306996,17974561.32789646,7775111.206015721,-4.397744494969481,-27.19407427542682,-11.79105773507722
2453452.5,-148323654.4038004,-5664177.17006819,-2473662.008901257,0.7632948627376341,-27.38821650059008,-11.8732324819995
2453462.5,-145463250.0113144,-29127563.1673168,-12645217.55627932,5.839293746952293,-26.79842677592516,-11.61804758827041
2453472.5,-138280449.1011583,-51742793.91808335,-22450628.69280109,10.74074292163456,-25.41566823175604,-11.01979232501299
2453482.5,-127017536.6029499,-72829257.11050586,-31592393.11861573,15.25382170115567,-23.28331233647896,-10.09314832910222
2453492.5,-112058917.198136,-91799254.1886935,-39816150.36696408,19.29325113008717,-20.52916344999326,-8.900885069177106
2453502.5,-93837650.66381535,-108128814.4718937,-46896583.79079133,22.77516993115571,-17.17672936564305,-7.447294280551486
2453512.5,-72910768.06014389,-121346380.7294475,-52626425.32659487,25.54415366049126,-13.35707504422142,-5.789715290204795
2453522.5,-49901716.63354708,-131116982.732116,-56862386.93767118,27.599749352488,-9.206763978981897,-3.992704589140495
2453532.5,-25445694.83660109,-137172890.9606179,-59488562.16032699,28.86876525915604,-4.778302700239138,-2.071383413269302
2453542.5,-262715.7554498659,-139345890.3803481,-60429919.64658239,29.28832332226947,-0.2498797295464616,-0.1077134814410381
2453552.5,24942194.33360472,-137608660.046893,-59677311.19358392,28.92515927064223,4.269142265327014,1.849613046421068
2453562.5,49477347.64971426,-131993991.9789017,-57243376.03808013,27.72758429635304,8.696106891037006,3.770894508637229
2453572.5,72625355.07994616,-122661810.716356,-53196872.01994693,25.7353908398286,12.84979903061414,5.57067994138905
2453582.5,93752878.95686643,-109885559.0350849,-47658734.13061448,23.05312069291761,16.66629203462528,7.224702218765051
2453592.5,112257533.706481,-93990629.45457855,-40767388.30537938,19.6719683061896,20.03819407977523,8.688418945029136
2453602.5,127582742.4616324,-75430662.95626904,-32720662.44820038,15.7253813885406,22.82298180200103,9.893649587909385
2453612.5,139302758.015879,-54723168.79733402,-23744001.07255859,11.32789022871669,25.00503978721067,10.84055841970175
2453622.5,147041858.2923809,-32428095.80911684,-14077551.9364132,6.535285461481973,26.47457511441729,11.47869095058798
2453632.5,150540769.1031091,-9201717.858989974,-4008284.290618666,1.547660336008956,27.16485176314984,11.77565375983784
2453642.5,149689167.5296361,14299275.82513598,6179802.508596377,-3.530199393442061,27.10411000723441,11.75127047535264
2453652.5,144449154.4803633,37395183.65154015,16193570.11415773,-8.574395751012803,26.21812830654872,11.36692921558795
2453662.5,134948403.7604967,59375824.6099757,25722317.17759876,-13.36553004618076,24.54270507166348,10.63904727496694
2453672.5,121446955.4047179,79598124.60872485,34489464.62980165,-17.82363156755298,22.14487760588565,9.601716611716741
2453682.5,104291711.7689047,97432118.8565258,42221788.07526258,-21.78479673662553,19.02392994904013,8.247168017182952
2453692.5,83998848.14436816,112305095.5766143,48668924.69779423,-25.07599599459264,15.32121886429245,6.641785648675432
2453702.5,61162042.74447428,123767350.5674713,53638730.56890456,-27.6593640230789,11.13408661032795,4.828197875205925
2453712.5,36450492.26656391,131428248.7447401,56960161.34313435,-29.38685634367471,6.550081132138486,2.838647040376047
2453722.5,10646849.10573004,135035112.3029464,58523192.34377322,-30.19727488909255,1.780269309094422,0.7720168331279768
2453732.5,-15473426.3286515,134480756.5406663,58283620.33788959,-30.11096100135077,-3.068871724077543,-1.329690436445914
2453742.5,-41103074.44855966,129751081.6274499,56232734.47003958,-29.0541279942393,-7.845345618039167,-3.402441232642153
2453752.5,-65424043.27320634,121007502.6334515,52441850.1122671,-27.10772083084535,-12.34046169415025,-5.349186285525018
2453762.5,-87712003.55851172,108530384.3013109,47033330.60742529,-24.34925218432587,-16.47219802150939,-7.141218393479786
2453772.5,-107270223.472478,92694913.50436947,40167333.50935058,-20.80741867112877,-20.07736143523485,-8.705039875800773
2453782.5,-123499890.2153459,74026712.36426167,32074326.63648916,-16.67592007169557,-23.02605713891709,-9.98141700008991
2453792.5,-135947451.4761018,53102300.06638659,23003306.83285348,-12.06160355145333,-25.28859906932079,-10.96423997738292
2453802.5,-144233857.7203665,30562573.45810795,13230728.58176091,-7.081949361090214,-26.74402537351495,-11.59459172803947
2453812.5,-148148590.6962907,7123696.336358346,3069868.903113465,-1.968042084300485,-27.38164455067083,-11.86981783395766
2453822.5,-147623208.4705253,-16526064.48341459,-7183199.187109446,3.183953280671618,-27.22640859205774,-11.80486449460952
2453832.5,-142682984.0960615,-39677952.83964753,-17220898.10502139,8.20735395109507,-26.23058468230237,-11.37131640116719
2453842.5,-133533693.423906,-61639652.55391727,-26741214.97671805,12.91330795906841,-24.49187338955348,-10.61752424036446
2453852.5,-120475487.6929949,-81803892.59561555,-35483682.33830117,17.24251274301778,-22.06822797187165,-9.568558217206082
2453862.5,-103898471.964802,-99582941.07998067,-43191581.00977536,21.02359776895606,-18.99243181284706,-8.232855914653127
2453872.5,-84333465.81274785,-114482677.9190869,-49650464.94110991,24.15888492281661,-15.42553432344852,-6.687728716503098
2453882.5,-62341251.94270876,-126115295.8966282,-54694424.96067191,26.6269718386113,-11.43232471930907,-4.956950548792704
2453892.5,-38556358.93541553,-134144156.039749,-58174775.36209222,28.29222256701979,-7.117038821976652,-3.084341427254452
2453902.5,-13682510.38548817,-138372081.5092644,-60007488.51632319,29.15898088299429,-2.652253287278413,-1.150778617341143
2453912.5,11603110.9269465,-138698695.6767827,-60149789.36650208,29.22943747756119,1.904131189271202,0.8256603860507786
2453922.5,36575193.09553532,-135100451.3595409,-58589054.87302638,28.43770263860116,6.398319021011905,2.774754590450597
2453932.5,60522037.9617599,-127703285.5771606,-55382416.5133663,26.87455122744283,10.68767489511815,4.632262258044199
2453942.5,82795989.8173669,-116703195.1212485,-50613774.2080857,24.55430407018828,14.71995515190729,6.382459445339449
2453952.5,102740154.4027204,-102391333.8356706,-44408266.46948242,21.50348988296355,18.32617396036942,7.945275079152507
2453962.5,119788754.2246049,-85184315.06330727,-36949123.69355573,17.87095547268328,21.42097884457656,9.285822749791253
2453972.5,133459432.601993,-65536216.24044789,-28430720.67147746,13.68608044577427,23.95274385381132,10.38557385124622
2453982.5,143313925.2321125,-43998186.19587018,-19092664.71386861,9.071063184712285,25.78077516484702,11.17635032126464
2453992.5,149063419.4825045,-21193096.31260151,-9206665.853164505,4.198885454512709,26.8927115823084,11.65871504900226
2454002.5,150508909.3199454,2252912.397102638,958719.1313388052,-0.8733456530325147,27.24329548196305,11.81211141348245
2454012.5,147553117.2857301,25642753.25772655,11099147.23298175,-5.950264987879214,26.76435152859185,11.60220342166127
2454022.5,140273492.2573688,48283948.87998729,20914346.37339701,-10.87355190663763,25.52155192363374,11.06504226274745
2454032.5,128831706.6733117,69517205.97976394,30120630.05526347,-15.55378369929505,23.49691089589454,10.18749340302396
2454042.5,113530654.9826884,88670290.4154296,38423798.61095494,-19.77273256715186,20.72695823803978,8.984723500534965
2454052.5,94826298.17789267,105160038.4238633,45572636.07607333,-23.42930116417731,17.34453267858747,7.520570676065109
2454062.5,73235674.79046047,118472776.272576,51344987.57676579,-26.42141985116814,13.38228291802322,5.801745653770749
2454072.5,49413106.43932825,128158190.0603249,55543297.81121251,-28.57874676668412,8.984145485738535,3.89431039884903
2454082.5,24092126.97409039,133921546.5324776,58042418.20668969,-29.89295747537571,4.315980290439607,1.872412569241649
2454092.5,-1977435.464390699,135561743.3716326,58753931.59516938,-30.29000962660748,-0.5357453650010676,-0.2329333176570643
2454102.5,-27965501.71882799,133004771.5776355,57644775.61063715,-29.71349746684283,-5.359593011330356,-2.32338641195558
2454112.5,-53071219.20734154,126350143.051925,54760644.68102382,-28.25568096390846,-10.01074877015194,-4.338958721289361
2454122.5,-76533455.16669536,115787008.6275543,50181067.97531416,-25.90548231482528,-14.3765264271111,-6.233816973662619
2454132.5,-97601299.5299618,101651892.4518048,44052738.13796633,-22.74651376859434,-18.25108768536046,-7.91155630997889
2454142.5,-115653937.3259609,84410378.07773803,36578902.6372375,-18.93777066583493,-21.56172785815919,-9.34727823841473
2454152.5,-130153026.9556425,64582534.67268339,27982298.20872382,-14.5347300540169,-24.21092568233115,-10.49724639080111
2454162.5,-140655481.0523812,42804614.53306413,18541064.36976412,-9.73007862746315,-26.07038756413914,-11.30109763811057
2454172.5,-146898650.7909698,19753698.73134084,8548416.402768197,-4.687786783881059,-27.15844285084726,-11.77437540811629
2454182.5,-148713078.5687385,-3887692.568571716,-1701686.043075942,0.4946588260050687,-27.42041384685928,-11.88804499354909
2454192.5,-146073604.7897857,-27385296.90093685,-11888005.92274166,5.585382581108873,-26.84254772456129,-11.63589935282835
2454202.5,-139120666.8540566,-50056444.94537582,-21716471.49716727,10.47016853494923,-25.51337305660838,-11.06180349260679
2454212.5,-128069507.2548518,-71252903.37049116,-30906449.07192222,15.03857716475368,-23.42620638686536,-10.15561397623559
2454222.5,-113285363.7322066,-90346448.03993289,-39183237.95740692,19.09276785915478,-20.67539670297889,-8.962663375896252
2454232.5,-95236546.33991854,-106823778.1061905,-46326985.1384763,22.59132733486569,-17.37827464293799,-7.53518188665034
2454242.5,-74436412.94129802,-120226255.0382013,-52137547.35458749,25.42973428516312,-13.57070235881439,-5.882293099991306
2454252.5,-51518248.70236861,-130176672.9194444,-56450562.99343806,27.4954130362807,-9.418772393475486,-4.083216153285374
2454262.5,-27138595.74633101,-136434902.8661522,-59164343.41061749,28.81205315515832,-5.030989174223127,-2.181867110036984
2454272.5,-1972646.575580648,-138820828.8436041,-60198294.98373119,29.29468958795808,-0.4819715371982774,-0.2076496487231466
2454282.5,23240501.56252778,-137277808.2164495,-59528861.81014681,28.93755532977867,4.038803749379479,1.750385706528974
2454292.5,47810860.04739964,-131872458.482249,-57186130.55665424,27.80642083842624,8.453194808579669,3.664760237938269
2454302.5,71050586.53844666,-122731667.4602946,-53222430.9429388,25.85530557598954,12.65170456377282,5.486052797074022
2454312.5,92280699.49864222,-110121798.6278865,-47755636.16800896,23.17988573880641,16.46848329607494,7.138586849766978
2454322.5,110923424.9333154,-94394446.67732848,-40937678.77605537,19.86492092511531,19.8618560656403,8.611597193243865
2454332.5,126425374.5529772,-75960589.6352548,-32945008.77108943,15.92850106936088,22.70280787254158,9.842991039437159
2454342.5,138319369.5232471,-55354405.8663539,-24012028.32865886,11.54263690540295,24.88730614756602,10.78838885913618
2454352.5,146267307.1675904,-33143464.96721394,-14382739.05847383,6.795543153660872,26.4083430075381,11.45016745018812
2454362.5,149985090.5428265,-9946966.153380128,-4325524.41910965,1.78559385205195,27.15118862696957,11.77080883062084
2454372.5,149339008.9337583,13544143.00067709,5857926.436386649,-3.278181085232305,27.10055746868499,11.74845218531961
2454382.5,144326243.8196301,36664173.8832956,15881851.87581662,-8.313471614668053,26.28227735629906,11.3955504429493
2454392.5,135029901.8478646,58721006.92459234,25444575.87723368,-13.15310620810754,24.64125018419789,10.68208722915698
2454402.5,121712476.4582431,79031620.17827934,34249314.86072331,-17.60303278365053,22.26269221975809,9.651964595093016
2454412.5,104739409.7806005,96995703.3723764,42038291.34216521,-21.59761710123071,19.20518459513063,8.327038036661015
2454422.5,84578122.14475371,112032578.1947683,48557161.43678454,-24.94890157716171,15.50828957889883,6.722395089125328
2454432.5,61849770.70190077,123660873.7660791,53598286.18091349,-27.53777905299882,11.34402933698705,4.919144339607369
2454442.5,37218872.78886259,131523351.6324717,57007889.4216481,-29.33291613048122,6.798060872530801,2.947520473101497
2454452.5,11432721.31266828,135335506.86604,58660108.57260846,-30.19535666947953,2.004061654387339,0.8681017547880372
2454462.5,-14690542.43231243,134978304.8142841,58505713.96084316,-30.12920373536921,-2.827777093488157,-1.224446215459686
2454472.5,-40369101.9139789,130462330.0866503,56548556.69932401,-29.1534104357752,-7.605408124370738,-3.297537003890055
2454482.5,-64793662.90203911,121904426.7697998,52837842.67529958,-27.2340395765888,-12.14486553061228,-5.265239501958504
2454492.5,-87197962.7166509,109597396.8469378,47503279.69447196,-24.50430630247497,-16.27164035478843,-7.052948641729363
2454502.5,-106921930.0720115,93923719.19064113,40708420.40594587,-21.03046343993514,-19.9176468655321,-8.63580468702775
2454512.5,-123345457.4978748,75367677.00723125,32663401.90381698,-16.89481854285918,-22.91411583061732,-9.933235977243207
2454522.5,-135989802.6502603,54537445.65503944,23633920.94627438,-12.30949949132254,-25.18584094187194,-10.91807953155172
2454532.5,-144510953.4906081,32061200.73976488,13889450.93622116,-7.362931520668588,-26.70881898401619,-11.58011901006523
2454542.5,-148654660.4119134,8631850.105288722,3732154.099086286,-2.219887301299151,-27.38209487233888,-11.86969058161253
2454552.5,-148353062.0561118,-15024003.39940803,-6522515.519808971,2.909849281623687,-27.24828435141525,-11.81293137704528
2454562.5,-143652270.1306927,-38226445.72801854,-16582116.15679965,7.945180788517199,-26.32526074281785,-11.41345073391046
2454572.5,-134707514.857222,-60280136.02817284,-26142515.0153202,12.69207727202255,-24.6017762009547,-10.66427204143601
2454582.5,-121844003.3095459,-80547406.7335807,-34928580.18210931,17.01140431950698,-22.20834506194712,-9.628618046589189
2454592.5,-105450065.256636,-98475806.48781264,-42701708.56355949,20.84484024753041,-19.18809287415521,-8.31848578924396
2454602.5,-86017177.30897406,-113543134.5019154,-49232967.50034701,24.01921751662858,-15.61581276113645,-6.76897331657785
2454612.5,-64145336.30369692,-125349984.3122691,-54351714.24748856,26.49478354189388,-11.65636588011121,-5.054381844920043
2454622.5,-40443853.40947454,-133588508.9985746,-57923644.47640979,28.23558165374979,-7.363253633407486,-3.191239887222062
2454632.5,-15602127.07101722,-138018589.4486164,-59843302.9265231,29.1296611879073,-2.878044510861117,-1.247417886452547
2454642.5,9664204.043988941,-138550538.149205,-60074462.03576322,29.22784774228027,1.649273485475672,0.7141002735050364
2454652.5,34670306.13119121,-135171469.249389,-58609273.90704038,28.51175411279509,6.159637773142825,2.671796712875623
2454662.5,58689241.98168497,-127964816.5006935,-55484329.01287221,26.95961219766827,10.4761903740737,4.541365037338569
2454672.5,81049762.17776628,-117154889.2979469,-50798600.7863095,24.68463505723645,14.49481047622622,6.283594072176909
2454682.5,101135709.2115105,-103019958.1977207,-44669912.51589932,21.68835553614659,18.14940117964349,7.869650366176735
2454692.5,118342496.7862544,-85949215.39537111,-37269035.52444886,18.05140090233719,21.27006504876475,9.220345715542457
2454702.5,132187394.802205,-66431676.30046548,-28808111.80943299,13.91820424728514,23.81282538387301,10.32407889288353
2454712.5,142256956.9587053,-44985853.604664,-19509669.38181233,9.322393527488826,25.70736170061013,11.14576620357996
2454722.5,148213734.3970763,-22231253.59348523,-9645115.658208154,4.435128208410681,26.83815823854157,11.63416253083358
2454732.5,149881082.5458498,1177662.700054272,503310.4273605394,-0.5968033317508988,27.2261698136976,11.80459030470479
2454742.5,147160153.5632955,24584130.74371925,10651666.84993644,-5.694989457180781,26.81362271150527,11.6246904899625
2454752.5,140086425.4014673,47274153.21376454,20487946.04551272,-10.63802266349554,25.5803263200955,11.08919987067033
2454762.5,128857609.2026029,68577147.73833942,29723969.26129664,-15.30646370441793,23.61025733082148,10.23723511549461
2454772.5,113748569.1827084,87853380.44235924,38081365.96032315,-19.58213120014588,20.88755117552889,9.054938516612955
2454782.5,95194176.73937555,104480466.0478112,45289180.63186182,-23.25801273362886,17.50559991152389,7.589307466326961
2454792.5,73747272.23282033,117954181.2686188,51131413.40695486,-26.27456415571851,13.59706440710269,5.895924629667111
2454802.5,50018051.24546508,127836386.4674053,55415707.34586473,-28.50811363447419,9.211642927332004,3.992704916025003
2454812.5,24747549.90441921,133788685.9948708,57995977.36974571,-29.83789938545263,4.536780595467612,1.967792680910425
2454822.5,-1292195.398062956,135636098.3964669,58797971.54143001,-30.28936112927898,-0.2812143341458249,-0.1213723072823132
2454832.5,-27314984.40233658,133291911.1541597,57781308.20636533,-29.78415669481718,-5.132273707539373,-2.225813044431082
2454842.5,-52485848.06380325,126823127.8072215,54977153.11365298,-28.33643996513721,-9.794697639044267,-4.244773467188783
2454852.5,-76043026.50917143,116451646.8237331,50481641.95107662,-26.05309832703606,-14.1585690483716,-6.138350088344489
2454862.5,-97263496.69671363,102481088.718908,44424368.81464929,-22.93609083386722,-18.09120339286681,-7.843482001285841
2454872.5,-115477894.2512641,85367962.90237835,37006052.27914603,-19.13162309443137,-21.4146933223778,-9.282400594739078
2454882.5,-130168783.4415384,65659369.8825285,28462133.45484377,-14.78695102033757,-24.09434958675941,-10.44636807750017
2454892.5,-140895301.8293639,43949975.74948897,19049927.42323342,-9.98153722059018,-26.02174927372716,-11.28088541240085
2454902.5,-147350087.5353271,20934702.54970205,9073125.925858444,-4.938803354450477,-27.12171845426885,-11.75708560513574
2454912.5,-149398041.0733939,-2692876.472984015,-1170301.105547782,0.2108319542712515,-27.43746664097896,-11.89589800392384
2454922.5,-146989611.9168872,-26234598.55319666,-11376470.80916393,5.341488618905277,-26.91402228635008,-11.66694897869806
2454932.5,-140241111.1397574,-48970197.38652314,-21232065.41651339,10.22968085730127,-25.59493110812665,-11.09592039699483
2454942.5,-129402430.7794041,-70260636.45696786,-30462620.41142608,14.80039810540685,-23.57017331649939,-10.21908186061575
2454952.5,-114795714.3313334,-89495745.67439684,-38801212.06161938,18.91652357657455,-20.8445324583893,-9.035298344143259
2454962.5,-96893958.74504027,-106119364.4581047,-46007481.95481662,22.42049029514859,-17.55606579465774,-7.611580710047528
2454972.5,-76232075.28265595,-119698868.4711799,-51895241.32748259,25.29722422043234,-13.80235990315244,-5.983888598429485
2454982.5,-53396054.41163055,-129850184.1462039,-56295325.34476847,27.42557837377794,-9.642714826456745,-4.179235092946503
2454992.5,-29072911.05869021,-136300803.8404497,-59091873.40278813,28.75033679960086,-5.262804485695889,-2.282572163677079
2455002.5,-3937730.771549602,-138903678.9048005,-60220763.19920748,29.29854347886595,-0.7428731333392543,-0.3214686367556028
2455012.5,21305086.94649384,-137571968.9897101,-59642480.21232419,28.98747349785525,3.811858633999739,1.653041298388713
2455022.5,45921382.79837035,-132361352.8887987,-57384043.45900039,27.86903966708068,8.219633447536042,3.562390626321115
2455032.5,69245702.34394954,-123426103.8723217,-53510393.23492884,25.99258306199993,12.42447712787034,5.387584663796204
2455042.5,90608203.05185713,-110989296.296234,-48117926.60276905,23.33685340421482,16.28920912388037,7.061568071569672
2455052.5,109389360.5396488,-95415810.2464959,-41367138.34096117,20.04072629847781,19.67989288276572,8.531115356815011
2455062.5,125072475.9096392,-77127185.80063443,-33438022.90582781,16.16516691337825,22.56270421853796,9.782962678175135
2455072.5,137170135.2346936,-56616714.15166526,-24545839.4884874,11.77069770662803,24.79554656920842,10.74874285404642
2455082.5,145319196.8830364,-34483748.08340158,-14951249.02776658,7.04704366893747,26.32255737883156,11.41161000403863
2455092.5,149272312.1074719,-11336072.57033891,-4915228.555245335,2.064460433036226,27.13137439266689,11.76321959216361
2455102.5,148853233.465509,12159093.48219098,5270399.587163852,-3.031644957963251,27.11768691532275,11.75526121936631
2455112.5,144058727.0877384,35297451.26444007,15301244.92797006,-8.045684186614706,26.31827361717655,11.41055498888978
2455122.5,134993606.4719706,57416533.62302055,24891401.41557534,-12.90107995138253,24.74781212170604,10.72914968477793
2455132.5,121870642.5748096,77831226.76038599,33741197.18812487,-17.39766191848663,22.38614572094781,9.70422916464753
2455142.5,105078742.2807748,95909116.87124848,41578753.67283021,-21.38415755675384,19.35915573873826,8.394120771715569
2455152.5,85082592.60224806,111105762.1902533,48167564.93501703,-24.7909939071723,15.71547771932032,6.812662029041466
2455162.5,62464074.81941798,122912397.7464243,53285437.0463402,-27.42802002273388,11.54383234195656,5.004362608295809
2455172.5,37926477.0200297,130956978.3122187,56773799.71150024,-29.23682066510883,7.030737727850289,3.049397391951381
2455182.5,12190813.13752916,134983296.129886,58519481.56930167,-30.17836963899239,2.254901904010405,0.9766856218885454
2455192.5,-13939526.19006767,134829106.9152457,58452207.09936255,-30.14750156175814,-2.60628621760053,-1.129346791207326
2455202.5,-39642255.92396676,130512537.2411685,56581932.65553832,-29.20602528019763,-7.36206280983238,-3.190832542524085
2455212.5,-64147499.25508935,122159928.6194921,52960530.20936036,-27.36427396047426,-11.92537106141713,-5.170905432046252
2455222.5,-86673676.5598061,110020354.2892874,47697682.61729036,-24.64592198370548,-16.09316934859872,-6.975616239872999
2455232.5,-106533177.1295679,94503666.67539951,40971732.45607656,-21.21594280676403,-19.73775987838079,-8.556835969849546
2455242.5,-123143691.114415,76081658.26829053,32984681.22527293,-17.13098730490769,-22.79277705079521,-9.881893218296055
2455252.5,-135986355.8492491,55334003.79515729,23990482.3031415,-12.53162832837091,-25.10208117375203,-10.8809639169814
2455262.5,-144713096.5297225,32925965.79561486,14276491.06686254,-7.624021497504772,-26.64504146834025,-11.55202041669356
2455272.5,-149092473.9350764,9520582.062410865,4129006.33281848,-2.488548846945053,-27.39231493369453,-11.87531205454353
2455282.5,-149006123.0673472,-14158481.35121636,-6135682.848106745,2.67138872626919,-27.28050700138558,-11.82569665003199
2455292.5,-144521118.1066846,-37399018.77632312,-16211185.30804211,7.683938570632839,-26.39299434572701,-11.44309855489853
2455302.5,-135792479.1677275,-59542722.9386294,-25811429.37371064,12.46766141085121,-24.73519818889545,-10.72269277627792
2455312.5,-123102754.8236688,-79928299.3345811,-34648247.72821003,16.81961928587475,-22.34498988820492,-9.686810527784862
2455322.5,-106877438.9907981,-97988498.5866605,-42478439.45145808,20.65256515283101,-19.36686262857865,-8.397013089411294
2455332.5,-87584198.42313385,-113232626.7579509,-49087090.12069922,23.89514717643824,-15.8320095350767,-6.862421665520322
2455342.5,-65803440.42577501,-125219725.3011408,-54283235.22890752,26.39557359602847,-11.86183998649903,-5.14296324959401
2455352.5,-42182592.77613402,-133649825.6018258,-57938748.84897488,28.15985552245806,-7.607567207204744,-3.298612838706641
2455362.5,-17370992.14533403,-138297336.2529401,-59953034.97783585,29.13144630968122,-3.121438600674284,-1.35200350476898
2455372.5,7905588.411405328,-139028084.3237554,-60269777.58340953,29.24331200374951,1.42293742444968,0.6157535767098598
2455382.5,32938074.36269632,-135855623.4320122,-58895162.15564369,28.57185666636745,5.908254162463622,2.561505253430017
2455392.5,57042214.40947939,-128854636.2829595,-55859249.81469421,27.08319230341327,10.26182846193793,4.449504454927843
2455402.5,79511084.93169188,-118217776.6397432,-51248368.31711663,24.81229507586554,14.29786611528267,6.197257961894306
2455412.5,99726750.98234542,-104257384.6855439,-45196512.66585153,21.8728593635146,17.95096784472856,7.782990603356692
2455422.5,117114188.9218813,-87332412.11645043,-37858339.1372648,18.26816710674385,21.13214549776206,9.161261765423896
2455432.5,131142575.651081,-67923820.92399167,-29445005.72606445,14.13269078061485,23.68960600620256,10.26915980116281
2455442.5,141418984.7079643,-46578708.80548324,-20191163.77078942,9.590264810137217,25.61155457178883,11.10444179063754
2455452.5,147610394.8045785,-23875024.90623828,-10348129.26071676,4.696960490790772,26.80844571498513,11.62135295680802
2455462.5,149496589.8952146,-484956.5889401191,-208723.03184879,-0.3407601488769252,27.20755407347929,11.79492829933564
2455472.5,147013266.6307386,22922291.02265529,9939554.36983154,-5.408095249645825,26.84762113141296,11.64020030404224
2455482.5,140172164.0938655,45670207.35689608,19801226.62372577,-10.39235632313191,25.66792098402236,11.12653725079723
2455492.5,129146632.0955506,67051375.31170753,29070010.89350307,-15.06855094034282,23.70568136545969,10.27750386902909
2455502.5,114246708.2834029,86434318.4690219,37473822.93831087,-19.35075803604996,21.04604941810171,9.124436481038115
2455512.5,95863404.16636904,103215382.3323397,44748216.98582643,-23.09138835111023,17.69072674499546,7.66830299455766
2455522.5,74552257.63511659,116847185.4517394,50657934.36931039,-26.11744294036139,13.78722270852048,5.97820364156749
2455532.5,50945806.31519094,126917190.8614618,55024213.68080803,-28.39682482165275,9.453469395793752,4.097959831657151
2455542.5,25737599.16779524,133079209.1036636,57694792.38202436,-29.79643276704538,4.770276607427244,2.067476560277435
2455552.5,-271690.2968800488,135123360.8051426,58581509.7049155,-30.25920548118925,-0.04586072865971182,-0.01853222458578423
2455562.5,-26294798.51359589,132995978.4303046,57659518.72091916,-29.82509098284929,-4.876327777887812,-2.114949956452629
2455572.5,-51529872.55760557,126732541.1578437,54943499.37807359,-28.43077710232824,-9.580178883118277,-4.153095685604226
2455582.5,-75170329.78616753,116540456.50994,50525860.51241076,-26.15992342912994,-13.9460037017726,-6.044892746964374
2455592.5,-96513681.12756774,102751374.8580434,44547725.2475403,-23.11488840519474,-17.89703262669574,-7.759898941988064
2455602.5,-114897243.5932812,85778455.21830685,37189277.24162265,-19.32980544227161,-21.28150293989473,-9.225247542833506
2455612.5,-129758417.6923481,66180188.94320033,28693846.11385407,-14.99739717388402,-23.96720197445281,-10.39010452512913
2455622.5,-140690893.1419074,44563665.78491913,19321926.44908603,-10.24116024089306,-25.94528424503958,-11.24872915689437
2455632.5,-147365729.753375,21584296.21695842,9360027.453619635,-5.178444811970967,-27.10442769724411,-11.7492389983668
2455642.5,-149619071.5747244,-2031032.005031588,-877242.5175905336,-0.0391497608072202,-27.43033248875523,-11.89233915797591
2455652.5,-147437109.5366578,-25592361.85740924,-11092405.84342601,5.079162365797603,-26.97321814995327,-11.69379704557312
2455662.5,-140894226.7080297,-48401558.10176361,-20980121.80914541,10.01666182431444,-25.69150296276134,-11.13676487949627
2455672.5,-130238751.5932469,-69777028.07596515,-30246939.45266401,14.58127213231571,-23.68098626312997,-10.26748041901679
2455682.5,-115816011.0206109,-89134885.41777156,-38639616.88382611,18.72422812143322,-21.01815774162871,-9.111494230624187
2455692.5,-98050958.36940557,-105916345.5177539,-45913997.18970216,22.28681033049686,-17.73574585750238,-7.688317072784573
2455702.5,-77504148.60996413,-119653425.8332275,-51869971.59237105,25.16486070865302,-13.99967084210392,-6.070463151207399
2455712.5,-54762865.16152387,-129996695.5462217,-56354224.0142247,27.35171025999312,-9.882443890824826,-4.283392475043104
2455722.5,-30476172.84190809,-136646775.9484078,-59236571.76592889,28.72457357154367,-5.480657140987825,-2.376321619750664
2455732.5,-5361160.678015186,-139441537.9738984,-60449139.55147702,29.28480760943921,-0.9787417229901035,-0.4251986917644139
2455742.5,19899496.65217173,-138323813.1191919,-59964346.63127773,29.04890629098912,3.566186550436956,1.547085486376803
2455752.5,44586196.25150125,-133306742.5885406,-57789163.53743664,27.95664126440737,8.012098464308954,3.472318013586706
2455762.5,67991712.17014998,-124554284.6821307,-53995729.42216205,26.10408737176004,12.20425601706005,5.290570123089616
2455772.5,89483149.3104597,-112302487.8702765,-48683743.97364591,23.51973364801638,16.09673651569813,6.979101098671461
2455782.5,108426309.2068065,-96872444.19399771,-41994868.34410397,20.22591835648215,19.52899175900347,8.464832057105296
2455792.5,124278126.857107,-78715015.46065037,-34123823.20230905,16.38279617730872,22.4113030873995,9.716207793528273
2455802.5,136589475.3126183,-58314170.56167269,-25278978.81177732,12.03392974912193,24.7039711212352,10.70984268776464
2455812.5,144957650.4129007,-36239883.63663492,-15710125.29508626,7.292563450737623,26.26611303322828,11.38575880469597
2455822.5,149132636.3379237,-13137248.1496218,-5694707.058831419,2.342295603124897,27.09145557473909,11.74561213520871
2455832.5,148962908.5984905,10355304.9282882,4490220.860840023,-2.750212912601049,27.15275388960592,11.77059018545833
2455842.5,144394513.9007044,33537353.2102817,14539168.7452019,-7.795777172400836,26.37528574850771,11.43371039067314
2455852.5,135552838.4218238,55714482.65522567,24153850.59146521,-12.63103971502557,24.83774394151702,10.76866755667145
2455862.5,122651604.7926139,76239292.39301853,33051729.24787441,-17.16895431535871,22.5423708638433,9.77127857489253
2455872.5,106036177.7275575,94455895.20609888,40948256.42815913,-21.1928323461572,19.51987037402798,8.46248353480344
2455882.5,86207047.74680771,109803991.19468,47602694.24948475,-24.60246108533093,15.91763668129633,6.901257098927967
2455892.5,63722061.60876346,121806978.4951875,52805675.54967669,-27.3130071014401,11.78175945733257,5.106245408598356
2455902.5,39263979.18017968,130050411.2989345,56379076.56910526,-29.15518419187547,7.254928901571851,3.145981841766383
2455912.5,13592163.46638669,134283475.8404668,58214888.36408563,-30.12622914138661,2.515493171992544,1.090439193910232
2455922.5,-12530324.03903168,134357801.6118512,58246221.56811807,-30.17717525751907,-2.351891670075533,-1.020552024481692
2455932.5,-38271480.07038815,130245617.3457829,56463717.61939391,-29.25529228131592,-7.134979449184498,-3.092063055204198
2455942.5,-62834088.9234396,122097978.59385,52931890.97652867,-27.46296826028824,-11.68107051051454,-5.06483401798894
2455952.5,-85477910.8960877,110153834.8034655,47752969.01361456,-24.80845602407486,-15.89408496782813,-6.890661330321212
2455962.5,-105479300.8704355,94790104.93339731,41093067.39222811,-21.37893074958894,-19.56965444636374,-8.482914371335257
2455972.5,-122249715.8837152,76513819.19190598,33169721.61162154,-17.34770605223626,-22.63464728870607,-9.813879603351634
2455982.5,-135297089.7628163,55874145.5438127,24221425.32769629,-12.77491622605457,-25.01253463644764,-10.84299804011091
2455992.5,-144224253.7324837,33527775.20502653,14534514.6770638,-7.851286539871567,-26.57892181649487,-11.52217402370091
2456002.5,-148817363.6674341,10170349.83956982,4407876.098533594,-2.756176115106582,-27.3614578876565,-11.86295516289875
2456012.5,-148960506.9401613,-13514267.03215845,-5859977.865674586,2.420831512650117,-27.31951287055691,-11.84266502517579
2456022.5,-144676065.5255331,-36795535.41854525,-15952396.99852233,7.45625072208773,-26.441458446165,-11.46343364385713
2456032.5,-136153960.227318,-58998007.86148801,-25578607.16458649,12.22566162023302,-24.83399145088032,-10.7667104720022
2456042.5,-123653859.7575557,-79495363.82613842,-34464259.95309953,16.63099570082439,-22.49389835253321,-9.750586997583436
2456052.5,-107576549.383535,-97681913.32523508,-42348481.78955935,20.48342921004696,-19.51297538790168,-8.460546504637652
2456062.5,-88427982.70365925,-113072264.1985406,-49021409.11474829,23.74233410226126,-16.02943521161519,-6.949053216982961
2456072.5,-66747991.34725381,-125243231.3319852,-54297138.97189549,26.31477709279245,-12.07567410767844,-5.234413024476162
2456082.5,-43187739.44102122,-133850024.6789245,-58028891.82121642,28.09088800036081,-7.813213252948243,-3.388743427131694
2456092.5,-18422653.25244733,-138692444.6257592,-60128693.97726174,29.10622304560501,-3.365345642527545,-1.458338714921663
2456102.5,6866081.516525732,-139630216.0933354,-60534653.15469395,29.2865610517841,1.199603080466964,0.5199813437679958
2456112.5,31938822.45929969,-136641721.3434461,-59240052.83379606,28.62159278744823,5.692632904204984,2.466592760725204
2456122.5,56107646.65090264,-129836393.276182,-56289850.177593,27.19409877522366,10.03235494584031,4.350073334123239
2456132.5,78698674.19708967,-119378101.8591692,-51755747.87647797,24.96802914484587,14.11803478229367,6.119549200300596
2456142.5,99047892.1473191,-105566112.7099156,-45769065.78062816,22.03409508308559,17.77735306781994,7.706246920849205
2456152.5,116599759.8138966,-88789230.97396907,-38495601.60017347,18.49251685472257,20.9757852575413,9.094133177384684
2456162.5,130832652.3891013,-69486136.70211153,-30127634.57774498,14.36655080956778,23.59584771996126,10.22779879882023
2456172.5,141308882.9734171,-48217229.75365254,-20907971.81194552,9.830408388321773,25.52518568928829,11.06585019939345
2456182.5,147729522.6169204,-25573870.52824076,-11091102.24021443,4.983316726067836,26.7695298311272,11.60534307169826
2456192.5,149855127.544297,-2187165.729688308,-953320.5145659613,-0.08069196002918819,27.22552701642667,11.80131846848658
2456202.5,147593763.3549847,21239374.47342126,9202228.148755625,-5.143336869487792,26.87669417082436,11.65230706736366
2456212.5,140992245.7993305,44036805.16111288,19085775.85087814,-10.11566986653338,25.76360149372988,11.16853064071899
2456222.5,130182014.0562019,65522250.53049924,28399045.74339488,-14.84455635498029,23.83685843534555,10.33279858981036
2456232.5,115471794.2336483,85021462.70559381,36852556.40880104,-19.12768593354393,21.19142775981063,9.187810465721094
2456242.5,97275487.61131813,101955905.2867474,44194020.13066322,-22.8989748544933,17.90136191659023,7.759400757531579
2456252.5,76098862.6636246,115776243.2850088,50184393.0597524,-25.98818291588622,14.00274163421824,6.070311781083257
2456262.5,52599249.30008154,126033753.1373009,54631797.72804838,-28.27652867824549,9.68293443696926,4.19841899584164
2456272.5,27472461.32610088,132415527.4128388,57397992.32830872,-29.74243996620732,5.040485715169646,2.183618497278735
2456282.5,1480121.066003288,134683326.6050133,58380516.21711382,-30.26026687279731,0.1982894244559247,0.08651429543694544
2456292.5,-24548658.99509268,132766400.3097325,57550116.08119927,-29.84273522211199,-4.622166163127985,-2.003698777597818
2456302.5,-49831527.38588116,126729379.3284464,54932116.87816584,-28.5287075460103,-9.32526114737853,-4.043986881345932
2456312.5,-73575530.69012347,116735292.9459424,50599431.086755,-26.28868118472509,-13.7391380699595,-5.955262669047818
2456322.5,-95034170.15789436,103123550.7231573,44698839.70122065,-23.2655548833601,-17.68702994805262,-7.668311824339761
2456332.5,-113579349.0332406,86321086.52814978,37413668.32645091,-19.54744058411612,-21.1112834634993,-9.15275359968709
2456342.5,-128631862.5989945,66842497.06995065,28969748.15036434,-15.21336768983256,-23.85125042389786,-10.33911371040449
2456352.5,-139754835.6044585,45324462.03618649,19641143.82401571,-10.48080852990134,-25.83544666278926,-11.20142802278542
2456362.5,-146656247.1941868,22414771.60411502,9708565.028296154,-5.450240079277482,-27.06096404900444,-11.73122896105822
2456372.5,-149131973.3030595,-1187238.890619139,-522713.914586548,-0.2794510214492222,-27.42998618424957,-11.89100830124701
2456382.5,-147161921.8853481,-24751034.28694854,-10738723.44740338,4.818831300219346,-26.98979513187294,-11.70205475350824
2456392.5,-140845403.6550276,-47605457.83515304,-20646895.311948,9.767493345486688,-25.77940269016079,-11.1750616880481
2456402.5,-130381555.6124089,-69070789.91750365,-29951987.95940068,14.38076352666221,-23.78818223455249,-10.31291524191261
2456412.5,-116135724.1740508,-88526520.73020251,-38387439.56825063,18.51440960067239,-21.15191399655898,-9.17085842197747
2456422.5,-98535607.64035776,-105450397.3097378,-45724106.01007184,22.12628919749834,-17.92463477974531,-7.769714219128455
2456432.5,-78100750.12308781,-119350506.3337637,-51749916.62698192,25.05264171209651,-14.18074634755072,-6.148640958396225
2456442.5,-55456926.5513389,-129858327.7894361,-56306325.86284511,27.24697811866234,-10.09417906847988,-4.376383600102399
2456452.5,-31231973.03924642,-136706695.7681684,-59274731.94278136,28.69221464674294,-5.716342240339372,-2.477471243891551
2456462.5,-6123982.966497586,-139692139.7753471,-60569359.26953187,29.28533578449982,-1.186298782975025,-0.5157850434630508
2456472.5,19142363.40689263,-138762830.5715616,-60167258.53055727,29.07539793847361,3.332860146797533,1.445220745346714
2456482.5,43885259.0026955,-133947285.8399737,-58079095.61463495,28.05836028458463,7.792409358424306,3.378216619881706
2456492.5,67387934.70201026,-125364735.1580308,-54359261.59136636,26.21671705336817,12.02022260927395,5.209509148775261
2456502.5,88988204.27563213,-113278226.7085964,-49119793.18783124,23.67238276843138,15.90132873614723,6.894299314540171
2456512.5,108092391.176898,-98001020.46131895,-42496560.34926131,20.43556017232179,19.38169521230842,8.401641256733514
2456522.5,124122240.4748832,-79951278.76033877,-34672759.87592675,16.5842367225223,22.29533021593874,9.664529434463496
2456532.5,136622747.6133754,-59650281.47754212,-25871651.63276701,12.27930649719445,24.597693727063,10.6643201207079
2456542.5,145219259.3486108,-37639160.14620314,-16329599.16808005,7.559394015295092,26.22976985648745,11.36977133713792
2456552.5,149612754.0553285,-14554104.34171122,-6322777.497639792,2.589370531633559,27.07600552692315,11.73789342685294
2456562.5,149670075.4676958,8933660.74785453,3860145.888055194,-2.468972843401038,27.16901206706627,11.77864552859724
2456572.5,145341852.5954714,32163443.14822393,13930013.56594668,-7.536887445156478,26.46301231408903,11.47062360580874
2456582.5,136707789.2742406,54422199.9702214,23579053.17427715,-12.39678930598764,24.93497062074584,10.81043077978387
2456592.5,124015698.7459932,75046138.71700905,32520433.38736546,-16.92365865691668,22.68669200654939,9.834862021341285
2456602.5,107589482.9003835,93415395.56716205,40482824.29176269,-21.00849856993601,19.71441859697368,8.545267650061303
2456612.5,87903781.98611298,108929654.2656604,47208558.50932379,-24.4432093944207,16.11093056038431,6.985335130543219
2456622.5,65552931.88085686,121117101.1906437,52492256.03506645,-27.17343293182781,12.02375421547309,5.21163701325596
2456632.5,41179458.94405752,129581869.0374086,56160817.39959772,-29.09613407220348,7.508838198295137,3.254674105646525
2456642.5,15546364.83152878,134026005.3305158,58087890.62149684,-30.08826489377213,2.758228040778879,1.196502340768109
2456652.5,-10557259.23982839,134324338.5314085,58216969.3169696,-30.18676218383557,-2.075640547313063,-0.9011562127515662
2456662.5,-36343757.06277522,130442760.819303,56533461.14825385,-29.33829696833872,-6.888953653539177,-2.986154378513521
2456672.5,-60984061.06000971,122495276.6917567,53088708.02021392,-27.55797683738234,-11.45321416114742,-4.964934727002673
2456682.5,-83731257.77187587,110753977.8679941,47997962.6995847,-24.9653600403844,-15.66098225439267,-6.790648026890638
2456692.5,-103893723.2340821,95566417.57521114,41413678.57568897,-21.57862750759131,-19.3975064202641,-8.408211518104547
2456702.5,-120834744.1976252,77426129.02217586,33550021.5913716,-17.54771400020048,-22.48132933072353,-9.746483522573834
2456712.5,-134077538.9131498,56913556.90443037,24656530.9263632,-13.03139265689681,-24.8860283097606,-10.78940020164317
2456722.5,-143232531.8652232,34643476.64245051,15002406.60906861,-8.108343571892204,-26.52284977982614,-11.49709212291159
2456732.5,-148039113.329157,11325858.90395476,4893859.034608706,-3.004599168840626,-27.3184380476696,-11.84409917975155
2456742.5,-148413589.5477002,-12337956.72545462,-5365724.46489313,2.140121760806089,-27.3282840755445,-11.84738986130629
2456752.5,-144358447.4285861,-35656605.30388398,-15474106.49256769,7.213895941472676,-26.50801222554822,-11.49106669229203
2456762.5,-136034768.90118,-57918469.95427638,-25125496.94112987,11.99425659086643,-24.90567227982995,-10.79849207408354
2456772.5,-123739356.7148343,-78500985.38433596,-34048960.62415232,16.40243565852181,-22.62668870009603,-9.80844353459444
2456782.5,-107832641.5521299,-96820564.66847317,-41990194.71160693,20.31755267958658,-19.6751389923645,-8.529585689318786
2456792.5,-88819068.86326452,-112347201.8054119,-48722178.98871306,23.58447677998715,-16.1921503300429,-7.020934000191565
2456802.5,-67265691.14795388,-124681957.5253633,-54069606.46946623,26.19461362247934,-12.29028668035622,-5.327114435027796
2456812.5,-43777244.17253271,-133477041.6783466,-57882161.49131551,28.03783920900603,-8.022830288574339,-3.478835919814142
2456822.5,-19054635.17647086,-138494931.622065,-60058589.48857139,29.05846303903426,-3.576307888416014,-1.551163780910775
2456832.5,6215077.6761417,-139630687.4169609,-60550621.69848417,29.30079454008562,0.961421375580848,0.4175360634941056
2456842.5,31328438.14027547,-136835468.5267113,-59339106.42590918,28.6881287246755,5.489855676895841,2.37861083237704
2456852.5,55554686.17305179,-130201490.1312284,-56464071.98747506,27.26815714936642,9.825611751601695,4.259640385462884
2456862.5,78238250.47727786,-119924665.9706125,-52008368.36706369,25.11152271932249,13.91724156446103,6.033536505606897
2456872.5,98728358.92274332,-106262077.0060106,-46086164.87815039,22.20149272002912,17.63017562907009,7.641497138206527
2456882.5,116424741.1474342,-89611105.1981311,-38868126.28495333,18.67371926913744,20.82590387937322,9.029139855749015
2456892.5,130840857.2225792,-70425992.59616452,-30550659.91321664,14.60546430309154,23.48508325414246,10.18065491295035
2456902.5,141524193.0051765,-49224305.78419259,-21360429.9876044,10.0601443709929,25.46966735799414,11.04038683488664
2456912.5,148145180.9904447,-26628178.32168315,-11564497.83706367,5.231236688756496,26.71912916132979,11.5841661495704
2456922.5,150501939.3420874,-3261554.163849665,-1434650.264547132,0.1955943668514329,27.23877557535171,11.8073465558801
2456932.5,148463820.0625435,20200543.64974701,8735526.908551436,-4.904171914038569,26.9309678359215,11.67463646532691
2456942.5,142071704.2592387,43047809.15897258,18640763.1300797,-9.861796747204853,25.83438340518045,11.20033028212182
2456952.5,131482083.4497711,64624100.2117986,27994018.61345762,-14.60340846143019,23.97892760907049,10.39385396305673
2456962.5,116953803.9215496,84258459.84430532,36505164.17182243,-18.93910137885774,21.34987421273247,9.256002477971112
2456972.5,98920866.51261947,101335557.0068094,43909056.53751758,-22.70834232695563,18.08464335083771,7.840098046575161
2456982.5,77892114.77599984,115341574.2198261,49980118.47161231,-25.85178732448142,14.24250922988665,6.173092879634269
2456992.5,54481538.19907233,125803467.7687401,54515418.95955515,-28.19253346606331,9.911587533151442,4.297875492577131
2457002.5,29423113.92474828,132389042.1405413,57370839.25545809,-29.67344037405004,5.293541069700131,2.294293691876933
2457012.5,3458956.762958555,134890815.1610103,58454501.43458285,-30.27225561794414,0.4721599821914207,0.2040015754159059
2457022.5,-22602180.32807952,133194116.2571549,57719408.20061465,-29.89200625908859,-4.382097549684043,-1.898669092033672
2457032.5,-47935638.04036131,127368204.6653492,55193791.4923595,-28.60662779843818,-9.070494495180235,-3.933243550550947
2457042.5,-71783085.85885692,117591060.2582021,50954515.06633122,-26.4472205516625,-13.50856345137974,-5.856014439060196
2457052.5,-93387256.39902899,104154736.5969319,45130410.08362081,-23.43586423821031,-17.50131314417863,-7.586557218800338
2457062.5,-112088780.9997619,87512716.81420945,37915339.38617169,-19.75175875567357,-20.9255677701439,-9.072788137929981
2457072.5,-127346023.567355,68173337.12113844,29531100.03783574,-15.46983505438067,-23.7265067287866,-10.28488618167053
2457082.5,-138684322.148021,46740213.9844827,20240188.40644967,-10.72201581933708,-25.75151380047962,-11.16388250594811
2457092.5,-145802750.4329376,23899704.59323296,10337620.28556064,-5.722371638175502,-26.99229421621386,-11.7025958438865
2457102.5,-148524374.3441471,325097.7958048924,117856.6426241338,-0.5591346370874171,-27.43720971337178,-11.89322807508066
2457112.5,-146778693.4638779,-23260055.51325582,-10106388.22561167,4.573211986872732,-27.02132353652194,-11.7150463219313
2457122.5,-140681551.5342821,-46148458.53513753,-20029802.68408125,9.501395890674013,-25.83972545094726,-11.20236257777664
2457132.5,-130438167.3414303,-67697773.61013544,-29371176.03362761,14.15083849585633,-23.91457107493176,-10.36640393933749
2457142.5,-116369166.9936038,-87266760.24892294,-37854895.31022539,18.32365325609818,-21.28113541601014,-9.226996056415237
2457152.5,-98937653.94569679,-104312943.2357978,-45245391.2583741,21.93273663971118,-18.09185849360788,-7.842795135192517
2457162.5,-78644332.71438392,-118379499.9233304,-51342773.87862087,24.92494360309352,-14.38574470225247,-6.236221976365091
2457172.5,-56091214.03374966,-129057657.6014238,-55972659.78403677,27.15061892711623,-10.28383585047291,-4.459505577946188
2457182.5,-31946711.64108339,-136083298.101446,-59018633.43645397,28.61613416510319,-5.944225189853213,-2.576031670619453
2457192.5,-6870970.600226605,-139271828.2451392,-60400469.12708122,29.28461015480601,-1.415282182647739,-0.6141214563892137
2457202.5,18406778.08195148,-138526006.4321692,-60078123.02418029,29.0907616313437,3.128589168288523,1.355407219405258
2457212.5,43174531.74348954,-133899056.6427595,-58072001.01055323,28.11603599974909,7.562512963672387,3.279439548507083
2457222.5,66758661.81101822,-125504677.1780067,-54432950.79662319,26.33880045280002,11.82446094479685,5.124920017298869
2457232.5,88466350.80773501,-113570736.8326345,-49260305.4381327,23.7950649639873,15.72987768776948,6.818993638981591
2457242.5,107695473.0688283,-98446856.54610562,-42703263.1232321,20.61249526863313,19.20883332987253,8.327844688602148
2457252.5,123899634.937798,-80522502.53146835,-34933360.73491795,16.79763710561355,22.18232521010202,9.614966380628383
2457262.5,136577684.1986443,-60305711.45109005,-26169630.08014505,12.4831196335475,24.50223783234399,10.622700903752
2457272.5,145370950.2462986,-38371222.73708214,-16660093.08694753,7.812713765602354,26.16164440642512,11.34124300636625
2457282.5,149988579.7186164,-15313671.12625712,-6665244.801914156,2.840591217721181,27.07724908619187,11.73718638515815
2457292.5,150251321.9165677,8182337.705243589,3520609.7339067,-2.231148421890996,27.1799100578687,11.78400921401951
2457302.5,146143087.5701263,31438206.84581893,13602703.9811255,-7.271910442926738,26.52438450211714,11.49786668834593
2457312.5,137724365.4650869,53780091.66593177,23287277.78364876,-12.17345442290637,25.05492107345363,10.861113584431
2457322.5,125212961.6045273,74508410.48535176,32273835.62879668,-16.71422696382061,22.8107113458088,9.88987789339415
2457332.5,108969783.742832,93007311.0407073,40293288.47983422,-20.80600152581279,19.89746084562115,8.624696137792817
2457342.5,89429333.59667239,108698774.7587887,47095125.15041043,-24.31041418654971,16.32268424478142,7.076422751601393
2457352.5,67183122.16197056,121065101.2097772,52456936.14312986,-27.05476741136539,12.23571209114911,5.304936531230169
2457362.5,42900239.68846064,129733711.6649343,56214423.81429405,-29.01925773312787,7.769228157272095,3.367027156734707
2457372.5,17296881.49597663,134403511.1520609,58238760.73293854,-30.08671322176466,3.007082797988323,1.304681647371644
2457382.5,-8811920.94360406,134910012.8458363,58459098.49054199,-30.19913046459104,-1.830700752673029,-0.7937924145193904
2457392.5,-34631652.19884376,131252139.4978666,56872678.06729779,-29.4157644162505,-6.622977722312024,-2.871743105419483
2457402.5,-59369768.54126281,123516048.1422416,53519478.31382696,-27.69065054906332,-11.23470808443199,-4.869021653326389
2457412.5,-82234001.10353146,111955859.7860136,48508340.77852158,-25.10929896800643,-15.45061183035356,-6.698829711470559
2457422.5,-102547322.4566494,96949576.98672923,42002286.9092446,-21.79077931907446,-19.20157659248549,-8.324052725842956
2457432.5,-119686001.5358495,78947902.6050826,34199222.44723321,-17.77728223934447,-22.35092183611329,-9.688360574559605
2457442.5,-133125645.5832389,58541241.23472222,25352482.76435193,-13.26730669376325,-24.7661527077629,-10.73752652510582
2457452.5,-142507342.9270931,36361298.89722251,15736851.02270132,-8.394338259470654,-26.44941523188379,-11.46537868557758
2457462.5,-147555112.4838559,13075418.70027949,5643064.933579657,-3.268086296051669,-27.30553486109553,-11.83701350872271
2457472.5,-148153073.8583345,-10581537.38130069,-4613163.378113664,1.874835140399279,-27.3257524723212,-11.84703545496334
2457482.5,-144339482.8628834,-33921352.14639872,-14731175.05680927,6.932392278754348,-26.57052310373159,-11.51742000646973
2457492.5,-136236791.9243963,-56259684.50368816,-24414514.5622725,11.76350609141138,-25.00575713529643,-10.84086108426318
2457502.5,-124136119.9227171,-76930016.02105391,-33376185.91594793,16.17243759888892,-22.73669136865229,-9.857164780111411
2457512.5,-108425265.8764962,-95371721.71769528,-41370387.74506817,20.11108374351502,-19.84952318875208,-8.603818944174641
2457522.5,-89560205.41095848,-111056715.5192302,-48169992.08440115,23.43877024512861,-16.37344239607469,-7.099200677490371
2457532.5,-68129586.12309061,-123547804.5890071,-53585729.64619417,26.05210075527841,-12.48296206375351,-5.411389253378315
2457542.5,-44745689.11893096,-132531925.2010449,-57479735.24248521,27.95255651068766,-8.259458065587815,-3.579968527006073
2457552.5,-20068398.69040351,-137747075.7341162,-59741110.28652678,29.02630444070245,-3.791256639904629,-1.644787354487944
2457562.5,5175193.120007435,-139068868.3672628,-60314433.21251293,29.27758065189646,0.7329057038490262,0.3184881901686187
2457572.5,30298126.03325029,-136481360.9921032,-59192096.55012556,28.73920306631743,5.251768553625849,2.276441722984621
2457582.5,54588403.57591552,-130034530.3794411,-56398214.1608619,27.3517612515198,9.628958150455915,4.173354153806859
2457592.5,77346624.26558506,-119929588.5663727,-52017402.13261952,25.21384306004827,13.70865357151126,5.94398026522952
2457602.5,97956879.52177843,-106440939.2331971,-46169675.72507855,22.37312628333922,17.44996184367234,7.563771704454413
2457612.5,115808654.5206138,-89921063.56091496,-39009013.04082131,18.85070534229867,20.69431990078392,8.97095500272709
2457622.5,130383079.4902836,-70851551.73237121,-30741513.54087686,14.81041071797649,23.35114728575395,10.12397257605139
2457632.5,141267097.501105,-49743980.29347043,-21591394.34511111,10.30864926618488,25.39440135499966,11.00748429741598
2457642.5,148095473.3203773,-27188795.11542249,-11814023.64629523,5.458452923518744,26.68618257715337,11.56925593086387
2457652.5,150656437.0389146,-3849173.582031021,-1695187.127682607,0.4518463309144645,27.21997778715419,11.80055779427204
2457662.5,148847396.5732083,19627204.57195148,8481454.520359138,-4.643951306580071,26.98455892801092,11.69704463524389
2457672.5,142660463.8863491,42537354.50140405,18413251.77946506,-9.641915309168173,25.91263998733742,11.23454633338164
2457682.5,132267669.4933883,64188162.00721253,27799833.81742366,-14.36617610195158,24.08757035819992,10.44188820946719
2457692.5,117933267.5174456,83946633.11710574,36364625.41028509,-18.74047614240721,21.52324383931206,9.33010687716778
2457702.5,100046232.3860496,101177481.2774401,43834954.05894839,-22.55615988048622,18.2591864147104,7.91692846079951
2457712.5,79150331.54276302,115345455.4767316,49977241.94582455,-25.70394518085219,14.4546865413491,6.265426183126346
2457722.5,55840265.85162627,126011402.8624382,54600550.50735435,-28.11604144343056,10.16012365738377,4.404863284060524
2457732.5,30824760.50870318,132802319.7064239,57545446.67599486,-29.63523771747038,5.521685575947842,2.394778461720325
2457742.5,4887130.31937775,135512431.0214198,58720137.39754291,-30.2614823736038,0.7316809265628368,0.3162792301638871
2457752.5,-21200482.52169033,134044209.637768,58083608.11132067,-29.96382947359449,-4.127824967792037,-1.788381719554111
2457762.5,-46609244.85159186,128419444.1266805,55646225.68090841,-28.69829157173913,-8.849364471210178,-3.83596842652971
2457772.5,-70548781.87660961,118839854.5226644,51492841.22710384,-26.5815675166225,-13.27382984729631,-5.754934362659349
2457782.5,-92302354.27757947,105591759.2421904,45750132.66198102,-23.63704450142567,-17.31313059200403,-7.503928763184871
2457792.5,-111177886.4023817,89091808.37691748,38597928.73812623,-19.95139084164272,-20.77154961171663,-9.005169040379753
2457802.5,-126622628.7862112,69884644.81726073,30270813.47611729,-15.71443353070285,-23.58162053650272,-10.22288836825266
2457812.5,-138192000.4986907,48547296.31016377,21021742.08501907,-10.99523841133842,-25.67923808610464,-11.1307969081611
2457822.5,-145535605.1318169,25753654.0688356,11140625.17376729,-5.97699175947675,-26.94514703502266,-11.68194622936356
2457832.5,-148489918.9198369,2211851.414285616,934645.356614359,-0.8481765043615852,-27.4199128824815,-11.88615357736221
2457842.5,-146993372.9600988,-21393009.02576226,-9297237.364643782,4.302324003933047,-27.07805697066349,-11.73776614911196
2457852.5,-141113836.4679359,-44337268.47006577,-19244140.11833015,9.257224663402505,-25.90740835687574,-11.23200983562441
2457862.5,-131088782.6203542,-65958314.58577681,-28616995.70405443,13.89235584561606,-24.02596046848179,-10.41431534875409
2457872.5,-117222773.7319116,-85652011.10546774,-37153533.96049814,18.12161510641471,-21.44414575930901,-9.296313580614433
2457882.5,-99949799.7468516,-102837169.4474592,-44604113.08535876,21.75598687038487,-18.25218064903425,-7.912972939789259
2457892.5,-79808986.53400828,-117058567.0337002,-50768713.67943919,24.7597213963974,-14.59342957156071,-6.325090621406685
2457902.5,-57365753.44899568,-127929713.3571566,-55481108.47905281,27.06000179863535,-10.50682760641866,-4.555691883381347
2457912.5,-33288015.97476452,-135139967.4860093,-58607460.40611607,28.54299101668297,-6.155784093165307,-2.668455148037598
2457922.5,-8265777.040287361,-138527234.8662936,-60075078.31065968,29.24957592310116,-1.665002940077037,-0.7208262776301412
2457932.5,17016471.91878285,-137992561.3631187,-59843563.93675838,29.12567947756697,2.900951677281538,1.256374611342771
2457942.5,41819489.44274116,-133551405.4100066,-57918608.29209767,28.15890640486164,7.348721176982626,3.186486289597439
2457952.5,65459750.42590764,-125351995.5869058,-54363269.28940653,26.43932856674832,11.59534124162854,5.026929918798573
2457962.5,87280772.52849442,-113595794.5064221,-49267586.33642443,23.94242173254302,15.55117058324257,6.740582458196209
2457972.5,106635827.6039541,-98616066.50851704,-42773587.1304425,20.76074259670245,19.04160341357652,8.25586956638149
2457982.5,122992348.071613,-80835325.23025978,-35064918.68509451,17.00713128274872,22.03163407473726,9.55033023034461
2457992.5,135862751.2172354,-60719557.06105287,-26345409.48796489,12.70535870677976,24.4153137651664,10.58388377748091
2458002.5,144842006.0208725,-38853339.5936449,-16865594.3388092,8.032864224369,26.08261680957565,11.30826099930131
2458012.5,149671250.8954466,-15849773.19701116,-6893243.309661493,3.104829993322421,27.04538409343207,11.72332192040533
2458022.5,150156131.0486692,7648675.010100192,3292954.751992681,-1.990718490435288,27.20804727475431,11.79532275887439
2458032.5,146248029.5722975,30931349.0531769,13387098.25552213,-7.033884827125051,26.55900826339762,11.51439840777861
2458042.5,138044808.8303827,53327746.49306939,23095786.71457943,-11.92561295625067,25.15420343189665,10.90353497040991
2458052.5,125725589.735397,74164580.02487777,32128694.73785556,-16.5203079725282,22.94965261708159,9.949942431338213
2458062.5,109643338.1691876,92782747.82300198,40200730.9790187,-20.61566301873817,20.04417487654074,8.689460507909816
2458072.5,90260468.07540824,108627773.6885161,47069117.10710122,-24.15066599014603,16.53065200962509,7.165719717641581
2458082.5,68120263.72446615,121182462.5217142,52512259.96551239,-26.96375545682241,12.45076441851472,5.398957610065167
2458092.5,43911275.48654097,130034630.0868776,56350359.91517582,-28.9361624030745,7.993265056529011,3.464592985778923
2458102.5,18357482.17998302,134917337.8659606,58466597.10587219,-30.06654231755799,3.268082585033953,1.417097481433577
2458112.5,-7766333.905815502,135640455.424154,58781129.37908167,-30.24088858131133,-1.598041524692156,-0.6913790733253393
2458122.5,-33625316.42697283,132181075.6934159,57281610.94784235,-29.47139066733654,-6.383708143574701,-2.768264433764744
2458132.5,-58441768.35541405,124656832.1380492,54019729.75542491,-27.82192585905177,-10.99573903118231,-4.76562984556228
2458142.5,-81441193.91774324,113279131.6703462,49088631.54607408,-25.27497561202951,-15.26558291570786,-6.616880588395508
2458152.5,-101899861.4178173,98430207.30360708,42651229.36820579,-21.97400457850959,-19.01654882004677,-8.244497031944078
2458162.5,-119225546.6061542,80577819.14311247,34912533.95871104,-18.02496387233978,-22.20402574172566,-9.624049339889368
2458172.5,-132882713.8881107,60267658.030043,26108950.50077634,-13.51146021165074,-24.67898768333627,-10.69845091917882
2458182.5,-142476965.0440342,38160234.00733253,16524738.52308183,-8.655010058023032,-26.37066850884128,-11.43197323285695
2458192.5,-147768725.1585669,14919362.25595958,6450536.727388411,-3.562013128363882,-27.29124968897608,-11.8293732449374
2458202.5,-148605779.2358581,-8751030.196802411,-3810224.779640224,1.617422062540125,-27.35617595218143,-11.85973161515366
2458212.5,-145015510.1919974,-32120653.31245648,-13941483.27926381,6.663849984330171,-26.61671706012969,-11.53793744904106
2458222.5,-137148338.9933095,-54528072.95041757,-23654165.91633727,11.50301382062449,-25.12338319447105,-10.89002486743324
2458232.5,-125246434.8842176,-75312914.3988272,-32664616.12164581,15.96484091479028,-22.87169746414477,-9.915927551388487
2458242.5,-109714722.0252435,-93875633.4033521,-40711661.39025303,19.90055755450389,-20.00516032798178,-8.671229525648958
2458252.5,-91018184.79416935,-109722420.2451611,-47580359.20255788,23.27543119357507,-16.58623921985238,-7.189906473743458
2458262.5,-69701012.40562338,-122395072.4606344,-53074567.81788232,25.93908678232704,-12.68553205610976,-5.499851903835088
2458272.5,-46412904.36207934,-131559230.1454305,-57046799.02087942,27.84687281511259,-8.484603132919764,-3.67675433398416
2458282.5,-21799560.04880329,-136986172.337323,-59398806.14704312,28.99334788283667,-4.042122723954066,-1.752821821085983
2458292.5,3436176.526075316,-138510594.8794804,-60060297.30129926,29.27894135878049,0.5114180315778588,0.2217664045418794
2458302.5,28564511.15931009,-136119757.2463101,-59022992.3888669,28.76014753182331,5.010021530004849,2.173102233437182
2458312.5,52906765.7820449,-129883026.3608804,-56319264.71618204,27.4495560034375,9.400856107390767,4.074229412773514
2458322.5,75758878.156081,-119955239.3609203,-52015896.22592188,25.32449599961692,13.51771712671989,5.860772038614163
2458332.5,96472433.76208863,-106635927.3592032,-46240896.24372461,22.51564408961945,17.24804576378558,7.477853437475344
2458342.5,114477456.8077068,-90274432.31700322,-39148514.52899008,19.05139085927333,20.54142531274837,8.903765966880085
2458352.5,129223127.3230704,-71316953.02523886,-30930222.87029945,15.00335595996896,23.23310248948315,10.07293401432174
2458362.5,140285163.5026278,-50312006.07009839,-21823604.30833915,10.54018848904837,25.28290172074026,10.96029332356215
2458372.5,147330150.6273936,-27824156.84740769,-12075642.12865912,5.712254922145806,26.6446499990604,11.55014963926645
2458382.5,150098377.584521,-4504589.978621965,-1965833.509687952,0.6818901443198448,27.20350327099189,11.79425701356405
2458392.5,148500240.1385286,18963808.28740333,8208314.412502041,-4.381234816050827,26.99657971212271,11.70252270887042
2458402.5,142537448.5296896,41917334.58566517,18158284.86912125,-9.399886404193778,25.99510320618773,11.2694088874488
2458412.5,132334879.0003144,63647385.18545073,27579370.44624782,-14.15707258688471,24.180481939583,10.48347815743431
2458422.5,118188514.6590766,83499801.50281337,36185461.0542875,-18.52019123005985,21.66149049823498,9.389442648764934
2458432.5,100469986.3718674,100876487.2919994,43718281.94586337,-22.39432065459009,18.44719552815446,7.998082716858266
2458442.5,79693187.57985744,115204684.5225505,49930687.18151823,-25.57537918626115,14.63684621999683,6.345681273242453
2458452.5,56491715.45351638,126045218.8605034,54629712.70393144,-28.00691469580173,10.38920032567899,4.503180451419163
2458462.5,31536583.4472514,133045321.9497237,57664854.9122867,-29.60505049426826,5.763806801586012,2.500224280384744
2458472.5,5609095.74731632,135952756.1720161,58926117.8900704,-30.25532534509636,0.9543046474563092,0.4135676677555032
2458482.5,-20486524.94719885,134690881.3710127,58378640.63216271,-30.00372564748811,-3.874978342284595,-1.679628308374801
2458492.5,-45965013.10749041,129277148.2657044,56032853.31564051,-28.81267232641038,-8.6251327000856,-3.737426454004895
2458502.5,-70009201.6885844,119874348.8435263,51957174.7769758,-26.70420838593369,-13.07506693408949,-5.668744172419394
2458512.5,-91888902.44529498,106802966.6980559,46290500.46304841,-23.81702546282144,-17.11239324099171,-7.417279586388949
2458522.5,-110945479.8175725,90452706.74493934,39203909.72074798,-20.17702573123739,-20.63182218849433,-8.942787116830921
2458532.5,-126580032.0383955,71350925.05189241,30923219.17482319,-15.93298383689155,-23.46389752393727,-10.17243301779742
2458542.5,-138358448.5608066,50109139.62133218,21715135.20917948,-11.26390614845251,-25.58838990207496,-11.09111677300318
2458552.5,-145942032.0367121,27361400.10145244,11855079.08796569,-6.248139907157959,-26.92705069274136,-11.67250043466466
2458562.5,-149118520.5247821,3826556.623335109,1652315.142006531,-1.103705008396556,-27.41456415433356,-11.8846198926667
2458572.5,-147856690.6580538,-19788996.65597497,-8584298.80016973,4.018366612231683,-27.12016102264366,-11.75504306510087
2458582.5,-142210274.5947734,-42800675.96625046,-18559206.43186881,9.012929986255578,-26.00988025121378,-11.27566307008436
2458592.5,-132383240.1359823,-64511240.71426251,-27971166.35372256,13.66432710193132,-24.13216886589254,-10.46092542914336
2458602.5,-118718088.678407,-84316816.35074762,-36555823.63083836,17.89463532905242,-21.60566808399825,-9.364822871272532
2458612.5,-101613148.8661338,-101661174.4431413,-44074505.60487527,21.59560828937997,-18.44337223294923,-7.996050987039796
2458622.5,-81601344.81810835,-116043654.4819062,-50309424.34077534,24.61187625446655,-14.78349447606366,-6.407536652508087
2458632.5,-59278447.30724021,-127099041.3352176,-55100831.65561607,26.94357933441247,-10.74593820022979,-4.657742593901959
2458642.5,-35266805.20834715,-134518389.7069128,-58317500.11812866,28.49731401645544,-6.387478560665312,-2.769751879588791
2458652.5,-10279067.0814859,-138100212.985212,-59869823.46673953,29.21281327843929,-1.89467656565229,-0.819833523566301
2458662.5,14989328.46682647,-137778975.7334327,-59729713.15121397,29.14490393394202,2.642263120206541,1.145315086260079
2458672.5,39838987.35974924,-133546947.0365456,-57895714.40471207,28.23199899207264,7.12834539625544,3.089962640738686
2458682.5,63544101.53054304,-125532944.4979701,-54420771.40238742,26.52038907269224,11.37655775190909,4.933208947663308
2458692.5,85460592.3575186,-113970700.2831574,-49408129.90248687,24.0910924160257,15.33426011344761,6.646698990271656
2458702.5,104961195.5375828,-99152538.13955529,-42984878.44483992,20.93366145203873,18.87998117265182,8.185127586445912
2458712.5,121467128.5736532,-81507441.56436227,-35334611.11296756,17.18936494329157,21.87281436027818,9.482919296956705
2458722.5,134521515.5103391,-61519922.04991803,-26670092.13520972,12.94743752007928,24.29310405462019,10.5301570259067
2458732.5,143710147.4527856,-39730071.80165528,-17224140.99295826,8.266099352646567,26.01694967259673,11.27966396799521
2458742.5,148739992.5455005,-16779911.91914133,-7274193.572578516,3.348361503554629,26.9869421312618,11.69924976852452
2458752.5,149453665.4961158,6690614.463754696,2899883.66235467,-1.716360617729601,27.21336483230972,11.79644673449726
2458762.5,145766837.695237,30002315.31430494,13006143.89484077,-6.797494059897161,26.60789151767943,11.53608924089418
2458772.5,137766255.3092886,52443927.81629541,22735304.67821773,-11.68165928201677,25.21698627845773,10.93131174287889
2458782.5,125659710.8766525,73364887.68420139,31804124.30344453,-16.2887066885726,23.08377236504188,10.00707684744508
2458792.5,109750606.3568824,92112167.42260703,39932170.15554095,-20.44089235798468,20.19759689847727,8.7570421450945
2458802.5,90516450.69560212,108092610.0047494,46859945.74449573,-23.97643490182641,16.7033882045179,7.240229080185854
2458812.5,68509554.17829362,120823102.4944221,52378515.16284695,-26.84376537233143,12.6774005910953,5.496794682003672
2458822.5,44373668.58103387,129869488.9116967,56301388.53840284,-28.87581861736754,8.208965313355378,3.559459735595254
2458832.5,18868811.89020479,134941305.6307396,58499844.06703164,-30.01840980862312,3.503228274497047,1.517964138169046
2458842.5,-7244435.518445057,135880629.0264592,58907474.02622951,-30.27098436322902,-1.345905754989035,-0.5817625090077548
2458852.5,-33154478.3877776,132622908.5013258,57496343.01731555,-29.54512315162306,-6.169691482475926,-2.674346334667734
2458862.5,-58039049.15462223,125285735.0856042,54315278.93698954,-27.91866669661316,-10.76920488108358,-4.668622630482457
2458872.5,-81155786.24831116,114098554.5582954,49466586.43315116,-25.44718146088716,-15.06431438060463,-6.528667466431969
2458882.5,-101774621.7942752,99397876.85021654,43094503.94742187,-22.15951494371626,-18.86718769920246,-8.179305170005081
2458892.5,-119266305.3419808,81675198.27724594,35411414.49919559,-18.23902172592148,-22.05458774285364,-9.560019670226286
2458902.5,-133133546.4634566,61473188.61735565,26655072.12019556,-13.77422859176072,-24.58740836745142,-10.65736991865764
2458912.5,-142949022.4535221,39418768.80165239,17094619.18024386,-8.89835016898101,-26.32594149558055,-11.4129859530328
2458922.5,-148457616.809725,16214481.03511443,7035635.810875656,-3.831886652998116,-27.2608153583645,-11.81620306571159
2458932.5,-149537372.7755025,-7459113.029505739,-3225705.331767121,1.338942881058524,-27.39744256100502,-11.8762327334519
2458942.5,-146167970.7383552,-30881933.82127778,-13379786.03374433,6.426762548045292,-26.68452806463804,-11.56829114059965
2458952.5,-138511566.6220496,-53353823.97470183,-23120753.42336315,11.24911813303528,-25.21789580768801,-10.93030963569035
2458962.5,-126821058.6697805,-74249973.34770484,-32178440.02599337,15.74361854804729,-23.03088608361951,-9.984071272766768
2458972.5,-111455169.5585353,-92954360.54502268,-40287239.21784282,19.72516816577569,-20.16578421588069,-8.74180868980647
2458982.5,-92912688.43186915,-108949473.5568099,-47220083.60471955,23.09924907825652,-16.7804725978182,-7.272891515095035
2458992.5,-71724319.27919693,-121811946.7296356,-52795685.62576829,25.82733312188146,-12.91925784314717,-5.601205475526381
2459002.5,-48510935.20031349,-131169738.5256146,-56852549.75055764,27.77047868657577,-8.700332514161804,-3.77071567418913
2459012.5,-23960132.13466045,-136794017.148236,-59289472.67571411,28.93536987735221,-4.290028162698825,-1.858855573615798
2459022.5,1258738.453853254,-138540569.011928,-60046818.39077732,29.29910467123841,0.2607291351205159,0.1121739417826479
2459032.5,26416968.98279729,-136350737.3363259,-59097357.19026087,28.79845534133474,4.786190644542863,2.076270549464047
2459042.5,50802331.85219423,-130316161.3849622,-56480367.55071605,27.52380858877245,9.15580841978365,3.969179029625737
2459052.5,73752496.92981043,-120590640.3514878,-52264879.11209586,25.46777237324774,13.30798876417952,5.76850704515644
2459062.5,94591650.0660509,-107435737.5700099,-46561557.66862897,22.66068805445376,17.06492201293696,7.399191248199517
2459072.5,112736801.7641592,-91235621.07387921,-39538248.7858979,19.24280088036521,20.35669721179735,8.824142088518744
2459082.5,127671908.6135738,-72412716.3361114,-31379016.27348834,15.23378449464818,23.11162195728024,10.01915347787581
2459092.5,138926395.2044849,-51499105.82448646,-22311935.66494368,10.76051636655201,25.18271795004679,10.91787752362272
2459102.5,146177882.8807398,-29093001.19225682,-12598836.62368371,5.977060836034847,26.56735732922713,11.51615319656281
2459112.5,149180953.8836547,-5806891.479528473,-2504434.05894656,0.9437858033942376,27.19828468852936,11.79157355605229
2459122.5,147797256.2091022,17665460.18674804,7671919.811924718,-4.136834877804476,27.00540294409259,11.70736681725588
2459132.5,142058111.61053,40640039.72054853,17631065.28561206,-9.128425036292247,26.04902068342319,11.29158517336826
2459142.5,132075599.9738473,62447771.13535672,27085167.16978811,-13.92943123886113,24.29352878554026,10.53287647362327
2459152.5,118111712.0153001,82400322.5840775,35735439.34459303,-18.3137160587767,21.78024377026537,9.441601072344518
2459162.5,100574783.8060516,99899190.6285251,43320736.32661534,-22.19161434665321,18.62138885836109,8.07228744487756
2459172.5,79942477.77858537,114396580.9768906,49606353.45517209,-25.44403061784453,14.83936492657466,6.434469624542013
2459182.5,56840959.32607367,125408021.2136524,54380223.06550662,-27.89620909704693,10.58839327261106,4.589476581627419
2459192.5,31971770.74489638,132599806.8613696,57497592.95625175,-29.53281914999121,6.009617058550862,2.605930032583252
2459202.5,6069954.42765403,135719891.7262564,58851439.75838835,-30.25998500002863,1.189122151128324,0.5166082813921179
2459212.5,-20038617.12986007,134651226.3336673,58388146.55381406,-30.02334841867193,-3.65113537432638,-1.583462434094266
2459222.5,-45555190.64651715,129442782.2377277,56130475.07685224,-28.89485952498919,-8.381998340671103,-3.632097381311197
2459232.5,-69701125.86926231,120232376.1643051,52138972.58312915,-26.84459943529457,-12.87831231743908,-5.58231810915172
2459242.5,-91703367.55356093,107319207.8692878,46540804.25015263,-23.96310694389427,-16.92988371644518,-7.339482437090852
2459252.5,-110912042.2032997,91125528.8486813,39521580.29107852,-20.38838814111095,-20.4657082770456,-8.870127882543159
2459262.5,-126744612.7231514,72138102.61174957,31291330.62110546,-16.16599647329479,-23.36388022441915,-10.12846333243406
2459272.5,-138718367.9290988,50973619.30347883,22116192.00842883,-11.49444646564144,-25.50053440373545,-11.05418509101104
2459282.5,-146522955.3932962,28287344.63490454,12282827.3840302,-6.524689791639424,-26.88588797965094,-11.65360918333674
2459292.5,-149934723.2783125,4756845.403460771,2082594.00072712,-1.360299869393025,-27.43750518495818,-11.89478763819393
2459302.5,-148885509.5515283,-18882129.41529565,-8164984.82548133,3.767336406116713,-27.15103929749062,-11.76888990995706
2459312.5,-143466443.839616,-41943836.8670537,-18161028.99407882,8.749103447694182,-26.1026962331014,-11.31482423970872
2459322.5,-133846657.7803753,-63758590.65498345,-27617987.79399389,13.45326850211247,-24.26734465111808,-10.52056124728235
2459332.5,-120356357.7178106,-83679924.72602734,-36253527.81310498,17.68831412675375,-21.74692335507099,-9.425676668257097
2459342.5,-103425438.3923814,-101171465.1971393,-43835196.7975694,21.41290206124863,-18.64375864949847,-8.082178376693072
2459352.5,-83540487.47272488,-115736989.1268795,-50149885.45565985,24.49619805202661,-14.99321001035502,-6.499863362190332
2459362.5,-61313592.2534815,-126971054.9839851,-55019046.58574474,26.8327205354736,-10.96308174240071,-4.750903403607869
2459372.5,-37379918.33785715,-134597764.831042,-58324841.22600987,28.44025765123524,-6.644740752380574,-2.881207336259007
2459382.5,-12409933.93742108,-138395158.4338579,-59971501.21673478,29.2155593799358,-2.128403088251673,-0.9223135111944942
2459392.5,12862487.40350264,-138274428.8922094,-59918110.88802829,29.15653256838381,2.399889845574436,1.041386913656237
2459402.5,37749089.31943827,-134260777.5172129,-58178362.97101672,28.31410956028961,6.876428281087441,2.979989579742135
2459412.5,61547428.76532718,-126444052.172021,-54789961.05458155,26.63800272444516,11.17041589678119,4.843414667911238
2459422.5,83567507.24319361,-115059751.1810575,-49853891.50435333,24.22429090640273,15.12224376357246,6.555720647569777
2459432.5,103212630.4783093,-100419930.3754109,-43508073.32059406,21.13543032970022,18.69359880818103,8.10294619403791
2459442.5,119899721.8410472,-82909107.80971183,-35916769.55343258,17.39517368392468,21.73832614388895,9.424978266081336
2459452.5,133135608.596501,-63037007.16346813,-27301619.82046862,13.17399230914246,24.16086932183753,10.47324798608102
2459462.5,142544053.4479434,-41342568.81656315,-17897692.19758336,8.539132284772561,25.94099580329745,11.24530555035289
2459472.5,147800540.5153617,-18433421.60798196,-7965743.980578342,3.597341511140729,26.95411829313291,11.68586623674375
2459482.5,148733710.8797298,5012147.955565462,2197987.988710288,-1.447287502652985,27.19448471890965,11.78793113215593
2459492.5,145289916.261643,28336606.67837164,12308793.44115675,-6.520493561341524,26.66151030515726,11.55847825899475
2459502.5,137507512.9505773,50840286.74327291,22065199.20148445,-11.44700874743462,25.29546358930399,10.9662487504304
2459512.5,125606354.3094145,71835472.83502702,31166255.69531498,-16.04274015260432,23.18728149085067,10.05084797672654
2459522.5,109901304.0882153,90703170.92637232,39345563.15741499,-20.23176059455933,20.36770300618923,8.830834906368496
2459532.5,90821630.1847411,106834018.9080524,46339235.59100854,-23.81599667243311,16.87593080701465,7.315675525202842
2459542.5,68952214.89718534,119721651.3083106,51925479.48263014,-26.68795408550597,12.88024456092277,5.583192551964732
2459552.5,44924294.06620593,128965370.0954881,55933356.31405746,-28.79236113639418,8.44941329576136,3.664517857311688
2459562.5,19467649.19601573,134235946.6413216,58218711.16817886,-29.97742725721943,3.723971731670142,1.613780096970599
2459572.5,-6615849.298947178,135373391.6110521,58711368.83484766,-30.25293162363273,-1.099443364869262,-0.4762780852644553
2459582.5,-32546742.91609676,132333101.5147111,57394528.89005981,-29.6112067150299,-5.928818665126396,-2.568777752027727
2459592.5,-57503472.09493531,125185462.2220564,54296116.14951677,-28.00904051393618,-10.5645965828194,-4.580455180412732
2459602.5,-80707887.23462851,114179405.7881675,49524984.50688902,-25.57422696267567,-14.8485354314817,-6.435700761382782
2459612.5,-101469804.1043763,99650054.9733243,43227732.78436217,-22.35352735988631,-18.69815900238573,-8.105000731436206
2459622.5,-119130992.5530035,82050882.60967992,35598236.08076826,-18.43167781050335,-21.92657607234057,-9.505623514451692
2459632.5,-133176466.3966174,61958900.90456408,26888901.19117259,-14.00700161688181,-24.46836123628482,-10.60538650530503
2459642.5,-143211613.0474021,39978416.94336383,17361270.97293175,-9.159229949966118,-26.27759232607055,-11.39149595822041
2459652.5,-148933935.9113318,16796733.82438676,7311606.072094298,-4.06770339718111,-27.24397485232921,-11.81021703856167
2459662.5,-150228710.2265819,-6868818.434083898,-2946436.058594568,1.071732580469266,-27.40904429074681,-11.88025862630796
2459672.5,-147088803.2811674,-30334048.25873036,-13118294.69901497,6.176526215071847,-26.76701685690806,-11.60424198549098
2459682.5,-139628099.9072726,-52886726.75606223,-22895187.66571504,11.03591050190242,-25.31269886674839,-10.97239182389567
2459692.5,-128129195.6267665,-73876866.17544062,-31993284.72984268,15.51801926726535,-23.16694005127428,-10.04197741156673
2459702.5,-112939017.9451293,-92724692.60615891,-40164111.57423136,19.55319972486582,-20.3521572998333,-8.823582524151705
2459712.5,-94523820.07157244,-108878551.4960631,-47166811.14680405,22.9611368679982,-16.95977817452376,-7.350876261813426
2459722.5,-73454856.11513907,-121911351.8514469,-52815616.50112797,25.70144306039045,-13.14185759614215,-5.697042462137474
2459732.5,-50319760.75008069,-131474349.0669696,-56961870.84624286,27.71763351068645,-8.940114889422162,-3.876238358830169
2459742.5,-25799886.49924955,-137294662.2516239,-59484590.00448163,28.90291101558713,-4.511429644506289,-1.954340098123802
2459752.5,-599756.8075598705,-139246965.1338292,-60330519.16906732,29.30275663463847,0.006282480234744361,0.001888501331080844
2459762.5,24595176.62719255,-137273924.1617252,-59475968.4565011,28.87402717848978,4.551111374844508,1.972737307357831
2459772.5,49050887.18532327,-131428225.0651093,-56941169.91365086,27.6053161057757,8.94049595359887,3.876726671211788
2459782.5,72089185.7515098,-121896998.418367,-52809613.85966071,25.60189684960804,13.08078958539564,5.669324728727236
2459792.5,93072043.62353395,-108919879.0046797,-47184535.21812104,22.84586362391428,16.88779918272731,7.321344378310418
2459802.5,111374060.7343474,-92860583.09244929,-40222083.7006959,19.42505950385271,20.19508372059671,8.754813691238736
2459812.5,126488121.6680515,-74175449.6197186,-32122793.78325754,15.47167760100019,22.96565358761409,9.954541830659748
2459822.5,137961869.0358163,-53358460.4976012,-23098652.48136892,11.0138058571665,25.10325964047957,10.88327780667068
2459832.5,145424628.6069318,-31013124.20146492,-13411441.55629602,6.224277006633587,26.49925716404215,11.4868271881577
2459842.5,148659877.2557384,-7773089.038336412,-3337765.208852348,1.232851450130161,27.17245507745766,11.7787249741092
2459852.5,147520402.0619656,15708889.11282263,6842172.695828106,-3.872927841529505,27.04280911152226,11.72423083084365
2459862.5,142000518.7184205,38719575.95709093,16817371.43754761,-8.8720073775855,26.09597565891463,11.31148690398558
2459872.5,132248863.9567809,60588853.88661185,26297030.65145036,-13.66040885718138,24.39971310739787,10.5775065311043
2459882.5,118493573.4013046,80657337.10204013,34997591.25284556,-18.10268796255256,21.92719722300443,9.506281085915385
2459892.5,101130492.1443462,98283894.41603337,42638332.60561801,-21.99088154263677,18.77661424506188,8.1385419660759
2459902.5,80667343.9933769,112938956.7568752,48991121.99491391,-25.26824202142162,15.05336944983574,6.526624968906796
2459912.5,57682990.35133754,124143665.6197153,53849307.69894703,-27.79298020411351,10.80849935434916,4.685656766752698
2459922.5,32895313.19369316,131523521.9512203,57047877.15614697,-29.44342183275386,6.234368192992911,2.701943578854274
2459932.5,7052352.12337736,134856322.0282359,58493070.59340903,-30.22895662882004,1.451778835963181,0.6308161735766661
2459942.5,-19063468.59877532,134004367.2070016,58124431.11765103,-30.05650267492342,-3.418279151399723,-1.482298292752519
2459952.5,-44614206.86719289,128992100.2893616,55951094.72132231,-28.9428467876609,-8.150699835919104,-3.533245326623057
2459962.5,-68829392.50086975,119987856.7473829,52048680.63442878,-26.96663021964141,-12.64523288716297,-5.480266408324227
2459972.5,-90959075.92666458,107251126.3649615,46527509.563789,-24.12079675606712,-16.75206091707973,-7.262813244799273
2459982.5,-110305503.1275047,91204531.17994918,39571132.71644981,-20.55794399165174,-20.29525449261267,-8.797149852627019
2459992.5,-126312686.7727202,72355182.35707723,31401066.38350531,-16.39981214066033,-23.23001438660566,-10.06935956404237
2460002.5,-138491882.1357331,51275763.57481965,22262845.44455731,-11.72538271023454,-25.42849416051637,-11.02395944935155
2460012.5,-146493548.5643086,28646396.16350705,12453297.03744161,-6.763023525217883,-26.82426257811973,-11.62694553347703
2460022.5,-150129922.3968392,5146938.875154316,2267209.539267855,-1.631065092301155,-27.43841571611643,-11.89461699422098
2460032.5,-149300161.2737021,-18518959.90510085,-7992556.569654196,3.534137748133179,-27.20030733499102,-11.79164428983875
2460042.5,-144078923.3624326,-41625710.60038565,-18008644.52998558,8.511539666750485,-26.16385891457451,-11.34057318048125
2460052.5,-134667271.2618789,-63521370.61122282,-27500026.11120522,13.22467710023394,-24.39608567488625,-10.5765742432003
2460062.5,-121348317.9885095,-83568455.60021207,-36191052.77597421,17.51693550648003,-21.89707204022872,-9.49216280557574
2460072.5,-104563492.9665543,-101190573.0186465,-43829357.47497585,21.23972138086542,-18.80841798766354,-8.152447468937131
2460082.5,-84814254.07333902,-115923483.1721009,-50216356.77374882,24.36896025471504,-15.21008183177786,-6.59480202638035
2460092.5,-62667920.15955893,-127345025.4527509,-55167967.99910146,26.76306964837493,-11.17131033695522,-4.842070355899126
2460102.5,-38794113.16488744,-135153503.1015857,-58552178.04315886,28.37500032914073,-6.87081578245907,-2.978392670252062
2460112.5,-13853994.62494081,-139160904.4622229,-60290199.78543174,29.21903312670388,-2.377330378352825,-1.03165279862657
2460122.5,11445762.52838735,-139242113.2957175,-60325400.02433154,29.20144199118377,2.183239352928922,0.9473738385629434
2460132.5,36372710.98511101,-135419494.3403672,-58667959.31181204,28.37494000104197,6.642502804475131,2.878658652867216
2460142.5,60255144.2903659,-127804921.4694012,-55368050.70590912,26.7716764362457,10.94882887682643,4.745750175710707
2460152.5,82403562.69976306,-116590241.701125,-50506138.85979984,24.373926326407,14.944424914791,6.479219982461593
2460162.5,102183630.3404582,-102107766.6099276,-44228270.34928834,21.31347077602581,18.50751966993618,8.021514673177967
2460172.5,119052529.4518082,-84742753.78055896,-36701388.11571901,17.63069413835674,21.5975823510397,9.362603148041863
2460182.5,132490317.6395448,-64968530.49225009,-28128776.05903518,13.39932995625753,24.06212541949286,10.43117176006319
2460192.5,142103098.9569973,-43359142.60325324,-18761987.34403592,8.798461748779292,25.8509241618831,11.20481844801838
2460202.5,147600155.724325,-20501052.3496829,-8853436.483446814,3.881531485995108,26.93175940645779,11.67551209130806
2460212.5,148764432.8663791,2943778.136667902,1310284.750051635,-1.192853349737779,27.20176785798777,11.79142669288836
2460222.5,145550194.2163935,26281233.69748452,11425921.22548921,-6.239218077450225,26.69601797145027,11.57168633452768
2460232.5,138009813.7589939,48846601.91237864,21208137.288229,-11.18397986546261,25.40137890491835,11.01242195866731
2460242.5,126314006.1619921,69941857.6077723,30353024.32016322,-15.81863784376968,23.30501924632054,10.10155702293982
2460252.5,110807140.2637827,88923306.00431362,38580493.95521859,-20.00012147859354,20.52451318251959,8.897172250573368
2460262.5,91907388.53432831,105217027.247755,45644432.67667653,-23.64341321626893,17.08507217207847,7.407253337015553
2460272.5,70164841.89526592,118282470.2688234,51308014.66552416,-26.55267356850497,13.08299132679999,5.670158674228023
2460282.5,46250174.39537078,127714466.7870559,55396315.32954985,-28.67429971337911,8.690565299584371,3.768000854171811
2460292.5,20861078.17972536,133206581.9599003,57777987.75737015,-29.94182491225559,3.979672079070097,1.72560483524606
2460302.5,-5207742.488290691,134552724.9193264,58360969.38972603,-30.24400331470477,-0.864691329660012,-0.3757475158732638
2460312.5,-31142038.59350717,131724788.7475425,57135261.39133545,-29.64070156155019,-5.669277904710322,-2.456395878785569
2460322.5,-56161756.17142604,124794977.4647477,54131920.13983035,-28.11670047337684,-10.33413306475058,-4.480120913737532
2460332.5,-79465187.56204039,113971108.6855885,49439164.60573632,-25.6919830414964,-14.64665188665809,-6.349463482748032
2460342.5,-100344286.8355022,99619141.9662605,43218368.057458,-22.52015297015354,-18.49386895209463,-8.015703096422898
2460352.5,-118176949.9739467,82172369.98767442,35655514.56215328,-18.64560499110592,-21.78459177712319,-9.444474036502708
2460362.5,-132402733.5579478,62186762.87973056,26991379.56136596,-14.21342978419535,-24.35381478211144,-10.55673688299341
2460372.5,-142632270.7596653,40300463.95157357,17504732.68184047,-9.411086751920246,-26.18525371555423,-11.3502876183539
2460382.5,-148580601.0513308,17165332.32995212,7475430.405400135,-4.322006025667563,-27.22510449984179,-11.80310205065867
2460392.5,-150082594.9202713,-6495008.209277022,-2781305.770795045,0.8377578524743338,-27.40837544190123,-11.88036767169768
2460402.5,-147157449.8148323,-29971959.46933236,-12957615.85394238,5.91429726933595,-26.8085918627735,-11.62130829144758
2460412.5,-139910843.9587925,-52591620.24282824,-22763914.01361464,10.81352033624285,-25.4151974047481,-11.01822392619662
2460422.5,-128588208.0654939,-73673513.85069518,-31902513.89687631,15.31981574915528,-23.27461416123348,-10.0882839362878
2460432.5,-113574122.692456,-92632196.29500316,-40120642.91393084,19.35428959666039,-20.51145698908632,-8.892448632516404
2460442.5,-95302882.3596861,-108943157.6322613,-47192300.66743106,22.82891070815458,-17.15066262254317,-7.43502271362146
2460452.5,-74334345.87769628,-122136255.2874069,-52910906.33917847,25.58838809370516,-13.32709005259837,-5.776404586082488
2460462.5,-51290642.19978718,-131878265.1272556,-57134312.04234418,27.6348045214627,-9.171468214307765,-3.977241213385325
2460472.5,-26808486.48543613,-137901746.7671689,-59746211.18032382,28.89267475551996,-4.738790262755336,-2.053973838934643
2460482.5,-1609644.907489064,-140041050.5562515,-60673067.01544242,29.30256069083073,-0.21083887264042,-0.09128267655224599
2460492.5,23602859.19569277,-138269618.958835,-59906061.17466351,28.92876703298807,4.308361055299962,1.866159642191671
2460502.5,48136045.84965393,-132621206.1053084,-57457841.90734119,27.71868906015141,8.73368317112109,3.786629007688119
2460512.5,71272721.7231137,-123258863.8317614,-53399078.58467287,25.71838861201535,12.88305200111107,5.583955087746845
2460522.5,92381409.18242152,-110455897.1916637,-47850274.79461063,23.02703897159557,16.69484872500525,7.236146497643969
2460532.5,110858923.4905043,-94539061.3082974,-40950303.95482497,19.63601020476676,20.05904487535247,8.696151354750002
2460542.5,126151088.9429206,-75964494.00803775,-32898566.87453455,15.68433271287155,22.83633081781073,9.897899501804748
2460552.5,137833450.0544108,-55249023.74754485,-23919637.24663449,11.2814598289225,25.01040639884035,10.84165738551414
2460562.5,145530164.3399121,-32954156.69572604,-14254522.41197382,6.485257349517075,26.46851620414971,11.47432840570546
2460572.5,148985673.2425412,-9736913.948610082,-4190710.803699132,1.497088846613081,27.14942944192974,11.76736525669838
2460582.5,148090328.7930218,13746966.71755634,5988764.879807336,-3.581603648297567,27.07942006419333,11.73925653553894
2460592.5,142807048.923866,36816261.12077636,15989648.5415637,-8.621980824989464,26.18222228322977,11.34967301529653
2460602.5,133266948.4217063,58762042.43571455,25501974.46313044,-13.40830383006313,24.49789692596274,10.61835527573871
2460612.5,119730164.214388,78942343.54029685,34249981.54986268,-17.86253746399306,22.09128422618147,9.577331486931273
2460622.5,102545526.1442024,96726189.04375093,41959453.44525678,-21.81418360784451,18.96275025066727,8.21945182423652
2460632.5,82231117.11762024,111543416.9365823,48381617.51427333,-25.09596401990009,15.25430693813418,6.612175618819196
2460642.5,59380117.02839962,122945473.4866017,53324839.4785381,-27.67089336694204,11.06079395305738,4.795685302396343
2460652.5,34664393.15062816,130541865.0804932,56617723.73772504,-29.38620304187216,6.474513966575214,2.805455637234318
2460662.5,8866612.97018481,134082766.1609498,58152043.83223745,-30.18509659776395,1.70427310902041,0.7392321042041632
2460672.5,-17238875.07450097,133461910.2588494,57883670.91669235,-30.08709921583926,-3.146526964356865,-1.363493246728128
2460682.5,-42842435.50471026,128666803.2083146,55804496.58436611,-29.018435354286,-7.91960769751567,-3.43427087219525
2460692.5,-67127666.41705307,119861295.6352575,51987306.06509379,-27.06210836242463,-12.40944169346577,-5.378353929239885
2460702.5,-89371623.69550557,107325985.2037651,46554010.05056248,-24.29199331006416,-16.53661925410155,-7.168689120912652
2460712.5,-108876632.1516431,91438594.93533851,39666136.72671116,-20.7415106050053,-20.13347643216554,-8.728379447872129
2460722.5,-125046767.2661996,72726108.39889719,31554883.48334487,-16.60470820920962,-23.07334738168213,-10.00093292672682
2460732.5,-137429414.9857012,51764418.13228662,22468421.44414647,-11.98299836810527,-25.32628205527866,-10.97966486399258
2460742.5,-145646499.9164125,29196796.23380874,12684743.01995419,-7.000234163445129,-26.77063304430721,-11.60477437571192
2460752.5,-149490826.4902712,5739272.76367455,2516869.766617923,-1.886185277241903,-27.39902321096475,-11.87637886588895
2460762.5,-148893847.6467161,-17920789.15307729,-7739839.496406731,3.26660447049955,-27.2325935863193,-11.80644838758462
2460772.5,-143883120.8503269,-41073360.97567724,-17776750.85829812,8.28687964139828,-26.22585127489967,-11.36796121365258
2460782.5,-134667158.4818982,-63027753.34593128,-27293048.1827795,12.98921494967528,-24.47955794655978,-10.61147883790602
2460792.5,-121545346.2258221,-83177067.69292289,-36028375.76882593,17.31325667217743,-22.04663597739368,-9.558315144718563
2460802.5,-104910394.2253595,-100933557.8153708,-43725700.92397204,21.08583191628071,-18.96272381248433,-8.219242495960607
2460812.5,-85294400.84914488,-115805713.5813377,-50172308.12361074,24.21505166691593,-15.39040354392418,-6.67228316629062
2460822.5,-63257639.99646821,-127405424.7408818,-55201747.35583907,26.67435174601185,-11.39165489323073,-4.93894893454513
2460832.5,-39436865.63310419,-135397041.7142098,-58665748.29690047,28.32795103132492,-7.07313696917516,-3.065450229084394
2460842.5,-14535233.47488447,-139586214.7083531,-60481988.37899212,29.18664746668805,-2.605606052079064,-1.130932978570605
2460852.5,10769743.02479144,-139872176.1891194,-60606951.51559421,29.24684532717551,1.952056290872331,0.846146826665482
2460862.5,35751244.46079806,-136233104.4994164,-59029042.34332807,28.44354764888314,6.443716498620353,2.793403382636002
2460872.5,59699780.97275067,-128797092.3992475,-55806481.8357965,26.87122774283987,10.73193984782412,4.6504741777116
2460882.5,81966850.78770083,-117760260.8407104,-51022733.59871584,24.54099109779677,14.76112923396654,6.399310619345624
2460892.5,101895142.1579108,-103416052.4405396,-44804403.89822838,21.48192745830569,18.35990769933353,7.958218585569987
2460902.5,118921940.0143108,-86181898.24475546,-37334831.3696685,17.8415764825485,21.44900771788727,9.296541746354864
2460912.5,132564240.420423,-66512522.95319153,-28808440.4919494,13.64897762669466,23.97334872136743,10.39290108826073
2460922.5,142384967.5770491,-44961511.34766294,-19466392.1448122,9.031082939812551,25.79123853405199,11.17895213087937
2460932.5,148098151.1748839,-22151045.48728818,-9579551.301746758,4.155397259118178,26.89410616972863,11.65773378100947
2460942.5,149504702.632718,1291984.370004584,583102.42311424,-0.9195970496645152,27.23388370833658,11.80611510742739
2460952.5,146510286.645157,24668863.22010093,10716213.69572515,-5.993598823152758,26.74479668787671,11.5919497879136
2460962.5,139194078.5940969,47288915.74440442,20520902.53702526,-10.91451195132532,25.49247612813205,11.05101374921194
2460972.5,127718152.8673011,68492350.26427734,29712878.61323651,-15.59032339210223,23.45656431831318,10.16821842615178
2460982.5,112389208.775334,87607149.11995769,37998081.57965522,-19.80145355992381,20.67889963138268,8.962605728666837
2460992.5,93663505.78028142,104052355.0239572,45126676.5197586,-23.45053253518832,17.28975678725672,7.495792253602857
2461002.5,72058737.09356213,117314117.7977254,50875891.12369646,-26.43149785783501,13.31998182512895,5.773538722524203
2461012.5,48232206.80932792,126944386.3390224,55049549.88406929,-28.57787019367336,8.91847495880521,3.865285872334461
2461022.5,22916542.30041735,132650440.4234412,57523466.59205317,-29.88217681684257,4.248381475383949,1.842598938737757
2461032.5,-3137634.955086832,134231225.9516653,58208749.20637667,-30.26505197892763,-0.6039839811513071,-0.2628448239193142
2461042.5,-29099457.59122592,131616123.1182487,57074383.27683847,-29.67706696072455,-5.425696672676648,-2.351789574697513
2461052.5,-54169820.8492713,124906086.1096711,54166435.64131792,-28.20990464407884,-10.07399740138366,-4.366329695789292
2461062.5,-77586677.78430882,114290532.1352696,49564299.0303144,-25.84760444754029,-14.43337146589874,-6.257939349656663
2461072.5,-98600752.828018,100109071.240885,43416508.02342112,-22.6798688961553,-18.30055314707682,-7.932113882880971
2461082.5,-116593438.5800477,82827803.67677459,35926042.64587609,-18.86432358435742,-21.60477919540486,-9.365418590392283
2461092.5,-131025548.8866443,62967424.11420498,27316018.46392304,-14.45495213386247,-24.24322015247819,-10.51017381383134
2461102.5,-141457183.447572,41165903.08836583,17865545.36277295,-9.646972544633782,-26.09214087937185,-11.3094156988924
2461112.5,-147627707.1488003,18099622.93615111,7866979.873873097,-4.601532165300001,-27.17169649223302,-11.77932007146913
2461122.5,-149367337.1533522,-5547855.475039324,-2384837.831104431,0.5806379868467644,-27.42211486116819,-11.88756886933166
2461132.5,-146654416.6854087,-29042188.19223964,-12568763.6426864,5.668406792544267,-26.83388601720479,-11.63126048488395
2461142.5,-139630317.2628798,-51702420.59948908,-22391882.0782431,10.55197558142963,-25.49566203924961,-11.05333317204005
2461152.5,-128510951.3847265,-72879148.90720773,-31572491.26720022,15.11467306589751,-23.39877730846473,-10.14277268278819
2461162.5,-113664440.2756661,-91945424.47584832,-39836871.39636123,19.16128298174635,-20.64082371002896,-8.947345198434904
2461172.5,-95558489.24356124,-108389810.5535684,-46966064.72676343,22.65402948073215,-17.33597313382058,-7.516387420310396
2461182.5,-74708157.08833237,-121753003.0621859,-52759200.23638786,25.48302990986956,-13.52201132302532,-5.860861906257388
2461192.5,-51748465.14352972,-131660006.0535139,-57053450.58614577,27.53949832562656,-9.367369806187059,-4.061277476530587
2461202.5,-27334342.80818217,-137871751.673778,-59747286.67261158,28.84665735899406,-4.97530089705771,-2.157872791452015
2461212.5,-2143055.173225712,-140208496.6226863,-60760140.27573612,29.31787891618774,-0.4241313710596261,-0.1831200309709049
2461222.5,23085989.04481267,-138616333.5425584,-60070163.04012801,28.952190298865,4.095430663120522,1.773973142248813
2461232.5,47664316.48831159,-133161888.0342946,-57706875.46803752,27.81027782729781,8.509179958102633,3.688201698454171
2461242.5,70902585.60383545,-123973423.8553994,-53723397.09209476,25.8476160102492,12.70476522148214,5.507648434391297
2461252.5,92123136.26587659,-111320099.4895226,-48239086.55286819,23.16529284573137,16.51718863304648,7.158300008531395
2461262.5,110748920.4410604,-95552969.99555263,-41405046.41472758,19.84126894509733,19.90490401958811,8.628890624278482
2461272.5,126226238.1029978,-77084905.68588923,-33398963.52632331,15.89610456988693,22.73743388131834,9.856039270520869
2461282.5,138090856.4104494,-56452167.3886814,-24456050.98237679,11.50582993014805,24.91474368827381,10.79869241370681
2461292.5,146004699.362167,-34221779.28332166,-14819712.7703972,6.753962405187999,26.42647256461699,11.45636078418046
2461302.5,149684653.6597926,-11014683.06470156,-4759581.855661291,1.741566563807034,27.15713262313411,11.77130982464934
2461312.5,149000886.9236216,12477840.93491375,5422941.240385399,-3.322499889860743,27.0974603666996,11.74553072445428
2461322.5,143950413.5362602,35590581.03189469,15442299.5538498,-8.356760684022957,26.26883158746656,11.38795126296729
2461332.5,134618393.4330859,57630330.06495299,24995969.24128523,-13.19085190153778,24.61605694744488,10.66938152443657
2461342.5,121270581.3594171,77915884.52970226,33788575.16117159,-17.6357016879215,22.22915653906237,9.636095955168802
2461352.5,104272179.5023853,95847524.86083864,41562267.28588784,-21.62370482624451,19.16317485686585,8.307250611601665
2461362.5,84093255.87323768,110844512.9947631,48062586.45037111,-24.96348918763297,15.45944241042568,6.700099616086071
2461372.5,61356167.51243882,122428689.8539531,53083831.73028812,-27.54291969848634,11.29075162715558,4.895267831789194
